ISO-10303-21;
HEADER;
FILE_DESCRIPTION (( 'STEP AP214' ),
    '1' );
FILE_NAME ('9HT12-32.768KBZC-T.STEP',
    '2020-12-01T01:08:52',
    ( '' ),
    ( '' ),
    'SwSTEP 2.0',
    'SolidWorks 2017',
    '' );
FILE_SCHEMA (( 'AUTOMOTIVE_DESIGN' ));
ENDSEC;

DATA;
#1 = DIRECTION ( 'NONE',  ( -0.0000000000000000000, -1.000000000000000000, -0.0000000000000000000 ) ) ;
#2 = EDGE_LOOP ( 'NONE', ( #36, #902, #1042, #668 ) ) ;
#3 = DIRECTION ( 'NONE',  ( -1.000000000000000000, 0.0000000000000000000, -0.0000000000000000000 ) ) ;
#4 = VECTOR ( 'NONE', #1040, 1000.000000000000000 ) ;
#5 = ORIENTED_EDGE ( 'NONE', *, *, #1515, .T. ) ;
#6 = AXIS2_PLACEMENT_3D ( 'NONE', #86, #963, #720 ) ;
#7 = LINE ( 'NONE', #1546, #125 ) ;
#8 = CARTESIAN_POINT ( 'NONE',  ( 0.7249999999999999800, 0.5000000000000000000, -0.3749999999999991700 ) ) ;
#9 = ORIENTED_EDGE ( 'NONE', *, *, #213, .F. ) ;
#10 = PRESENTATION_LAYER_ASSIGNMENT (  '', '', ( #1140 ) ) ;
#11 = SURFACE_SIDE_STYLE ('',( #1411 ) ) ;
#12 = CARTESIAN_POINT ( 'NONE',  ( -0.7249999999999999800, 0.4400000000000000000, 0.3749999999999992800 ) ) ;
#13 = ORIENTED_EDGE ( 'NONE', *, *, #894, .T. ) ;
#14 = EDGE_CURVE ( 'NONE', #1532, #358, #626, .T. ) ;
#15 = CARTESIAN_POINT ( 'NONE',  ( -0.8000000000000001600, 0.4500000000000000700, 0.5000000000000004400 ) ) ;
#16 = ORIENTED_EDGE ( 'NONE', *, *, #1570, .T. ) ;
#17 = LINE ( 'NONE', #23, #1392 ) ;
#18 = DIRECTION ( 'NONE',  ( 0.0000000000000000000, 0.0000000000000000000, 1.000000000000000000 ) ) ;
#19 = EDGE_CURVE ( 'NONE', #236, #222, #1234, .T. ) ;
#20 = VECTOR ( 'NONE', #124, 1000.000000000000000 ) ;
#21 = DIRECTION ( 'NONE',  ( -0.0000000000000000000, -1.000000000000000000, -0.0000000000000000000 ) ) ;
#22 = ORIENTED_EDGE ( 'NONE', *, *, #1063, .T. ) ;
#23 = CARTESIAN_POINT ( 'NONE',  ( 0.6749999999999996000, 2.680773631397160600, -0.4249999999999995400 ) ) ;
#24 = ORIENTED_EDGE ( 'NONE', *, *, #325, .T. ) ;
#25 = CARTESIAN_POINT ( 'NONE',  ( -0.7249999999999999800, 0.4500000000000000700, -0.3749999999999991700 ) ) ;
#26 = DIRECTION ( 'NONE',  ( 0.0000000000000000000, 0.0000000000000000000, -1.000000000000000000 ) ) ;
#27 = LINE ( 'NONE', #260, #1254 ) ;
#28 = CARTESIAN_POINT ( 'NONE',  ( 0.3300000000000001300, 0.1000000000000000100, -0.4299999999999999900 ) ) ;
#29 = VERTEX_POINT ( 'NONE', #556 ) ;
#30 = VECTOR ( 'NONE', #223, 1000.000000000000000 ) ;
#31 = DIRECTION ( 'NONE',  ( 1.000000000000000000, -0.0000000000000000000, 0.0000000000000000000 ) ) ;
#32 = VERTEX_POINT ( 'NONE', #689 ) ;
#33 = VECTOR ( 'NONE', #197, 1000.000000000000000 ) ;
#34 = ORIENTED_EDGE ( 'NONE', *, *, #978, .T. ) ;
#35 = DIRECTION ( 'NONE',  ( -1.000000000000000000, 0.0000000000000000000, -0.0000000000000000000 ) ) ;
#36 = ORIENTED_EDGE ( 'NONE', *, *, #53, .F. ) ;
#37 = DIRECTION ( 'NONE',  ( 1.000000000000000000, 0.0000000000000000000, 1.355252715606880800E-016 ) ) ;
#38 = ORIENTED_EDGE ( 'NONE', *, *, #1236, .T. ) ;
#39 = CARTESIAN_POINT ( 'NONE',  ( -0.7249999999999999800, 0.4500000000000000700, 0.3749999999999992800 ) ) ;
#40 = CARTESIAN_POINT ( 'NONE',  ( -0.7249999999999999800, 0.4400000000000000000, 0.3749999999999992800 ) ) ;
#41 = ORIENTED_EDGE ( 'NONE', *, *, #1576, .T. ) ;
#42 = CARTESIAN_POINT ( 'NONE',  ( -0.7300000000000000900, 0.1000000000000000500, 0.4299999999999999400 ) ) ;
#43 = LINE ( 'NONE', #1490, #765 ) ;
#44 = DIRECTION ( 'NONE',  ( -0.0000000000000000000, -1.000000000000000000, -0.0000000000000000000 ) ) ;
#45 = PLANE ( 'NONE',  #929 ) ;
#46 = AXIS2_PLACEMENT_3D ( 'NONE', #509, #1501, #244 ) ;
#47 = CARTESIAN_POINT ( 'NONE',  ( -0.7249999999999999800, 0.4500000000000000700, 0.3749999999999992800 ) ) ;
#48 = FACE_OUTER_BOUND ( 'NONE', #173, .T. ) ;
#49 = ORIENTED_EDGE ( 'NONE', *, *, #770, .T. ) ;
#50 = LINE ( 'NONE', #927, #1348 ) ;
#51 = ADVANCED_FACE ( 'NONE', ( #315 ), #1196, .T. ) ;
#52 = CARTESIAN_POINT ( 'NONE',  ( 0.7300000000000000900, 0.0000000000000000000, 0.4299999999999999400 ) ) ;
#53 = EDGE_CURVE ( 'NONE', #391, #1548, #1292, .T. ) ;
#54 = DIRECTION ( 'NONE',  ( -0.0000000000000000000, -1.000000000000000000, -0.0000000000000000000 ) ) ;
#55 = DIRECTION ( 'NONE',  ( -1.000000000000000000, 0.0000000000000000000, -0.0000000000000000000 ) ) ;
#56 = ORIENTED_EDGE ( 'NONE', *, *, #593, .T. ) ;
#57 = EDGE_CURVE ( 'NONE', #1060, #1257, #1573, .T. ) ;
#58 = CARTESIAN_POINT ( 'NONE',  ( -0.6749999999999999300, 0.4500000000000000700, -0.3749999999999995000 ) ) ;
#59 = DIRECTION ( 'NONE',  ( 0.0000000000000000000, 1.000000000000000000, 0.0000000000000000000 ) ) ;
#60 = EDGE_LOOP ( 'NONE', ( #952, #671, #666, #1044 ) ) ;
#61 = ORIENTED_EDGE ( 'NONE', *, *, #412, .F. ) ;
#62 = CARTESIAN_POINT ( 'NONE',  ( 0.6749999999999999300, 0.5000000000000000000, 0.3749999999999996100 ) ) ;
#63 = FACE_OUTER_BOUND ( 'NONE', #521, .T. ) ;
#64 = DIRECTION ( 'NONE',  ( 0.0000000000000000000, 1.000000000000000000, 0.0000000000000000000 ) ) ;
#65 = LINE ( 'NONE', #1141, #184 ) ;
#66 = DIRECTION ( 'NONE',  ( -0.0000000000000000000, -1.000000000000000000, -0.0000000000000000000 ) ) ;
#67 = ORIENTED_EDGE ( 'NONE', *, *, #1068, .T. ) ;
#68 = CARTESIAN_POINT ( 'NONE',  ( 0.7999999999999999300, 0.4500000000000000700, 0.5000000000000004400 ) ) ;
#69 = FACE_OUTER_BOUND ( 'NONE', #185, .T. ) ;
#70 = ORIENTED_EDGE ( 'NONE', *, *, #443, .T. ) ;
#71 = DIRECTION ( 'NONE',  ( 1.000000000000000000, 0.0000000000000000000, 0.0000000000000000000 ) ) ;
#72 = EDGE_CURVE ( 'NONE', #322, #1060, #1036, .T. ) ;
#73 = ORIENTED_EDGE ( 'NONE', *, *, #917, .T. ) ;
#74 = VECTOR ( 'NONE', #1444, 1000.000000000000000 ) ;
#75 = ORIENTED_EDGE ( 'NONE', *, *, #1599, .T. ) ;
#76 = CARTESIAN_POINT ( 'NONE',  ( 0.7249999999999999800, 0.4500000000000000700, -0.3749999999999991700 ) ) ;
#77 = DIRECTION ( 'NONE',  ( 0.0000000000000000000, 0.0000000000000000000, 1.000000000000000000 ) ) ;
#78 = UNCERTAINTY_MEASURE_WITH_UNIT (LENGTH_MEASURE( 1.000000000000000100E-005 ), #1289, 'distance_accuracy_value', 'NONE');
#79 = EDGE_CURVE ( 'NONE', #440, #1060, #1153, .T. ) ;
#80 = ORIENTED_EDGE ( 'NONE', *, *, #593, .F. ) ;
#81 = EDGE_LOOP ( 'NONE', ( #1505, #56, #1530, #1363 ) ) ;
#82 = LINE ( 'NONE', #638, #615 ) ;
#83 = CARTESIAN_POINT ( 'NONE',  ( 0.7249999999999999800, 0.4500000000000000700, 0.3749999999999992800 ) ) ;
#84 = EDGE_CURVE ( 'NONE', #358, #610, #956, .T. ) ;
#85 = PLANE ( 'NONE',  #552 ) ;
#86 = CARTESIAN_POINT ( 'NONE',  ( 0.6749999999999999300, 0.4400000000000000000, -0.3749999999999995000 ) ) ;
#87 = LINE ( 'NONE', #649, #1399 ) ;
#88 = PLANE ( 'NONE',  #742 ) ;
#89 = ORIENTED_EDGE ( 'NONE', *, *, #90, .F. ) ;
#90 = EDGE_CURVE ( 'NONE', #1405, #1402, #898, .T. ) ;
#91 = CARTESIAN_POINT ( 'NONE',  ( 0.7300000000000000900, 0.0000000000000000000, -0.4299999999999999400 ) ) ;
#92 = ORIENTED_EDGE ( 'NONE', *, *, #830, .T. ) ;
#93 = DIRECTION ( 'NONE',  ( -0.7071067811865473500, 0.0000000000000000000, -0.7071067811865477900 ) ) ;
#94 = ORIENTED_EDGE ( 'NONE', *, *, #1323, .F. ) ;
#95 = CARTESIAN_POINT ( 'NONE',  ( -0.6749999999999996000, 0.5000000000000000000, -0.4249999999999995400 ) ) ;
#96 = AXIS2_PLACEMENT_3D ( 'NONE', #1259, #1247, #485 ) ;
#97 = ORIENTED_EDGE ( 'NONE', *, *, #156, .T. ) ;
#98 = DIRECTION ( 'NONE',  ( 1.000000000000000000, 0.0000000000000000000, -0.0000000000000000000 ) ) ;
#99 = CARTESIAN_POINT ( 'NONE',  ( -0.8000000000000001600, 0.0000000000000000000, -0.4999999999999995600 ) ) ;
#100 = VECTOR ( 'NONE', #789, 1000.000000000000000 ) ;
#101 = CARTESIAN_POINT ( 'NONE',  ( 0.3300000000000001300, 0.0000000000000000000, 0.4299999999999999900 ) ) ;
#102 = VECTOR ( 'NONE', #983, 1000.000000000000000 ) ;
#103 = EDGE_CURVE ( 'NONE', #1457, #1524, #242, .T. ) ;
#104 = FACE_OUTER_BOUND ( 'NONE', #144, .T. ) ;
#105 = ORIENTED_EDGE ( 'NONE', *, *, #770, .F. ) ;
#106 = CARTESIAN_POINT ( 'NONE',  ( 0.7300000000000000900, 0.1000000000000000100, -0.4299999999999999400 ) ) ;
#107 = EDGE_CURVE ( 'NONE', #1577, #1216, #226, .T. ) ;
#108 = ORIENTED_EDGE ( 'NONE', *, *, #150, .T. ) ;
#109 = PLANE ( 'NONE',  #1428 ) ;
#110 = ORIENTED_EDGE ( 'NONE', *, *, #1117, .F. ) ;
#111 = DIRECTION ( 'NONE',  ( -1.000000000000000000, 0.0000000000000000000, -0.0000000000000000000 ) ) ;
#112 = ORIENTED_EDGE ( 'NONE', *, *, #417, .T. ) ;
#113 = ORIENTED_EDGE ( 'NONE', *, *, #1434, .F. ) ;
#114 = VECTOR ( 'NONE', #1269, 1000.000000000000000 ) ;
#115 = VERTEX_POINT ( 'NONE', #1119 ) ;
#116 = ORIENTED_EDGE ( 'NONE', *, *, #889, .F. ) ;
#117 = CARTESIAN_POINT ( 'NONE',  ( 0.6749999999999996000, 0.4500000000000000700, 0.4249999999999996600 ) ) ;
#118 = EDGE_LOOP ( 'NONE', ( #1575, #1189, #603, #416 ) ) ;
#119 = CARTESIAN_POINT ( 'NONE',  ( 0.0000000000000000000, 0.1000000000000000100, 0.0000000000000000000 ) ) ;
#120 = AXIS2_PLACEMENT_3D ( 'NONE', #1268, #1527, #1003 ) ;
#121 = VECTOR ( 'NONE', #558, 1000.000000000000000 ) ;
#122 = ORIENTED_EDGE ( 'NONE', *, *, #912, .T. ) ;
#123 = AXIS2_PLACEMENT_3D ( 'NONE', #697, #445, #581 ) ;
#124 = DIRECTION ( 'NONE',  ( -1.000000000000000000, 0.0000000000000000000, -1.355252715606880800E-016 ) ) ;
#125 = VECTOR ( 'NONE', #413, 1000.000000000000000 ) ;
#126 = DIRECTION ( 'NONE',  ( 1.000000000000000000, 0.0000000000000000000, 0.0000000000000000000 ) ) ;
#127 = CARTESIAN_POINT ( 'NONE',  ( -0.6749999999999996000, 0.4400000000000000000, 0.4249999999999996600 ) ) ;
#128 = ORIENTED_EDGE ( 'NONE', *, *, #1434, .T. ) ;
#129 = DIRECTION ( 'NONE',  ( -1.000000000000000000, -0.0000000000000000000, 0.0000000000000000000 ) ) ;
#130 = ADVANCED_FACE ( 'NONE', ( #303 ), #1212, .F. ) ;
#131 = ORIENTED_EDGE ( 'NONE', *, *, #1145, .T. ) ;
#132 = EDGE_CURVE ( 'NONE', #592, #1314, #1492, .T. ) ;
#133 = SURFACE_STYLE_USAGE ( .BOTH. , #11 ) ;
#134 = CARTESIAN_POINT ( 'NONE',  ( 0.3300000000000001300, 1.048472456110350000, -0.4299999999999999900 ) ) ;
#135 = FACE_BOUND ( 'NONE', #888, .T. ) ;
#136 = DIRECTION ( 'NONE',  ( 0.0000000000000000000, 0.0000000000000000000, 1.000000000000000000 ) ) ;
#137 = LINE ( 'NONE', #1383, #1223 ) ;
#138 = ORIENTED_EDGE ( 'NONE', *, *, #379, .T. ) ;
#139 = ORIENTED_EDGE ( 'NONE', *, *, #491, .F. ) ;
#140 = ORIENTED_EDGE ( 'NONE', *, *, #190, .T. ) ;
#141 = DIRECTION ( 'NONE',  ( -0.0000000000000000000, -1.000000000000000000, -0.0000000000000000000 ) ) ;
#142 = CYLINDRICAL_SURFACE ( 'NONE', #462, 0.05000000000000002400 ) ;
#143 = CARTESIAN_POINT ( 'NONE',  ( 0.3300000000000001300, 0.1000000000000000100, 0.4299999999999999900 ) ) ;
#144 = EDGE_LOOP ( 'NONE', ( #921, #813, #548, #1620 ) ) ;
#145 = FACE_OUTER_BOUND ( 'NONE', #922, .T. ) ;
#146 = EDGE_LOOP ( 'NONE', ( #1585, #1450, #878, #80 ) ) ;
#147 = DIRECTION ( 'NONE',  ( 0.0000000000000000000, 0.0000000000000000000, 1.000000000000000000 ) ) ;
#148 = ORIENTED_EDGE ( 'NONE', *, *, #176, .T. ) ;
#149 = CARTESIAN_POINT ( 'NONE',  ( -0.5300000000000001400, -0.0000000000000000000, -0.4299999999999999400 ) ) ;
#150 = EDGE_CURVE ( 'NONE', #29, #1489, #1606, .T. ) ;
#151 = ADVANCED_FACE ( 'NONE', ( #941 ), #1393, .F. ) ;
#152 = DIRECTION ( 'NONE',  ( -1.000000000000000000, 0.0000000000000000000, -0.0000000000000000000 ) ) ;
#153 = VERTEX_POINT ( 'NONE', #95 ) ;
#154 = DIRECTION ( 'NONE',  ( 0.0000000000000000000, 0.0000000000000000000, -1.000000000000000000 ) ) ;
#155 = CARTESIAN_POINT ( 'NONE',  ( 0.7999999999999999300, 0.0000000000000000000, 0.5000000000000004400 ) ) ;
#156 = EDGE_CURVE ( 'NONE', #1413, #229, #705, .T. ) ;
#157 = CARTESIAN_POINT ( 'NONE',  ( -0.7300000000000000900, 0.1000000000000000100, -0.4299999999999999400 ) ) ;
#158 = VECTOR ( 'NONE', #1277, 1000.000000000000000 ) ;
#159 = PRESENTATION_LAYER_ASSIGNMENT (  '', '', ( #1089 ) ) ;
#160 = DIRECTION ( 'NONE',  ( 0.0000000000000000000, 0.0000000000000000000, -1.000000000000000000 ) ) ;
#161 = CARTESIAN_POINT ( 'NONE',  ( 0.6749999999999999300, 0.5000000000000000000, -0.3749999999999995000 ) ) ;
#162 = ADVANCED_FACE ( 'NONE', ( #992 ), #1132, .T. ) ;
#163 = FACE_OUTER_BOUND ( 'NONE', #904, .T. ) ;
#164 = VERTEX_POINT ( 'NONE', #249 ) ;
#165 = VECTOR ( 'NONE', #126, 1000.000000000000000 ) ;
#166 = CARTESIAN_POINT ( 'NONE',  ( 0.6749999999999996000, 0.5000000000000000000, 0.4249999999999996600 ) ) ;
#167 = CARTESIAN_POINT ( 'NONE',  ( 0.7999999999999999300, 0.4500000000000000700, 0.5000000000000004400 ) ) ;
#168 = EDGE_CURVE ( 'NONE', #298, #1354, #27, .T. ) ;
#169 = VECTOR ( 'NONE', #1004, 1000.000000000000000 ) ;
#170 = LINE ( 'NONE', #1586, #1368 ) ;
#171 = ADVANCED_FACE ( 'NONE', ( #1409 ), #142, .T. ) ;
#172 = DIRECTION ( 'NONE',  ( -1.000000000000000000, 0.0000000000000000000, -1.355252715606880800E-016 ) ) ;
#173 = EDGE_LOOP ( 'NONE', ( #5, #446, #128, #587, #1551 ) ) ;
#174 = CARTESIAN_POINT ( 'NONE',  ( 0.3300000000000001300, 0.0000000000000000000, 0.4299999999999999900 ) ) ;
#175 = CARTESIAN_POINT ( 'NONE',  ( -0.6749999999999999300, 0.4500000000000000700, 0.3749999999999996100 ) ) ;
#176 = EDGE_CURVE ( 'NONE', #153, #843, #357, .T. ) ;
#177 = VECTOR ( 'NONE', #871, 1000.000000000000000 ) ;
#178 = CARTESIAN_POINT ( 'NONE',  ( 0.7300000000000000900, 0.0000000000000000000, -0.4299999999999999400 ) ) ;
#179 = LINE ( 'NONE', #932, #730 ) ;
#180 = PRODUCT_RELATED_PRODUCT_CATEGORY ( 'part', '', ( #791 ) ) ;
#181 = LINE ( 'NONE', #106, #1396 ) ;
#182 = DIRECTION ( 'NONE',  ( 0.0000000000000000000, -0.0000000000000000000, -1.000000000000000000 ) ) ;
#183 = AXIS2_PLACEMENT_3D ( 'NONE', #224, #1451, #1077 ) ;
#184 = VECTOR ( 'NONE', #879, 1000.000000000000000 ) ;
#185 = EDGE_LOOP ( 'NONE', ( #1334, #1115, #258, #323 ) ) ;
#186 = DIRECTION ( 'NONE',  ( -0.0000000000000000000, -1.000000000000000000, -0.0000000000000000000 ) ) ;
#187 = EDGE_CURVE ( 'NONE', #1192, #193, #467, .T. ) ;
#188 = CARTESIAN_POINT ( 'NONE',  ( 0.0000000000000000000, 0.1000000000000000100, 0.0000000000000000000 ) ) ;
#189 = ORIENTED_EDGE ( 'NONE', *, *, #1236, .F. ) ;
#190 = EDGE_CURVE ( 'NONE', #910, #1076, #1604, .T. ) ;
#191 = ORIENTED_EDGE ( 'NONE', *, *, #254, .T. ) ;
#192 = ORIENTED_EDGE ( 'NONE', *, *, #438, .T. ) ;
#193 = VERTEX_POINT ( 'NONE', #1430 ) ;
#194 = CARTESIAN_POINT ( 'NONE',  ( 0.6749999999999996000, 0.4500000000000000700, -0.4249999999999995400 ) ) ;
#195 = CARTESIAN_POINT ( 'NONE',  ( 0.3300000000000001300, 0.1000000000000000500, 0.4299999999999999900 ) ) ;
#196 = LINE ( 'NONE', #727, #696 ) ;
#197 = DIRECTION ( 'NONE',  ( -0.0000000000000000000, -1.000000000000000000, -0.0000000000000000000 ) ) ;
#198 = CARTESIAN_POINT ( 'NONE',  ( -0.5300000000000001400, 0.1000000000000000100, -0.4299999999999999400 ) ) ;
#199 = AXIS2_PLACEMENT_3D ( 'NONE', #299, #1555, #292 ) ;
#200 = VECTOR ( 'NONE', #533, 1000.000000000000000 ) ;
#201 = ORIENTED_EDGE ( 'NONE', *, *, #1285, .T. ) ;
#202 = FACE_OUTER_BOUND ( 'NONE', #146, .T. ) ;
#203 = DIRECTION ( 'NONE',  ( -0.0000000000000000000, -1.000000000000000000, -0.0000000000000000000 ) ) ;
#204 = CARTESIAN_POINT ( 'NONE',  ( -0.5300000000000001400, -0.0000000000000000000, -0.4299999999999999400 ) ) ;
#205 = VECTOR ( 'NONE', #611, 1000.000000000000000 ) ;
#206 = EDGE_CURVE ( 'NONE', #1014, #322, #1469, .T. ) ;
#207 = VECTOR ( 'NONE', #599, 1000.000000000000000 ) ;
#208 = AXIS2_PLACEMENT_3D ( 'NONE', #1090, #1230, #98 ) ;
#209 = PLANE ( 'NONE',  #515 ) ;
#210 = CARTESIAN_POINT ( 'NONE',  ( -0.7249999999999999800, 0.4500000000000000700, -0.3749999999999991700 ) ) ;
#211 = ORIENTED_EDGE ( 'NONE', *, *, #1002, .F. ) ;
#212 = CARTESIAN_POINT ( 'NONE',  ( -0.6749999999999999300, 0.4400000000000000000, -0.3749999999999995000 ) ) ;
#213 = EDGE_CURVE ( 'NONE', #1436, #608, #1251, .T. ) ;
#214 = DIRECTION ( 'NONE',  ( -0.0000000000000000000, 0.0000000000000000000, 1.000000000000000000 ) ) ;
#215 = CARTESIAN_POINT ( 'NONE',  ( 0.7300000000000000900, 0.0000000000000000000, 0.4299999999999999400 ) ) ;
#216 = EDGE_CURVE ( 'NONE', #32, #1532, #259, .T. ) ;
#217 = CIRCLE ( 'NONE', #995, 0.05000000000000002400 ) ;
#218 = ORIENTED_EDGE ( 'NONE', *, *, #206, .F. ) ;
#219 = ADVANCED_FACE ( 'NONE', ( #706 ), #1286, .T. ) ;
#220 =( NAMED_UNIT ( * ) PLANE_ANGLE_UNIT ( ) SI_UNIT ( $, .RADIAN. ) );
#221 = CARTESIAN_POINT ( 'NONE',  ( 0.7300000000000000900, 0.1000000000000000100, 0.4299999999999999400 ) ) ;
#222 = VERTEX_POINT ( 'NONE', #787 ) ;
#223 = DIRECTION ( 'NONE',  ( -0.0000000000000000000, -1.000000000000000000, -0.0000000000000000000 ) ) ;
#224 = CARTESIAN_POINT ( 'NONE',  ( 0.3300000000000001300, 1.048472456110350000, -0.4299999999999999900 ) ) ;
#225 = VERTEX_POINT ( 'NONE', #408 ) ;
#226 = LINE ( 'NONE', #993, #1112 ) ;
#227 = ORIENTED_EDGE ( 'NONE', *, *, #665, .T. ) ;
#228 = DIRECTION ( 'NONE',  ( 1.000000000000000000, -0.0000000000000000000, 0.0000000000000000000 ) ) ;
#229 = VERTEX_POINT ( 'NONE', #1424 ) ;
#230 = ORIENTED_EDGE ( 'NONE', *, *, #974, .F. ) ;
#231 = CARTESIAN_POINT ( 'NONE',  ( 0.3300000000000001300, 0.1000000000000000100, -0.4299999999999999900 ) ) ;
#232 = ORIENTED_EDGE ( 'NONE', *, *, #526, .F. ) ;
#233 = LINE ( 'NONE', #174, #1326 ) ;
#234 = EDGE_CURVE ( 'NONE', #527, #29, #1011, .T. ) ;
#235 =( GEOMETRIC_REPRESENTATION_CONTEXT ( 3 ) GLOBAL_UNCERTAINTY_ASSIGNED_CONTEXT ( ( #1055 ) ) GLOBAL_UNIT_ASSIGNED_CONTEXT ( ( #1342, #220, #594 ) ) REPRESENTATION_CONTEXT ( 'NONE', 'WORKASPACE' ) );
#236 = VERTEX_POINT ( 'NONE', #47 ) ;
#237 = DIRECTION ( 'NONE',  ( 0.0000000000000000000, 1.000000000000000000, -0.0000000000000000000 ) ) ;
#238 = CARTESIAN_POINT ( 'NONE',  ( 0.7300000000000000900, 0.1000000000000000100, 0.4299999999999999400 ) ) ;
#239 = LINE ( 'NONE', #157, #1210 ) ;
#240 = DIRECTION ( 'NONE',  ( 0.0000000000000000000, 0.0000000000000000000, 1.000000000000000000 ) ) ;
#241 = ORIENTED_EDGE ( 'NONE', *, *, #491, .T. ) ;
#242 = CIRCLE ( 'NONE', #1086, 0.05000000000000002400 ) ;
#243 = DIRECTION ( 'NONE',  ( 0.0000000000000000000, 0.0000000000000000000, -1.000000000000000000 ) ) ;
#244 = DIRECTION ( 'NONE',  ( 0.0000000000000000000, 0.0000000000000000000, 1.000000000000000000 ) ) ;
#245 = VECTOR ( 'NONE', #1486, 1000.000000000000000 ) ;
#246 = ORIENTED_EDGE ( 'NONE', *, *, #216, .T. ) ;
#247 = AXIS2_PLACEMENT_3D ( 'NONE', #212, #715, #835 ) ;
#248 = PLANE ( 'NONE',  #444 ) ;
#249 = CARTESIAN_POINT ( 'NONE',  ( -0.8000000000000001600, 0.4400000000000000000, -0.4999999999999995600 ) ) ;
#250 = CARTESIAN_POINT ( 'NONE',  ( -0.3300000000000001300, 0.1000000000000000100, 0.4299999999999999900 ) ) ;
#251 = CARTESIAN_POINT ( 'NONE',  ( 0.7249999999999999800, 0.5000000000000000000, 0.3749999999999992800 ) ) ;
#252 = CARTESIAN_POINT ( 'NONE',  ( -0.7300000000000000900, 1.048472456110350000, -0.4299999999999999400 ) ) ;
#253 = CARTESIAN_POINT ( 'NONE',  ( 0.3300000000000001300, 1.048472456110350000, 0.4299999999999999900 ) ) ;
#254 = EDGE_CURVE ( 'NONE', #1257, #524, #441, .T. ) ;
#255 = VECTOR ( 'NONE', #947, 1000.000000000000000 ) ;
#256 =( GEOMETRIC_REPRESENTATION_CONTEXT ( 3 ) GLOBAL_UNCERTAINTY_ASSIGNED_CONTEXT ( ( #1221 ) ) GLOBAL_UNIT_ASSIGNED_CONTEXT ( ( #1447, #812, #1324 ) ) REPRESENTATION_CONTEXT ( 'NONE', 'WORKASPACE' ) );
#257 = PLANE ( 'NONE',  #1120 ) ;
#258 = ORIENTED_EDGE ( 'NONE', *, *, #585, .F. ) ;
#259 = LINE ( 'NONE', #545, #972 ) ;
#260 = CARTESIAN_POINT ( 'NONE',  ( 0.3300000000000001300, 0.0000000000000000000, 0.4299999999999999900 ) ) ;
#261 = AXIS2_PLACEMENT_3D ( 'NONE', #250, #752, #1127 ) ;
#262 = CARTESIAN_POINT ( 'NONE',  ( -0.8000000000000001600, 0.4400000000000000000, 0.5000000000000004400 ) ) ;
#263 = VERTEX_POINT ( 'NONE', #798 ) ;
#264 = VECTOR ( 'NONE', #141, 1000.000000000000000 ) ;
#265 = EDGE_CURVE ( 'NONE', #910, #164, #989, .T. ) ;
#266 = CARTESIAN_POINT ( 'NONE',  ( -0.3300000000000001300, 0.0000000000000000000, 0.4299999999999999900 ) ) ;
#267 = VERTEX_POINT ( 'NONE', #166 ) ;
#268 = CARTESIAN_POINT ( 'NONE',  ( -0.3300000000000001300, 0.1000000000000000500, -0.2299999999999998400 ) ) ;
#269 = DIRECTION ( 'NONE',  ( 0.0000000000000000000, -1.000000000000000000, 0.0000000000000000000 ) ) ;
#270 = SURFACE_STYLE_FILL_AREA ( #430 ) ;
#271 = VECTOR ( 'NONE', #1152, 1000.000000000000000 ) ;
#272 = ADVANCED_FACE ( 'NONE', ( #704 ), #85, .F. ) ;
#273 = CARTESIAN_POINT ( 'NONE',  ( -0.5300000000000001400, 0.1000000000000000100, -0.4299999999999999400 ) ) ;
#274 = CARTESIAN_POINT ( 'NONE',  ( -0.6749999999999996000, 0.4400000000000000000, -0.4249999999999995400 ) ) ;
#275 = VERTEX_POINT ( 'NONE', #1574 ) ;
#276 = ORIENTED_EDGE ( 'NONE', *, *, #1109, .F. ) ;
#277 = PLANE ( 'NONE',  #1171 ) ;
#278 = CYLINDRICAL_SURFACE ( 'NONE', #1253, 0.05000000000000002400 ) ;
#279 = AXIS2_PLACEMENT_3D ( 'NONE', #1442, #1448, #1184 ) ;
#280 = CARTESIAN_POINT ( 'NONE',  ( 0.3300000000000001300, 0.0000000000000000000, -0.4299999999999999900 ) ) ;
#281 = ORIENTED_EDGE ( 'NONE', *, *, #1340, .F. ) ;
#282 = ADVANCED_FACE ( 'NONE', ( #1545 ), #88, .F. ) ;
#283 = CARTESIAN_POINT ( 'NONE',  ( 0.0000000000000000000, 0.0000000000000000000, -0.4999999999999995600 ) ) ;
#284 = LINE ( 'NONE', #1191, #1335 ) ;
#285 = ORIENTED_EDGE ( 'NONE', *, *, #1519, .F. ) ;
#286 = DIRECTION ( 'NONE',  ( 0.0000000000000000000, 0.0000000000000000000, -1.000000000000000000 ) ) ;
#287 = ORIENTED_EDGE ( 'NONE', *, *, #1423, .F. ) ;
#288 = ADVANCED_FACE ( 'NONE', ( #69, #1010 ), #209, .F. ) ;
#289 = FILL_AREA_STYLE_COLOUR ( '', #1142 ) ;
#290 = CARTESIAN_POINT ( 'NONE',  ( -0.6749999999999996000, 0.4400000000000000000, 0.4249999999999996600 ) ) ;
#291 = AXIS2_PLACEMENT_3D ( 'NONE', #748, #764, #1138 ) ;
#292 = DIRECTION ( 'NONE',  ( 0.0000000000000000000, 0.0000000000000000000, 1.000000000000000000 ) ) ;
#293 = VECTOR ( 'NONE', #1539, 1000.000000000000000 ) ;
#294 = DIRECTION ( 'NONE',  ( 0.0000000000000000000, 1.000000000000000000, -0.0000000000000000000 ) ) ;
#295 = ORIENTED_EDGE ( 'NONE', *, *, #1488, .T. ) ;
#296 = EDGE_CURVE ( 'NONE', #1309, #648, #1093, .T. ) ;
#297 = DIRECTION ( 'NONE',  ( 0.0000000000000000000, 1.000000000000000000, 0.0000000000000000000 ) ) ;
#298 = VERTEX_POINT ( 'NONE', #101 ) ;
#299 = CARTESIAN_POINT ( 'NONE',  ( 0.6749999999999999300, 0.4500000000000000700, -0.3749999999999995000 ) ) ;
#300 = EDGE_LOOP ( 'NONE', ( #1478, #560, #759, #490 ) ) ;
#301 = PLANE ( 'NONE',  #555 ) ;
#302 = ORIENTED_EDGE ( 'NONE', *, *, #132, .T. ) ;
#303 = FACE_OUTER_BOUND ( 'NONE', #1270, .T. ) ;
#304 = VERTEX_POINT ( 'NONE', #215 ) ;
#305 = CARTESIAN_POINT ( 'NONE',  ( -0.6749999999999996000, 0.4400000000000000000, -0.4249999999999995400 ) ) ;
#306 = ORIENTED_EDGE ( 'NONE', *, *, #412, .T. ) ;
#307 = PLANE ( 'NONE',  #1049 ) ;
#308 = DIRECTION ( 'NONE',  ( 0.7071067811865473500, 0.0000000000000000000, 0.7071067811865477900 ) ) ;
#309 = VECTOR ( 'NONE', #1, 1000.000000000000000 ) ;
#310 = DIRECTION ( 'NONE',  ( 0.0000000000000000000, -1.000000000000000000, 0.0000000000000000000 ) ) ;
#311 = ORIENTED_EDGE ( 'NONE', *, *, #1149, .T. ) ;
#312 = ORIENTED_EDGE ( 'NONE', *, *, #84, .F. ) ;
#313 = PLANE ( 'NONE',  #999 ) ;
#314 = EDGE_CURVE ( 'NONE', #1194, #1257, #816, .T. ) ;
#315 = FACE_OUTER_BOUND ( 'NONE', #1374, .T. ) ;
#316 = MANIFOLD_SOLID_BREP ( 'Cap', #453 ) ;
#317 = DIRECTION ( 'NONE',  ( -0.0000000000000000000, -1.000000000000000000, -0.0000000000000000000 ) ) ;
#318 = ORIENTED_EDGE ( 'NONE', *, *, #1145, .F. ) ;
#319 = VECTOR ( 'NONE', #823, 1000.000000000000000 ) ;
#320 = AXIS2_PLACEMENT_3D ( 'NONE', #494, #971, #1362 ) ;
#321 = DIRECTION ( 'NONE',  ( 0.0000000000000000000, -1.000000000000000000, 0.0000000000000000000 ) ) ;
#322 = VERTEX_POINT ( 'NONE', #1054 ) ;
#323 = ORIENTED_EDGE ( 'NONE', *, *, #1349, .F. ) ;
#324 = ORIENTED_EDGE ( 'NONE', *, *, #368, .F. ) ;
#325 = EDGE_CURVE ( 'NONE', #423, #1475, #1151, .T. ) ;
#326 = DIRECTION ( 'NONE',  ( 0.0000000000000000000, -1.000000000000000000, 0.0000000000000000000 ) ) ;
#327 = LINE ( 'NONE', #654, #100 ) ;
#328 = STYLED_ITEM ( 'NONE', ( #392 ), #316 ) ;
#329 = CARTESIAN_POINT ( 'NONE',  ( -0.6749999999999996000, 0.5000000000000000000, -0.4249999999999995400 ) ) ;
#330 = FACE_OUTER_BOUND ( 'NONE', #641, .T. ) ;
#331 = VERTEX_POINT ( 'NONE', #998 ) ;
#332 = CIRCLE ( 'NONE', #1265, 0.05000000000000002400 ) ;
#333 = EDGE_LOOP ( 'NONE', ( #1073, #1471, #1061, #1330 ) ) ;
#334 = DIRECTION ( 'NONE',  ( 0.0000000000000000000, 0.0000000000000000000, -1.000000000000000000 ) ) ;
#335 = VECTOR ( 'NONE', #676, 1000.000000000000000 ) ;
#336 = SURFACE_STYLE_USAGE ( .BOTH. , #961 ) ;
#337 = CARTESIAN_POINT ( 'NONE',  ( -0.6749999999999999300, 0.5000000000000000000, -0.3749999999999995000 ) ) ;
#338 = ORIENTED_EDGE ( 'NONE', *, *, #698, .T. ) ;
#339 = ADVANCED_FACE ( 'NONE', ( #461 ), #1520, .T. ) ;
#340 = PRODUCT_DEFINITION_FORMATION_WITH_SPECIFIED_SOURCE ( 'ANY', '', #791, .NOT_KNOWN. ) ;
#341 = AXIS2_PLACEMENT_3D ( 'NONE', #1528, #607, #743 ) ;
#342 = ORIENTED_EDGE ( 'NONE', *, *, #585, .T. ) ;
#343 = CARTESIAN_POINT ( 'NONE',  ( 0.7300000000000000900, 0.1000000000000000100, 0.4299999999999999400 ) ) ;
#344 = ORIENTED_EDGE ( 'NONE', *, *, #946, .T. ) ;
#345 = DIRECTION ( 'NONE',  ( 0.0000000000000000000, 0.0000000000000000000, 1.000000000000000000 ) ) ;
#346 = EDGE_CURVE ( 'NONE', #773, #924, #911, .T. ) ;
#347 = LINE ( 'NONE', #662, #763 ) ;
#348 = CIRCLE ( 'NONE', #863, 0.05000000000000002400 ) ;
#349 = FILL_AREA_STYLE_COLOUR ( '', #1331 ) ;
#350 = CARTESIAN_POINT ( 'NONE',  ( 0.7999999999999999300, 0.4400000000000000000, 0.5000000000000004400 ) ) ;
#351 = MECHANICAL_DESIGN_GEOMETRIC_PRESENTATION_REPRESENTATION (  '', ( #1089 ), #559 ) ;
#352 = CARTESIAN_POINT ( 'NONE',  ( 0.7249999999999999800, 0.4400000000000000000, 0.3749999999999992800 ) ) ;
#353 = ORIENTED_EDGE ( 'NONE', *, *, #614, .F. ) ;
#354 = ORIENTED_EDGE ( 'NONE', *, *, #1462, .T. ) ;
#355 = DIRECTION ( 'NONE',  ( 1.000000000000000000, -0.0000000000000000000, 0.0000000000000000000 ) ) ;
#356 = SURFACE_STYLE_USAGE ( .BOTH. , #484 ) ;
#357 = LINE ( 'NONE', #657, #264 ) ;
#358 = VERTEX_POINT ( 'NONE', #1272 ) ;
#359 = VECTOR ( 'NONE', #434, 1000.000000000000000 ) ;
#360 = ORIENTED_EDGE ( 'NONE', *, *, #1198, .T. ) ;
#361 = CARTESIAN_POINT ( 'NONE',  ( -0.8000000000000001600, 0.4400000000000000000, 0.5000000000000004400 ) ) ;
#362 = ORIENTED_EDGE ( 'NONE', *, *, #1423, .T. ) ;
#363 = ORIENTED_EDGE ( 'NONE', *, *, #417, .F. ) ;
#364 = ADVANCED_FACE ( 'NONE', ( #202 ), #512, .F. ) ;
#365 = CARTESIAN_POINT ( 'NONE',  ( -0.6749999999999996000, 0.4500000000000000700, -0.4249999999999995400 ) ) ;
#366 = PRESENTATION_STYLE_ASSIGNMENT (( #1466 ) ) ;
#367 = DIRECTION ( 'NONE',  ( 0.0000000000000000000, -1.000000000000000000, 0.0000000000000000000 ) ) ;
#368 = EDGE_CURVE ( 'NONE', #32, #1208, #239, .T. ) ;
#369 = APPLICATION_CONTEXT ( 'automotive_design' ) ;
#370 = DIRECTION ( 'NONE',  ( 0.0000000000000000000, 1.000000000000000000, -0.0000000000000000000 ) ) ;
#371 = FACE_OUTER_BOUND ( 'NONE', #1013, .T. ) ;
#372 = ORIENTED_EDGE ( 'NONE', *, *, #639, .F. ) ;
#373 = DIRECTION ( 'NONE',  ( 0.0000000000000000000, -0.0000000000000000000, -1.000000000000000000 ) ) ;
#374 = COLOUR_RGB ( '',0.2509803921568627400, 0.2509803921568627400, 0.2509803921568627400 ) ;
#375 = CARTESIAN_POINT ( 'NONE',  ( 0.6749999999999996000, 0.5000000000000000000, -0.4249999999999995400 ) ) ;
#376 = VECTOR ( 'NONE', #976, 1000.000000000000000 ) ;
#377 = EDGE_CURVE ( 'NONE', #222, #115, #1507, .T. ) ;
#378 = ORIENTED_EDGE ( 'NONE', *, *, #596, .F. ) ;
#379 = EDGE_CURVE ( 'NONE', #592, #1524, #660, .T. ) ;
#380 = ORIENTED_EDGE ( 'NONE', *, *, #1398, .T. ) ;
#381 = CARTESIAN_POINT ( 'NONE',  ( -0.7249999999999999800, 2.680773631397160600, 0.3749999999999992800 ) ) ;
#382 = CARTESIAN_POINT ( 'NONE',  ( -0.6749999999999999300, 0.5000000000000000000, 0.3749999999999996100 ) ) ;
#383 = EDGE_LOOP ( 'NONE', ( #192, #510, #769, #1199 ) ) ;
#384 = CIRCLE ( 'NONE', #1541, 0.05000000000000002400 ) ;
#385 = CARTESIAN_POINT ( 'NONE',  ( 0.7999999999999999300, 0.4400000000000000000, -0.4999999999999995600 ) ) ;
#386 = FACE_OUTER_BOUND ( 'NONE', #838, .T. ) ;
#387 = DIRECTION ( 'NONE',  ( 0.0000000000000000000, 0.0000000000000000000, -1.000000000000000000 ) ) ;
#388 = DIRECTION ( 'NONE',  ( 0.0000000000000000000, -1.000000000000000000, 0.0000000000000000000 ) ) ;
#389 = LINE ( 'NONE', #1034, #637 ) ;
#390 = ORIENTED_EDGE ( 'NONE', *, *, #1391, .F. ) ;
#391 = VERTEX_POINT ( 'NONE', #1170 ) ;
#392 = PRESENTATION_STYLE_ASSIGNMENT (( #356 ) ) ;
#393 = ADVANCED_FACE ( 'NONE', ( #818 ), #278, .F. ) ;
#394 = DIRECTION ( 'NONE',  ( -1.000000000000000000, 0.0000000000000000000, 0.0000000000000000000 ) ) ;
#395 = ORIENTED_EDGE ( 'NONE', *, *, #1318, .T. ) ;
#396 = CARTESIAN_POINT ( 'NONE',  ( 0.0000000000000000000, 0.4400000000000000000, 0.5000000000000004400 ) ) ;
#397 = DIRECTION ( 'NONE',  ( 0.0000000000000000000, 0.0000000000000000000, 1.000000000000000000 ) ) ;
#398 = ORIENTED_EDGE ( 'NONE', *, *, #1340, .T. ) ;
#399 = EDGE_CURVE ( 'NONE', #1547, #589, #7, .T. ) ;
#400 = VERTEX_POINT ( 'NONE', #790 ) ;
#401 = DIRECTION ( 'NONE',  ( 1.000000000000000000, 0.0000000000000000000, 1.355252715606880800E-016 ) ) ;
#402 = PRESENTATION_LAYER_ASSIGNMENT (  '', '', ( #853 ) ) ;
#403 = CARTESIAN_POINT ( 'NONE',  ( 0.3300000000000001300, 0.1000000000000000100, 0.4299999999999999900 ) ) ;
#404 = CARTESIAN_POINT ( 'NONE',  ( 0.7999999999999999300, 0.4400000000000000000, 0.5000000000000004400 ) ) ;
#405 = EDGE_CURVE ( 'NONE', #193, #773, #1600, .T. ) ;
#406 = DIRECTION ( 'NONE',  ( 0.0000000000000000000, -0.0000000000000000000, -1.000000000000000000 ) ) ;
#408 = CARTESIAN_POINT ( 'NONE',  ( 0.7999999999999999300, 0.4500000000000000700, 0.5000000000000004400 ) ) ;
#407 = VECTOR ( 'NONE', #182, 1000.000000000000000 ) ;
#409 = CARTESIAN_POINT ( 'NONE',  ( 0.7249999999999999800, 2.680773631397160600, 0.3749999999999992800 ) ) ;
#410 = LINE ( 'NONE', #117, #1186 ) ;
#411 = DIRECTION ( 'NONE',  ( -0.0000000000000000000, -1.000000000000000000, -0.0000000000000000000 ) ) ;
#412 = EDGE_CURVE ( 'NONE', #851, #610, #478, .T. ) ;
#413 = DIRECTION ( 'NONE',  ( -1.000000000000000000, -0.0000000000000000000, 1.355252715606880800E-016 ) ) ;
#414 = ADVANCED_FACE ( 'NONE', ( #1266 ), #45, .T. ) ;
#415 = VECTOR ( 'NONE', #1534, 1000.000000000000000 ) ;
#416 = ORIENTED_EDGE ( 'NONE', *, *, #1346, .T. ) ;
#417 = EDGE_CURVE ( 'NONE', #229, #267, #1487, .T. ) ;
#418 = AXIS2_PLACEMENT_3D ( 'NONE', #161, #1047, #1056 ) ;
#419 = FILL_AREA_STYLE ('',( #289 ) ) ;
#420 = VECTOR ( 'NONE', #1157, 1000.000000000000000 ) ;
#421 = CARTESIAN_POINT ( 'NONE',  ( -0.8000000000000001600, 0.4400000000000000000, -0.4999999999999995600 ) ) ;
#422 = CARTESIAN_POINT ( 'NONE',  ( 0.7999999999999999300, 0.4500000000000000700, -0.4999999999999995600 ) ) ;
#423 = VERTEX_POINT ( 'NONE', #918 ) ;
#424 = SURFACE_SIDE_STYLE ('',( #270 ) ) ;
#425 = ORIENTED_EDGE ( 'NONE', *, *, #72, .F. ) ;
#426 = DIRECTION ( 'NONE',  ( -0.0000000000000000000, -1.000000000000000000, -0.0000000000000000000 ) ) ;
#427 = ORIENTED_EDGE ( 'NONE', *, *, #837, .T. ) ;
#428 = CARTESIAN_POINT ( 'NONE',  ( 0.7999999999999999300, 0.4400000000000000000, 0.5000000000000004400 ) ) ;
#429 = FACE_OUTER_BOUND ( 'NONE', #854, .T. ) ;
#430 = FILL_AREA_STYLE ('',( #1081 ) ) ;
#431 = DIRECTION ( 'NONE',  ( 1.000000000000000000, 0.0000000000000000000, 0.0000000000000000000 ) ) ;
#432 = VECTOR ( 'NONE', #18, 1000.000000000000000 ) ;
#433 = AXIS2_PLACEMENT_3D ( 'NONE', #1503, #111, #214 ) ;
#434 = DIRECTION ( 'NONE',  ( 0.0000000000000000000, 0.0000000000000000000, -1.000000000000000000 ) ) ;
#435 = VECTOR ( 'NONE', #682, 1000.000000000000000 ) ;
#436 = DIRECTION ( 'NONE',  ( 0.7071067811865473500, 0.0000000000000000000, 0.7071067811865477900 ) ) ;
#437 = ORIENTED_EDGE ( 'NONE', *, *, #946, .F. ) ;
#438 = EDGE_CURVE ( 'NONE', #726, #648, #541, .T. ) ;
#439 = CARTESIAN_POINT ( 'NONE',  ( -0.7249999999999999800, 0.4400000000000000000, -0.3749999999999991700 ) ) ;
#440 = VERTEX_POINT ( 'NONE', #1045 ) ;
#441 = CIRCLE ( 'NONE', #1190, 0.05000000000000002400 ) ;
#442 = DIRECTION ( 'NONE',  ( -1.000000000000000000, -0.0000000000000000000, 1.355252715606880800E-016 ) ) ;
#443 = EDGE_CURVE ( 'NONE', #1475, #843, #887, .T. ) ;
#444 = AXIS2_PLACEMENT_3D ( 'NONE', #507, #370, #886 ) ;
#445 = DIRECTION ( 'NONE',  ( 1.000000000000000000, 0.0000000000000000000, 0.0000000000000000000 ) ) ;
#446 = ORIENTED_EDGE ( 'NONE', *, *, #1117, .T. ) ;
#447 = ADVANCED_FACE ( 'NONE', ( #567 ), #1167, .T. ) ;
#448 = FACE_OUTER_BOUND ( 'NONE', #333, .T. ) ;
#449 = ORIENTED_EDGE ( 'NONE', *, *, #1228, .T. ) ;
#450 = CARTESIAN_POINT ( 'NONE',  ( 0.7999999999999999300, 0.4500000000000000700, -0.4999999999999995600 ) ) ;
#451 = EDGE_LOOP ( 'NONE', ( #311, #89, #1514, #140 ) ) ;
#452 = SURFACE_STYLE_USAGE ( .BOTH. , #424 ) ;
#453 = CLOSED_SHELL ( 'NONE', ( #899, #364, #772, #923, #171, #651, #1429, #1496, #51, #549 ) ) ;
#454 = DIRECTION ( 'NONE',  ( 0.0000000000000000000, 0.0000000000000000000, -1.000000000000000000 ) ) ;
#455 = VECTOR ( 'NONE', #186, 1000.000000000000000 ) ;
#456 = CARTESIAN_POINT ( 'NONE',  ( -0.3300000000000001300, 0.1000000000000000100, -0.2299999999999998200 ) ) ;
#457 = LINE ( 'NONE', #644, #1165 ) ;
#458 = VECTOR ( 'NONE', #401, 1000.000000000000000 ) ;
#459 = VERTEX_POINT ( 'NONE', #421 ) ;
#460 = PLANE ( 'NONE',  #1276 ) ;
#461 = FACE_OUTER_BOUND ( 'NONE', #723, .T. ) ;
#462 = AXIS2_PLACEMENT_3D ( 'NONE', #1039, #528, #26 ) ;
#463 = VECTOR ( 'NONE', #1553, 1000.000000000000000 ) ;
#464 = AXIS2_PLACEMENT_3D ( 'NONE', #1070, #66, #1058 ) ;
#465 = CIRCLE ( 'NONE', #1596, 0.05000000000000002400 ) ;
#466 = DIRECTION ( 'NONE',  ( 0.0000000000000000000, 0.0000000000000000000, 1.000000000000000000 ) ) ;
#467 = LINE ( 'NONE', #670, #973 ) ;
#468 = CARTESIAN_POINT ( 'NONE',  ( 0.0000000000000000000, 0.0000000000000000000, 0.0000000000000000000 ) ) ;
#469 = ORIENTED_EDGE ( 'NONE', *, *, #596, .T. ) ;
#470 = CARTESIAN_POINT ( 'NONE',  ( -0.5300000000000001400, 0.1000000000000000100, -0.4299999999999999400 ) ) ;
#471 = ORIENTED_EDGE ( 'NONE', *, *, #265, .F. ) ;
#472 = EDGE_CURVE ( 'NONE', #1192, #1413, #934, .T. ) ;
#473 = VECTOR ( 'NONE', #1522, 1000.000000000000000 ) ;
#474 = DIRECTION ( 'NONE',  ( 0.0000000000000000000, 1.000000000000000000, -0.0000000000000000000 ) ) ;
#475 = VECTOR ( 'NONE', #672, 1000.000000000000000 ) ;
#476 = EDGE_CURVE ( 'NONE', #1548, #987, #966, .T. ) ;
#477 = VECTOR ( 'NONE', #634, 1000.000000000000000 ) ;
#478 = LINE ( 'NONE', #149, #598 ) ;
#479 = ORIENTED_EDGE ( 'NONE', *, *, #1068, .F. ) ;
#480 = DIRECTION ( 'NONE',  ( 0.7071067811865477900, 0.0000000000000000000, -0.7071067811865473500 ) ) ;
#481 = ORIENTED_EDGE ( 'NONE', *, *, #476, .F. ) ;
#482 = PLANE ( 'NONE',  #616 ) ;
#483 = SURFACE_STYLE_FILL_AREA ( #1116 ) ;
#484 = SURFACE_SIDE_STYLE ('',( #483 ) ) ;
#485 = DIRECTION ( 'NONE',  ( 0.0000000000000000000, 0.0000000000000000000, -1.000000000000000000 ) ) ;
#486 = FACE_OUTER_BOUND ( 'NONE', #625, .T. ) ;
#487 = ORIENTED_EDGE ( 'NONE', *, *, #90, .T. ) ;
#488 = ORIENTED_EDGE ( 'NONE', *, *, #495, .F. ) ;
#489 = DIRECTION ( 'NONE',  ( -0.7071067811865473500, 0.0000000000000000000, -0.7071067811865477900 ) ) ;
#490 = ORIENTED_EDGE ( 'NONE', *, *, #1202, .T. ) ;
#491 = EDGE_CURVE ( 'NONE', #589, #1510, #850, .T. ) ;
#492 = FACE_OUTER_BOUND ( 'NONE', #118, .T. ) ;
#493 = VECTOR ( 'NONE', #1244, 1000.000000000000000 ) ;
#494 = CARTESIAN_POINT ( 'NONE',  ( 0.7999999999999999300, 0.4400000000000000000, 0.0000000000000000000 ) ) ;
#495 = EDGE_CURVE ( 'NONE', #1524, #423, #1425, .T. ) ;
#496 = AXIS2_PLACEMENT_3D ( 'NONE', #1460, #64, #345 ) ;
#497 = EDGE_LOOP ( 'NONE', ( #479, #148, #1371, #1074 ) ) ;
#498 = CARTESIAN_POINT ( 'NONE',  ( -0.3300000000000001300, 0.0000000000000000000, 0.4299999999999999900 ) ) ;
#499 = VECTOR ( 'NONE', #609, 1000.000000000000000 ) ;
#500 = VECTOR ( 'NONE', #388, 1000.000000000000000 ) ;
#501 = EDGE_CURVE ( 'NONE', #1601, #236, #749, .T. ) ;
#502 = CARTESIAN_POINT ( 'NONE',  ( 0.3300000000000001300, 0.1000000000000000100, 0.4299999999999999900 ) ) ;
#503 = FACE_OUTER_BOUND ( 'NONE', #2, .T. ) ;
#504 = EDGE_LOOP ( 'NONE', ( #733, #861, #295, #739, #131 ) ) ;
#505 = PRESENTATION_STYLE_ASSIGNMENT (( #336 ) ) ;
#506 = EDGE_CURVE ( 'NONE', #924, #1457, #717, .T. ) ;
#507 = CARTESIAN_POINT ( 'NONE',  ( 0.0000000000000000000, 0.0000000000000000000, 0.0000000000000000000 ) ) ;
#508 = ORIENTED_EDGE ( 'NONE', *, *, #1290, .F. ) ;
#509 = CARTESIAN_POINT ( 'NONE',  ( -0.8000000000000001600, 0.4400000000000000000, 0.0000000000000000000 ) ) ;
#510 = ORIENTED_EDGE ( 'NONE', *, *, #296, .F. ) ;
#511 = LINE ( 'NONE', #238, #177 ) ;
#512 = PLANE ( 'NONE',  #877 ) ;
#513 = LINE ( 'NONE', #1023, #578 ) ;
#514 =( NAMED_UNIT ( * ) PLANE_ANGLE_UNIT ( ) SI_UNIT ( $, .RADIAN. ) );
#515 = AXIS2_PLACEMENT_3D ( 'NONE', #597, #1437, #684 ) ;
#516 = FACE_OUTER_BOUND ( 'NONE', #1126, .T. ) ;
#517 = MECHANICAL_DESIGN_GEOMETRIC_PRESENTATION_REPRESENTATION (  '', ( #1616 ), #235 ) ;
#518 = CARTESIAN_POINT ( 'NONE',  ( 0.7999999999999999300, 0.4500000000000000700, -0.4999999999999995600 ) ) ;
#519 = DIRECTION ( 'NONE',  ( 0.0000000000000000000, 0.0000000000000000000, -1.000000000000000000 ) ) ;
#520 = VECTOR ( 'NONE', #54, 1000.000000000000000 ) ;
#521 = EDGE_LOOP ( 'NONE', ( #1224, #324, #437, #573 ) ) ;
#522 = ADVANCED_FACE ( 'NONE', ( #104 ), #1163, .T. ) ;
#523 = PLANE ( 'NONE',  #1482 ) ;
#524 = VERTEX_POINT ( 'NONE', #439 ) ;
#525 = DIRECTION ( 'NONE',  ( 0.0000000000000000000, 0.0000000000000000000, -1.000000000000000000 ) ) ;
#526 = EDGE_CURVE ( 'NONE', #1194, #1601, #217, .T. ) ;
#527 = VERTEX_POINT ( 'NONE', #1325 ) ;
#528 = DIRECTION ( 'NONE',  ( -0.0000000000000000000, -1.000000000000000000, -0.0000000000000000000 ) ) ;
#529 = CARTESIAN_POINT ( 'NONE',  ( 0.7300000000000000900, 0.1000000000000000500, 0.4299999999999999400 ) ) ;
#530 = VERTEX_POINT ( 'NONE', #1064 ) ;
#531 = ORIENTED_EDGE ( 'NONE', *, *, #830, .F. ) ;
#532 = ORIENTED_EDGE ( 'NONE', *, *, #1382, .T. ) ;
#533 = DIRECTION ( 'NONE',  ( -0.0000000000000000000, -0.0000000000000000000, 1.000000000000000000 ) ) ;
#534 = AXIS2_PLACEMENT_3D ( 'NONE', #1380, #129, #240 ) ;
#535 = EDGE_LOOP ( 'NONE', ( #73, #820, #1365, #583 ) ) ;
#536 = CARTESIAN_POINT ( 'NONE',  ( -0.3300000000000001300, 1.048472456110350000, -0.2299999999999998200 ) ) ;
#537 = LINE ( 'NONE', #755, #309 ) ;
#538 = ADVANCED_FACE ( 'NONE', ( #1072 ), #792, .F. ) ;
#539 = DIRECTION ( 'NONE',  ( 0.0000000000000000000, 0.0000000000000000000, -1.000000000000000000 ) ) ;
#540 = ADVANCED_FACE ( 'NONE', ( #371 ), #1071, .F. ) ;
#541 = LINE ( 'NONE', #1027, #732 ) ;
#542 = CARTESIAN_POINT ( 'NONE',  ( 0.7249999999999999800, 2.680773631397160600, -0.3749999999999991700 ) ) ;
#543 = CARTESIAN_POINT ( 'NONE',  ( 0.6749999999999999300, 0.4500000000000000700, 0.3749999999999996100 ) ) ;
#544 = VECTOR ( 'NONE', #562, 1000.000000000000000 ) ;
#545 = CARTESIAN_POINT ( 'NONE',  ( -0.7300000000000000900, 0.1000000000000000100, -0.4299999999999999400 ) ) ;
#546 = PLANE ( 'NONE',  #931 ) ;
#547 = FACE_OUTER_BOUND ( 'NONE', #1333, .T. ) ;
#548 = ORIENTED_EDGE ( 'NONE', *, *, #1178, .T. ) ;
#549 = ADVANCED_FACE ( 'NONE', ( #163 ), #572, .T. ) ;
#550 = DIRECTION ( 'NONE',  ( -1.000000000000000000, 0.0000000000000000000, 0.0000000000000000000 ) ) ;
#551 = VERTEX_POINT ( 'NONE', #814 ) ;
#552 = AXIS2_PLACEMENT_3D ( 'NONE', #722, #962, #842 ) ;
#553 = DIRECTION ( 'NONE',  ( -0.0000000000000000000, -1.000000000000000000, -0.0000000000000000000 ) ) ;
#554 = ADVANCED_FACE ( 'NONE', ( #48 ), #307, .F. ) ;
#555 = AXIS2_PLACEMENT_3D ( 'NONE', #1075, #310, #577 ) ;
#556 = CARTESIAN_POINT ( 'NONE',  ( -0.7300000000000000900, 0.1000000000000000500, 0.4299999999999999400 ) ) ;
#557 = CARTESIAN_POINT ( 'NONE',  ( 0.7300000000000000900, 1.048472456110350000, -0.4299999999999999400 ) ) ;
#558 = DIRECTION ( 'NONE',  ( -0.0000000000000000000, -1.000000000000000000, -0.0000000000000000000 ) ) ;
#559 =( GEOMETRIC_REPRESENTATION_CONTEXT ( 3 ) GLOBAL_UNCERTAINTY_ASSIGNED_CONTEXT ( ( #78 ) ) GLOBAL_UNIT_ASSIGNED_CONTEXT ( ( #1289, #1176, #1305 ) ) REPRESENTATION_CONTEXT ( 'NONE', 'WORKASPACE' ) );
#560 = ORIENTED_EDGE ( 'NONE', *, *, #314, .F. ) ;
#561 = ADVANCED_FACE ( 'NONE', ( #1091 ), #1160, .F. ) ;
#562 = DIRECTION ( 'NONE',  ( 0.0000000000000000000, 0.0000000000000000000, -1.000000000000000000 ) ) ;
#563 = VECTOR ( 'NONE', #44, 1000.000000000000000 ) ;
#564 = PLANE ( 'NONE',  #123 ) ;
#565 = EDGE_CURVE ( 'NONE', #225, #726, #1561, .T. ) ;
#566 = DIRECTION ( 'NONE',  ( 0.0000000000000000000, 0.0000000000000000000, -1.000000000000000000 ) ) ;
#567 = FACE_OUTER_BOUND ( 'NONE', #1080, .T. ) ;
#568 = EDGE_LOOP ( 'NONE', ( #1416, #977, #646, #1110 ) ) ;
#569 = PLANE ( 'NONE',  #1204 ) ;
#570 = EDGE_CURVE ( 'NONE', #358, #1436, #389, .T. ) ;
#571 = ORIENTED_EDGE ( 'NONE', *, *, #1382, .F. ) ;
#572 = PLANE ( 'NONE',  #279 ) ;
#573 = ORIENTED_EDGE ( 'NONE', *, *, #810, .T. ) ;
#574 = ORIENTED_EDGE ( 'NONE', *, *, #476, .T. ) ;
#575 = UNCERTAINTY_MEASURE_WITH_UNIT (LENGTH_MEASURE( 1.000000000000000100E-005 ), #1122, 'distance_accuracy_value', 'NONE');
#576 = PLANE ( 'NONE',  #183 ) ;
#577 = DIRECTION ( 'NONE',  ( 0.0000000000000000000, -0.0000000000000000000, -1.000000000000000000 ) ) ;
#578 = VECTOR ( 'NONE', #1015, 1000.000000000000000 ) ;
#579 = FACE_OUTER_BOUND ( 'NONE', #690, .T. ) ;
#580 = DIRECTION ( 'NONE',  ( -1.000000000000000000, 0.0000000000000000000, -0.0000000000000000000 ) ) ;
#581 = DIRECTION ( 'NONE',  ( 0.0000000000000000000, 0.0000000000000000000, -1.000000000000000000 ) ) ;
#582 = EDGE_CURVE ( 'NONE', #391, #1354, #1052, .T. ) ;
#583 = ORIENTED_EDGE ( 'NONE', *, *, #296, .T. ) ;
#584 = DIRECTION ( 'NONE',  ( 0.0000000000000000000, -0.0000000000000000000, 1.000000000000000000 ) ) ;
#585 = EDGE_CURVE ( 'NONE', #994, #726, #65, .T. ) ;
#586 =( LENGTH_UNIT ( ) NAMED_UNIT ( * ) SI_UNIT ( .MILLI., .METRE. ) );
#587 = ORIENTED_EDGE ( 'NONE', *, *, #728, .T. ) ;
#588 = VECTOR ( 'NONE', #308, 1000.000000000000000 ) ;
#589 = VERTEX_POINT ( 'NONE', #143 ) ;
#590 = LINE ( 'NONE', #76, #33 ) ;
#591 = ORIENTED_EDGE ( 'NONE', *, *, #1367, .F. ) ;
#592 = VERTEX_POINT ( 'NONE', #251 ) ;
#593 = EDGE_CURVE ( 'NONE', #1413, #773, #87, .T. ) ;
#594 =( NAMED_UNIT ( * ) SI_UNIT ( $, .STERADIAN. ) SOLID_ANGLE_UNIT ( ) );
#595 = ORIENTED_EDGE ( 'NONE', *, *, #506, .T. ) ;
#596 = EDGE_CURVE ( 'NONE', #1350, #988, #137, .T. ) ;
#597 = CARTESIAN_POINT ( 'NONE',  ( 0.0000000000000000000, 0.4400000000000000000, 0.0000000000000000000 ) ) ;
#598 = VECTOR ( 'NONE', #1037, 1000.000000000000000 ) ;
#599 = DIRECTION ( 'NONE',  ( 1.000000000000000000, 0.0000000000000000000, 1.355252715606880800E-016 ) ) ;
#600 = ORIENTED_EDGE ( 'NONE', *, *, #751, .F. ) ;
#601 = EDGE_CURVE ( 'NONE', #1402, #862, #1028, .T. ) ;
#602 = DIRECTION ( 'NONE',  ( 0.0000000000000000000, 0.0000000000000000000, 1.000000000000000000 ) ) ;
#603 = ORIENTED_EDGE ( 'NONE', *, *, #501, .T. ) ;
#604 = DIRECTION ( 'NONE',  ( 0.0000000000000000000, 1.000000000000000000, 0.0000000000000000000 ) ) ;
#605 = ORIENTED_EDGE ( 'NONE', *, *, #926, .T. ) ;
#606 = CARTESIAN_POINT ( 'NONE',  ( 0.0000000000000000000, 0.0000000000000000000, 0.0000000000000000000 ) ) ;
#607 = DIRECTION ( 'NONE',  ( 0.0000000000000000000, 0.0000000000000000000, -1.000000000000000000 ) ) ;
#608 = VERTEX_POINT ( 'NONE', #1135 ) ;
#609 = DIRECTION ( 'NONE',  ( -0.0000000000000000000, -1.000000000000000000, -0.0000000000000000000 ) ) ;
#610 = VERTEX_POINT ( 'NONE', #885 ) ;
#611 = DIRECTION ( 'NONE',  ( -0.0000000000000000000, -1.000000000000000000, -0.0000000000000000000 ) ) ;
#612 = PLANE ( 'NONE',  #433 ) ;
#613 = COLOUR_RGB ( '',1.000000000000000000, 0.8117647058823529400, 0.5019607843137254800 ) ;
#614 = EDGE_CURVE ( 'NONE', #1046, #225, #1523, .T. ) ;
#615 = VECTOR ( 'NONE', #525, 1000.000000000000000 ) ;
#616 = AXIS2_PLACEMENT_3D ( 'NONE', #502, #876, #1123 ) ;
#617 = PLANE ( 'NONE',  #46 ) ;
#618 = ORIENTED_EDGE ( 'NONE', *, *, #379, .F. ) ;
#619 = CARTESIAN_POINT ( 'NONE',  ( 0.6749999999999996000, 0.4400000000000000000, -0.4249999999999995400 ) ) ;
#620 = ORIENTED_EDGE ( 'NONE', *, *, #377, .T. ) ;
#621 = DIRECTION ( 'NONE',  ( 0.0000000000000000000, 0.0000000000000000000, 1.000000000000000000 ) ) ;
#622 = CARTESIAN_POINT ( 'NONE',  ( 0.6749999999999999300, 0.4400000000000000000, 0.3749999999999996100 ) ) ;
#623 = PRODUCT_CONTEXT ( 'NONE', #1347, 'mechanical' ) ;
#624 = VECTOR ( 'NONE', #77, 1000.000000000000000 ) ;
#625 = EDGE_LOOP ( 'NONE', ( #449, #831, #9, #900 ) ) ;
#626 = LINE ( 'NONE', #198, #588 ) ;
#627 = CYLINDRICAL_SURFACE ( 'NONE', #96, 0.05000000000000002400 ) ;
#628 = ORIENTED_EDGE ( 'NONE', *, *, #234, .F. ) ;
#629 = DIRECTION ( 'NONE',  ( 0.0000000000000000000, 0.0000000000000000000, 1.000000000000000000 ) ) ;
#630 = CARTESIAN_POINT ( 'NONE',  ( -0.7249999999999999800, 0.5000000000000000000, -0.3749999999999991700 ) ) ;
#631 = ORIENTED_EDGE ( 'NONE', *, *, #132, .F. ) ;
#632 = CARTESIAN_POINT ( 'NONE',  ( 0.3300000000000001300, 0.0000000000000000000, -0.4299999999999999900 ) ) ;
#633 = LINE ( 'NONE', #1154, #432 ) ;
#634 = DIRECTION ( 'NONE',  ( 0.0000000000000000000, -1.000000000000000000, 0.0000000000000000000 ) ) ;
#635 = CARTESIAN_POINT ( 'NONE',  ( -0.6749999999999999300, 0.4400000000000000000, 0.3749999999999996100 ) ) ;
#636 = CARTESIAN_POINT ( 'NONE',  ( -0.8000000000000001600, 0.4500000000000000700, -0.4999999999999995600 ) ) ;
#637 = VECTOR ( 'NONE', #1557, 1000.000000000000000 ) ;
#638 = CARTESIAN_POINT ( 'NONE',  ( -0.8000000000000001600, 0.0000000000000000000, -0.0000000000000000000 ) ) ;
#639 = EDGE_CURVE ( 'NONE', #1216, #440, #868, .T. ) ;
#640 = CARTESIAN_POINT ( 'NONE',  ( 0.3300000000000001300, 1.048472456110350000, 0.4299999999999999900 ) ) ;
#641 = EDGE_LOOP ( 'NONE', ( #342, #1256, #353, #398 ) ) ;
#642 = LINE ( 'NONE', #725, #1174 ) ;
#643 = ORIENTED_EDGE ( 'NONE', *, *, #926, .F. ) ;
#644 = CARTESIAN_POINT ( 'NONE',  ( 0.3300000000000001300, 0.1000000000000000500, -0.4299999999999999900 ) ) ;
#645 = EDGE_CURVE ( 'NONE', #822, #530, #1360, .T. ) ;
#646 = ORIENTED_EDGE ( 'NONE', *, *, #974, .T. ) ;
#647 =( NAMED_UNIT ( * ) SI_UNIT ( $, .STERADIAN. ) SOLID_ANGLE_UNIT ( ) );
#648 = VERTEX_POINT ( 'NONE', #1299 ) ;
#649 = CARTESIAN_POINT ( 'NONE',  ( -0.7249999999999999800, 2.680773631397160600, 0.3749999999999992800 ) ) ;
#650 = EDGE_LOOP ( 'NONE', ( #982, #16, #1248, #1407 ) ) ;
#651 = ADVANCED_FACE ( 'NONE', ( #1308 ), #1310, .F. ) ;
#652 = FILL_AREA_STYLE ('',( #1394 ) ) ;
#653 = VECTOR ( 'NONE', #602, 1000.000000000000000 ) ;
#654 = CARTESIAN_POINT ( 'NONE',  ( 0.0000000000000000000, 0.4400000000000000000, -0.4999999999999995600 ) ) ;
#655 = DIRECTION ( 'NONE',  ( 0.0000000000000000000, 0.0000000000000000000, 1.000000000000000000 ) ) ;
#656 = ORIENTED_EDGE ( 'NONE', *, *, #346, .F. ) ;
#657 = CARTESIAN_POINT ( 'NONE',  ( -0.6749999999999996000, 2.680773631397160600, -0.4249999999999995400 ) ) ;
#658 = ORIENTED_EDGE ( 'NONE', *, *, #14, .T. ) ;
#659 = CARTESIAN_POINT ( 'NONE',  ( 0.0000000000000000000, 0.4400000000000000000, 0.5000000000000004400 ) ) ;
#660 = LINE ( 'NONE', #1414, #1454 ) ;
#661 = ADVANCED_FACE ( 'NONE', ( #330 ), #546, .F. ) ;
#662 = CARTESIAN_POINT ( 'NONE',  ( 0.7300000000000000900, 0.0000000000000000000, 0.4299999999999999400 ) ) ;
#663 = UNCERTAINTY_MEASURE_WITH_UNIT (LENGTH_MEASURE( 1.000000000000000100E-005 ), #1476, 'distance_accuracy_value', 'NONE');
#664 = DIRECTION ( 'NONE',  ( 0.0000000000000000000, 0.0000000000000000000, -1.000000000000000000 ) ) ;
#665 = EDGE_CURVE ( 'NONE', #1314, #1294, #1168, .T. ) ;
#666 = ORIENTED_EDGE ( 'NONE', *, *, #702, .T. ) ;
#667 = SURFACE_SIDE_STYLE ('',( #1598 ) ) ;
#668 = ORIENTED_EDGE ( 'NONE', *, *, #1053, .F. ) ;
#669 = DIRECTION ( 'NONE',  ( 0.0000000000000000000, 0.0000000000000000000, -1.000000000000000000 ) ) ;
#670 = CARTESIAN_POINT ( 'NONE',  ( -0.7249999999999999800, 2.680773631397160600, -0.3749999999999991700 ) ) ;
#671 = ORIENTED_EDGE ( 'NONE', *, *, #1290, .T. ) ;
#672 = DIRECTION ( 'NONE',  ( -0.0000000000000000000, -1.000000000000000000, -0.0000000000000000000 ) ) ;
#673 = EDGE_CURVE ( 'NONE', #610, #1543, #1125, .T. ) ;
#674 = CARTESIAN_POINT ( 'NONE',  ( 0.7249999999999999800, 0.4400000000000000000, 0.3749999999999992800 ) ) ;
#675 = LINE ( 'NONE', #1283, #884 ) ;
#676 = DIRECTION ( 'NONE',  ( 0.0000000000000000000, 0.0000000000000000000, 1.000000000000000000 ) ) ;
#677 = PRESENTATION_LAYER_ASSIGNMENT (  '', '', ( #328 ) ) ;
#678 = AXIS2_PLACEMENT_3D ( 'NONE', #403, #394, #1303 ) ;
#679 = LINE ( 'NONE', #914, #458 ) ;
#680 = CARTESIAN_POINT ( 'NONE',  ( -0.3300000000000001300, 0.1000000000000000100, 0.4299999999999999900 ) ) ;
#681 = ORIENTED_EDGE ( 'NONE', *, *, #1323, .T. ) ;
#682 = DIRECTION ( 'NONE',  ( 0.0000000000000000000, 0.0000000000000000000, -1.000000000000000000 ) ) ;
#683 = LINE ( 'NONE', #1293, #4 ) ;
#684 = DIRECTION ( 'NONE',  ( 0.0000000000000000000, 0.0000000000000000000, 1.000000000000000000 ) ) ;
#685 = CARTESIAN_POINT ( 'NONE',  ( -0.3300000000000001300, -0.0000000000000000000, -0.2299999999999998200 ) ) ;
#686 = ORIENTED_EDGE ( 'NONE', *, *, #1262, .T. ) ;
#687 = ORIENTED_EDGE ( 'NONE', *, *, #1228, .F. ) ;
#688 = MECHANICAL_DESIGN_GEOMETRIC_PRESENTATION_REPRESENTATION (  '', ( #328 ), #841 ) ;
#689 = CARTESIAN_POINT ( 'NONE',  ( -0.7300000000000000900, 0.1000000000000000100, -0.4299999999999999400 ) ) ;
#690 = EDGE_LOOP ( 'NONE', ( #427, #826, #1197, #1388 ) ) ;
#691 = DIRECTION ( 'NONE',  ( 1.000000000000000000, 0.0000000000000000000, -0.0000000000000000000 ) ) ;
#692 = DIRECTION ( 'NONE',  ( 0.0000000000000000000, -1.000000000000000000, 0.0000000000000000000 ) ) ;
#693 = AXIS2_PLACEMENT_3D ( 'NONE', #221, #355, #1397 ) ;
#694 = ORIENTED_EDGE ( 'NONE', *, *, #930, .T. ) ;
#695 = CARTESIAN_POINT ( 'NONE',  ( 0.3300000000000001300, 0.1000000000000000100, -0.4299999999999999900 ) ) ;
#696 = VECTOR ( 'NONE', #1485, 1000.000000000000000 ) ;
#697 = CARTESIAN_POINT ( 'NONE',  ( -0.7249999999999999800, 0.4500000000000000700, -0.3749999999999991700 ) ) ;
#698 = EDGE_CURVE ( 'NONE', #943, #750, #679, .T. ) ;
#699 = FACE_OUTER_BOUND ( 'NONE', #81, .T. ) ;
#700 = ORIENTED_EDGE ( 'NONE', *, *, #1508, .T. ) ;
#701 = DIRECTION ( 'NONE',  ( 0.0000000000000000000, 0.0000000000000000000, -1.000000000000000000 ) ) ;
#702 = EDGE_CURVE ( 'NONE', #1169, #862, #1005, .T. ) ;
#703 = CARTESIAN_POINT ( 'NONE',  ( 0.7300000000000000900, 0.1000000000000000100, 0.4299999999999999400 ) ) ;
#704 = FACE_OUTER_BOUND ( 'NONE', #970, .T. ) ;
#705 = CIRCLE ( 'NONE', #1593, 0.05000000000000002400 ) ;
#706 = FACE_OUTER_BOUND ( 'NONE', #1006, .T. ) ;
#707 = ORIENTED_EDGE ( 'NONE', *, *, #1349, .T. ) ;
#708 = ADVANCED_FACE ( 'NONE', ( #1467 ), #277, .F. ) ;
#709 = FACE_OUTER_BOUND ( 'NONE', #497, .T. ) ;
#710 = ORIENTED_EDGE ( 'NONE', *, *, #1614, .F. ) ;
#711 = EDGE_LOOP ( 'NONE', ( #189, #1512, #620, #22 ) ) ;
#712 =( NAMED_UNIT ( * ) PLANE_ANGLE_UNIT ( ) SI_UNIT ( $, .RADIAN. ) );
#713 = LINE ( 'NONE', #942, #1376 ) ;
#714 = FACE_OUTER_BOUND ( 'NONE', #60, .T. ) ;
#715 = DIRECTION ( 'NONE',  ( 0.0000000000000000000, -1.000000000000000000, 0.0000000000000000000 ) ) ;
#716 = AXIS2_PLACEMENT_3D ( 'NONE', #253, #1385, #1124 ) ;
#717 = LINE ( 'NONE', #290, #255 ) ;
#718 = EDGE_LOOP ( 'NONE', ( #959, #532, #24, #1175 ) ) ;
#719 = MECHANICAL_DESIGN_GEOMETRIC_PRESENTATION_REPRESENTATION (  '', ( #853 ), #880 ) ;
#720 = DIRECTION ( 'NONE',  ( 0.0000000000000000000, 0.0000000000000000000, 1.000000000000000000 ) ) ;
#721 =( NAMED_UNIT ( * ) PLANE_ANGLE_UNIT ( ) SI_UNIT ( $, .RADIAN. ) );
#722 = CARTESIAN_POINT ( 'NONE',  ( -0.3300000000000001300, 0.1000000000000000100, -0.2299999999999998200 ) ) ;
#723 = EDGE_LOOP ( 'NONE', ( #481, #1623, #1453, #859 ) ) ;
#724 = EDGE_CURVE ( 'NONE', #1019, #1489, #50, .T. ) ;
#725 = CARTESIAN_POINT ( 'NONE',  ( 0.7300000000000000900, 0.0000000000000000000, 0.4299999999999999400 ) ) ;
#726 = VERTEX_POINT ( 'NONE', #428 ) ;
#727 = CARTESIAN_POINT ( 'NONE',  ( 0.7249999999999999800, 0.4500000000000000700, 0.3749999999999992800 ) ) ;
#728 = EDGE_CURVE ( 'NONE', #263, #527, #683, .T. ) ;
#729 = DIRECTION ( 'NONE',  ( -1.000000000000000000, 0.0000000000000000000, 0.0000000000000000000 ) ) ;
#730 = VECTOR ( 'NONE', #436, 1000.000000000000000 ) ;
#731 = LINE ( 'NONE', #1373, #1243 ) ;
#732 = VECTOR ( 'NONE', #664, 1000.000000000000000 ) ;
#733 = ORIENTED_EDGE ( 'NONE', *, *, #724, .T. ) ;
#734 = DIRECTION ( 'NONE',  ( -0.0000000000000000000, -1.000000000000000000, -0.0000000000000000000 ) ) ;
#735 = DIRECTION ( 'NONE',  ( 0.0000000000000000000, 0.0000000000000000000, -1.000000000000000000 ) ) ;
#736 = ORIENTED_EDGE ( 'NONE', *, *, #1398, .F. ) ;
#737 = CARTESIAN_POINT ( 'NONE',  ( 0.7300000000000000900, 0.1000000000000000500, -0.4299999999999999400 ) ) ;
#738 = ORIENTED_EDGE ( 'NONE', *, *, #806, .F. ) ;
#739 = ORIENTED_EDGE ( 'NONE', *, *, #1458, .T. ) ;
#740 = DIRECTION ( 'NONE',  ( 0.0000000000000000000, -1.000000000000000000, 0.0000000000000000000 ) ) ;
#741 = CARTESIAN_POINT ( 'NONE',  ( 0.7999999999999999300, 0.4400000000000000000, -0.4999999999999995600 ) ) ;
#742 = AXIS2_PLACEMENT_3D ( 'NONE', #470, #847, #93 ) ;
#743 = DIRECTION ( 'NONE',  ( -1.000000000000000000, 0.0000000000000000000, -0.0000000000000000000 ) ) ;
#744 = LINE ( 'NONE', #945, #407 ) ;
#745 = FACE_OUTER_BOUND ( 'NONE', #650, .T. ) ;
#746 = STYLED_ITEM ( 'NONE', ( #1627 ), #1497 ) ;
#747 = CARTESIAN_POINT ( 'NONE',  ( 0.3300000000000001300, 0.0000000000000000000, 0.4299999999999999900 ) ) ;
#748 = CARTESIAN_POINT ( 'NONE',  ( 0.7300000000000000900, 1.048472456110350000, 0.4299999999999999400 ) ) ;
#749 = LINE ( 'NONE', #25, #829 ) ;
#750 = VERTEX_POINT ( 'NONE', #178 ) ;
#751 = EDGE_CURVE ( 'NONE', #843, #193, #332, .T. ) ;
#752 = DIRECTION ( 'NONE',  ( -1.355252715606880800E-016, 0.0000000000000000000, 1.000000000000000000 ) ) ;
#753 = AXIS2_PLACEMENT_3D ( 'NONE', #635, #1390, #243 ) ;
#754 = LINE ( 'NONE', #231, #205 ) ;
#755 = CARTESIAN_POINT ( 'NONE',  ( 0.6749999999999996000, 2.680773631397160600, 0.4249999999999996600 ) ) ;
#756 = CARTESIAN_POINT ( 'NONE',  ( 0.7300000000000000900, 1.048472456110350000, 0.4299999999999999400 ) ) ;
#757 = EDGE_LOOP ( 'NONE', ( #793, #1608, #780, #1238 ) ) ;
#758 = DIRECTION ( 'NONE',  ( 0.0000000000000000000, 0.0000000000000000000, -1.000000000000000000 ) ) ;
#759 = ORIENTED_EDGE ( 'NONE', *, *, #526, .T. ) ;
#760 = CARTESIAN_POINT ( 'NONE',  ( -0.3300000000000001300, -0.0000000000000000000, -0.2299999999999998200 ) ) ;
#761 = ORIENTED_EDGE ( 'NONE', *, *, #377, .F. ) ;
#762 = AXIS2_PLACEMENT_3D ( 'NONE', #875, #1381, #1144 ) ;
#763 = VECTOR ( 'NONE', #784, 1000.000000000000000 ) ;
#764 = DIRECTION ( 'NONE',  ( 1.000000000000000000, 0.0000000000000000000, 0.0000000000000000000 ) ) ;
#765 = VECTOR ( 'NONE', #1493, 1000.000000000000000 ) ;
#766 = CARTESIAN_POINT ( 'NONE',  ( -0.8000000000000001600, 0.4500000000000000700, -0.4999999999999995600 ) ) ;
#767 = VECTOR ( 'NONE', #1552, 1000.000000000000000 ) ;
#768 = ADVANCED_FACE ( 'NONE', ( #1009 ), #569, .F. ) ;
#769 = ORIENTED_EDGE ( 'NONE', *, *, #860, .F. ) ;
#770 = EDGE_CURVE ( 'NONE', #1249, #1386, #811, .T. ) ;
#771 = CARTESIAN_POINT ( 'NONE',  ( 0.7249999999999999800, 0.4400000000000000000, 0.3749999999999992800 ) ) ;
#772 = ADVANCED_FACE ( 'NONE', ( #699 ), #920, .T. ) ;
#773 = VERTEX_POINT ( 'NONE', #1195 ) ;
#774 = VECTOR ( 'NONE', #334, 1000.000000000000000 ) ;
#775 = DIRECTION ( 'NONE',  ( -0.7071067811865473500, 0.0000000000000000000, -0.7071067811865477900 ) ) ;
#776 = EDGE_CURVE ( 'NONE', #1459, #1510, #1296, .T. ) ;
#777 = CARTESIAN_POINT ( 'NONE',  ( 0.0000000000000000000, 0.0000000000000000000, 0.0000000000000000000 ) ) ;
#778 = AXIS2_PLACEMENT_3D ( 'NONE', #194, #584, #1328 ) ;
#779 = LINE ( 'NONE', #1607, #1590 ) ;
#780 = ORIENTED_EDGE ( 'NONE', *, *, #1178, .F. ) ;
#781 = ADVANCED_FACE ( 'NONE', ( #448 ), #1567, .T. ) ;
#782 = DIRECTION ( 'NONE',  ( -0.0000000000000000000, -1.000000000000000000, -0.0000000000000000000 ) ) ;
#783 = ORIENTED_EDGE ( 'NONE', *, *, #570, .T. ) ;
#784 = DIRECTION ( 'NONE',  ( -0.0000000000000000000, -0.0000000000000000000, 1.000000000000000000 ) ) ;
#785 = CARTESIAN_POINT ( 'NONE',  ( -0.6749999999999996000, 0.5000000000000000000, 0.4249999999999996600 ) ) ;
#787 = CARTESIAN_POINT ( 'NONE',  ( -0.6749999999999999300, 0.4500000000000000700, 0.4249999999999996600 ) ) ;
#786 = COLOUR_RGB ( '',1.000000000000000000, 0.8117647058823529400, 0.5019607843137254800 ) ;
#788 = DIRECTION ( 'NONE',  ( 0.0000000000000000000, 1.000000000000000000, -0.0000000000000000000 ) ) ;
#789 = DIRECTION ( 'NONE',  ( 1.000000000000000000, -0.0000000000000000000, 0.0000000000000000000 ) ) ;
#790 = CARTESIAN_POINT ( 'NONE',  ( -0.7300000000000000900, 0.0000000000000000000, 0.4299999999999999400 ) ) ;
#791 = PRODUCT ( '9HT12-32.768KBZC-T', '9HT12-32.768KBZC-T', '', ( #623 ) ) ;
#792 = CYLINDRICAL_SURFACE ( 'NONE', #1578, 0.05000000000000002400 ) ;
#793 = ORIENTED_EDGE ( 'NONE', *, *, #1614, .T. ) ;
#794 = CARTESIAN_POINT ( 'NONE',  ( -0.7249999999999999800, 0.5000000000000000000, 0.3749999999999992800 ) ) ;
#795 = DIRECTION ( 'NONE',  ( -0.0000000000000000000, -1.000000000000000000, -0.0000000000000000000 ) ) ;
#796 = AXIS2_PLACEMENT_3D ( 'NONE', #1580, #807, #1564 ) ;
#797 = ADVANCED_FACE ( 'NONE', ( #1041 ), #576, .T. ) ;
#798 = CARTESIAN_POINT ( 'NONE',  ( -0.5300000000000001400, 0.1000000000000000500, -0.4299999999999999400 ) ) ;
#799 = SURFACE_STYLE_FILL_AREA ( #833 ) ;
#800 = DIRECTION ( 'NONE',  ( 0.0000000000000000000, 0.0000000000000000000, 1.000000000000000000 ) ) ;
#801 = CARTESIAN_POINT ( 'NONE',  ( 0.6749999999999996000, 0.4400000000000000000, -0.4249999999999995400 ) ) ;
#802 = DIRECTION ( 'NONE',  ( -0.0000000000000000000, 0.0000000000000000000, -1.000000000000000000 ) ) ;
#803 = AXIS2_PLACEMENT_3D ( 'NONE', #1000, #1012, #1516 ) ;
#804 = EDGE_LOOP ( 'NONE', ( #1400, #362, #1099, #1097 ) ) ;
#805 = CARTESIAN_POINT ( 'NONE',  ( -0.7300000000000000900, 0.0000000000000000000, 0.4299999999999999400 ) ) ;
#806 = EDGE_CURVE ( 'NONE', #987, #1083, #284, .T. ) ;
#807 = DIRECTION ( 'NONE',  ( 0.0000000000000000000, -1.000000000000000000, 0.0000000000000000000 ) ) ;
#808 = LINE ( 'NONE', #542, #475 ) ;
#809 = LINE ( 'NONE', #1143, #477 ) ;
#810 = EDGE_CURVE ( 'NONE', #608, #400, #1619, .T. ) ;
#811 = CIRCLE ( 'NONE', #496, 0.05000000000000002400 ) ;
#812 =( NAMED_UNIT ( * ) PLANE_ANGLE_UNIT ( ) SI_UNIT ( $, .RADIAN. ) );
#813 = ORIENTED_EDGE ( 'NONE', *, *, #645, .T. ) ;
#814 = CARTESIAN_POINT ( 'NONE',  ( 0.7999999999999999300, 0.4400000000000000000, -0.4999999999999995600 ) ) ;
#815 = ORIENTED_EDGE ( 'NONE', *, *, #1096, .F. ) ;
#816 = LINE ( 'NONE', #1235, #499 ) ;
#817 = CARTESIAN_POINT ( 'NONE',  ( 0.3300000000000001300, 0.1000000000000000100, 0.4299999999999999900 ) ) ;
#818 = FACE_OUTER_BOUND ( 'NONE', #568, .T. ) ;
#819 = CARTESIAN_POINT ( 'NONE',  ( -0.3300000000000001300, 0.0000000000000000000, 0.4299999999999999900 ) ) ;
#820 = ORIENTED_EDGE ( 'NONE', *, *, #1094, .F. ) ;
#821 = LINE ( 'NONE', #817, #74 ) ;
#822 = VERTEX_POINT ( 'NONE', #695 ) ;
#823 = DIRECTION ( 'NONE',  ( -1.000000000000000000, 0.0000000000000000000, 0.0000000000000000000 ) ) ;
#824 = EDGE_LOOP ( 'NONE', ( #738, #1537, #390, #287 ) ) ;
#825 = CARTESIAN_POINT ( 'NONE',  ( 0.3300000000000001300, 0.1000000000000000500, 0.4299999999999999900 ) ) ;
#826 = ORIENTED_EDGE ( 'NONE', *, *, #1002, .T. ) ;
#827 = DIRECTION ( 'NONE',  ( 0.0000000000000000000, 0.0000000000000000000, 1.000000000000000000 ) ) ;
#828 = DIRECTION ( 'NONE',  ( 0.0000000000000000000, 0.0000000000000000000, 1.000000000000000000 ) ) ;
#829 = VECTOR ( 'NONE', #397, 1000.000000000000000 ) ;
#830 = EDGE_CURVE ( 'NONE', #1216, #322, #590, .T. ) ;
#831 = ORIENTED_EDGE ( 'NONE', *, *, #810, .F. ) ;
#832 = AXIS2_PLACEMENT_3D ( 'NONE', #119, #367, #1133 ) ;
#833 = FILL_AREA_STYLE ('',( #1339 ) ) ;
#834 = VECTOR ( 'NONE', #782, 1000.000000000000000 ) ;
#835 = DIRECTION ( 'NONE',  ( 0.0000000000000000000, -0.0000000000000000000, -1.000000000000000000 ) ) ;
#836 = COLOUR_RGB ( '',0.7921568627450980000, 0.8196078431372548800, 0.9333333333333333500 ) ;
#837 = EDGE_CURVE ( 'NONE', #1309, #1022, #1113, .T. ) ;
#838 = EDGE_LOOP ( 'NONE', ( #1336, #1440, #1084, #487 ) ) ;
#839 =( NAMED_UNIT ( * ) SI_UNIT ( $, .STERADIAN. ) SOLID_ANGLE_UNIT ( ) );
#840 = ORIENTED_EDGE ( 'NONE', *, *, #1217, .T. ) ;
#841 =( GEOMETRIC_REPRESENTATION_CONTEXT ( 3 ) GLOBAL_UNCERTAINTY_ASSIGNED_CONTEXT ( ( #575 ) ) GLOBAL_UNIT_ASSIGNED_CONTEXT ( ( #1122, #1366, #1531 ) ) REPRESENTATION_CONTEXT ( 'NONE', 'WORKASPACE' ) );
#842 = DIRECTION ( 'NONE',  ( 0.0000000000000000000, 0.0000000000000000000, -1.000000000000000000 ) ) ;
#843 = VERTEX_POINT ( 'NONE', #305 ) ;
#844 = SURFACE_SIDE_STYLE ('',( #1358 ) ) ;
#845 = CIRCLE ( 'NONE', #803, 0.05000000000000002400 ) ;
#846 = LINE ( 'NONE', #901, #928 ) ;
#847 = DIRECTION ( 'NONE',  ( 0.7071067811865477900, 0.0000000000000000000, -0.7071067811865473500 ) ) ;
#848 = LINE ( 'NONE', #891, #271 ) ;
#849 = CARTESIAN_POINT ( 'NONE',  ( -0.5300000000000001400, 1.048472456110350000, -0.4299999999999999400 ) ) ;
#850 = LINE ( 'NONE', #1306, #121 ) ;
#851 = VERTEX_POINT ( 'NONE', #1066 ) ;
#852 = PLANE ( 'NONE',  #693 ) ;
#853 = STYLED_ITEM ( 'NONE', ( #505 ), #1206 ) ;
#854 = EDGE_LOOP ( 'NONE', ( #1372, #344, #246, #658, #783 ) ) ;
#855 = DIRECTION ( 'NONE',  ( 0.0000000000000000000, 0.0000000000000000000, -1.000000000000000000 ) ) ;
#856 = PLANE ( 'NONE',  #320 ) ;
#857 = ORIENTED_EDGE ( 'NONE', *, *, #1538, .F. ) ;
#858 = CARTESIAN_POINT ( 'NONE',  ( 0.6749999999999999300, 0.4500000000000000700, -0.3749999999999995000 ) ) ;
#859 = ORIENTED_EDGE ( 'NONE', *, *, #1029, .F. ) ;
#860 = EDGE_CURVE ( 'NONE', #225, #1309, #779, .T. ) ;
#861 = ORIENTED_EDGE ( 'NONE', *, *, #1538, .T. ) ;
#862 = VERTEX_POINT ( 'NONE', #1200 ) ;
#863 = AXIS2_PLACEMENT_3D ( 'NONE', #337, #474, #1617 ) ;
#864 = PLANE ( 'NONE',  #261 ) ;
#865 = FACE_OUTER_BOUND ( 'NONE', #757, .T. ) ;
#866 = CARTESIAN_POINT ( 'NONE',  ( -0.7300000000000000900, 0.0000000000000000000, 0.4299999999999999400 ) ) ;
#867 = PLANE ( 'NONE',  #832 ) ;
#868 = CIRCLE ( 'NONE', #199, 0.05000000000000002400 ) ;
#869 = ORIENTED_EDGE ( 'NONE', *, *, #19, .F. ) ;
#870 = PLANE ( 'NONE',  #919 ) ;
#871 = DIRECTION ( 'NONE',  ( -0.0000000000000000000, -1.000000000000000000, -0.0000000000000000000 ) ) ;
#872 = LINE ( 'NONE', #1241, #169 ) ;
#873 = ORIENTED_EDGE ( 'NONE', *, *, #1508, .F. ) ;
#874 = EDGE_LOOP ( 'NONE', ( #110, #840, #318, #378 ) ) ;
#875 = CARTESIAN_POINT ( 'NONE',  ( 0.6749999999999999300, 0.4400000000000000000, -0.3749999999999995000 ) ) ;
#876 = DIRECTION ( 'NONE',  ( 1.355252715606880800E-016, -0.0000000000000000000, 1.000000000000000000 ) ) ;
#877 = AXIS2_PLACEMENT_3D ( 'NONE', #381, #1279, #519 ) ;
#878 = ORIENTED_EDGE ( 'NONE', *, *, #405, .T. ) ;
#879 = DIRECTION ( 'NONE',  ( 1.000000000000000000, 0.0000000000000000000, 0.0000000000000000000 ) ) ;
#880 =( GEOMETRIC_REPRESENTATION_CONTEXT ( 3 ) GLOBAL_UNCERTAINTY_ASSIGNED_CONTEXT ( ( #663 ) ) GLOBAL_UNIT_ASSIGNED_CONTEXT ( ( #1476, #721, #969 ) ) REPRESENTATION_CONTEXT ( 'NONE', 'WORKASPACE' ) );
#881 = ORIENTED_EDGE ( 'NONE', *, *, #1458, .F. ) ;
#882 = CARTESIAN_POINT ( 'NONE',  ( -0.7249999999999999800, 0.4500000000000000700, -0.3749999999999991700 ) ) ;
#883 = PRESENTATION_STYLE_ASSIGNMENT (( #133 ) ) ;
#884 = VECTOR ( 'NONE', #775, 1000.000000000000000 ) ;
#885 = CARTESIAN_POINT ( 'NONE',  ( -0.3300000000000001300, -0.0000000000000000000, -0.2299999999999998200 ) ) ;
#886 = DIRECTION ( 'NONE',  ( 0.0000000000000000000, 0.0000000000000000000, 1.000000000000000000 ) ) ;
#887 = LINE ( 'NONE', #274, #1449 ) ;
#888 = EDGE_LOOP ( 'NONE', ( #276, #687, #1267, #61, #873 ) ) ;
#889 = EDGE_CURVE ( 'NONE', #589, #822, #821, .T. ) ;
#890 = DIRECTION ( 'NONE',  ( 0.0000000000000000000, 0.0000000000000000000, 1.000000000000000000 ) ) ;
#891 = CARTESIAN_POINT ( 'NONE',  ( -0.3300000000000001300, 0.1000000000000000100, 0.4299999999999999900 ) ) ;
#892 = ORIENTED_EDGE ( 'NONE', *, *, #399, .F. ) ;
#893 = DIRECTION ( 'NONE',  ( 0.0000000000000000000, 1.000000000000000000, -0.0000000000000000000 ) ) ;
#894 = EDGE_CURVE ( 'NONE', #1405, #551, #957, .T. ) ;
#895 = ORIENTED_EDGE ( 'NONE', *, *, #443, .F. ) ;
#896 = ADVANCED_FACE ( 'NONE', ( #145 ), #482, .F. ) ;
#897 = CARTESIAN_POINT ( 'NONE',  ( -0.3300000000000001300, 1.048472456110350000, 0.4299999999999999900 ) ) ;
#898 = LINE ( 'NONE', #350, #30 ) ;
#899 = ADVANCED_FACE ( 'NONE', ( #709 ), #627, .T. ) ;
#900 = ORIENTED_EDGE ( 'NONE', *, *, #1035, .T. ) ;
#901 = CARTESIAN_POINT ( 'NONE',  ( 0.6749999999999996000, 0.4500000000000000700, -0.4249999999999995400 ) ) ;
#902 = ORIENTED_EDGE ( 'NONE', *, *, #582, .T. ) ;
#903 = DIRECTION ( 'NONE',  ( 1.000000000000000000, 0.0000000000000000000, 0.0000000000000000000 ) ) ;
#904 = EDGE_LOOP ( 'NONE', ( #41, #67, #1452, #97, #112, #1092, #302, #227 ) ) ;
#905 = ADVANCED_FACE ( 'NONE', ( #486 ), #864, .F. ) ;
#906 = FACE_OUTER_BOUND ( 'NONE', #1214, .T. ) ;
#907 = DIRECTION ( 'NONE',  ( 1.000000000000000000, 0.0000000000000000000, -0.0000000000000000000 ) ) ;
#908 = FACE_OUTER_BOUND ( 'NONE', #1148, .T. ) ;
#909 = DIRECTION ( 'NONE',  ( 0.0000000000000000000, 0.0000000000000000000, 1.000000000000000000 ) ) ;
#910 = VERTEX_POINT ( 'NONE', #361 ) ;
#911 = CIRCLE ( 'NONE', #753, 0.05000000000000002400 ) ;
#912 = EDGE_CURVE ( 'NONE', #275, #1014, #465, .T. ) ;
#913 = ADVANCED_FACE ( 'NONE', ( #1095 ), #617, .T. ) ;
#914 = CARTESIAN_POINT ( 'NONE',  ( 0.3300000000000001300, 0.0000000000000000000, -0.4299999999999999900 ) ) ;
#915 = PRESENTATION_LAYER_ASSIGNMENT (  '', '', ( #1616 ) ) ;
#916 = CARTESIAN_POINT ( 'NONE',  ( 0.6749999999999999300, 2.680773631397160600, -0.3749999999999995000 ) ) ;
#917 = EDGE_CURVE ( 'NONE', #648, #459, #1211, .T. ) ;
#918 = CARTESIAN_POINT ( 'NONE',  ( 0.7249999999999999800, 0.4400000000000000000, -0.3749999999999991700 ) ) ;
#919 = AXIS2_PLACEMENT_3D ( 'NONE', #252, #758, #1264 ) ;
#920 = CYLINDRICAL_SURFACE ( 'NONE', #1222, 0.05000000000000002400 ) ;
#921 = ORIENTED_EDGE ( 'NONE', *, *, #889, .T. ) ;
#922 = EDGE_LOOP ( 'NONE', ( #1584, #139, #892, #34 ) ) ;
#923 = ADVANCED_FACE ( 'NONE', ( #547 ), #109, .F. ) ;
#924 = VERTEX_POINT ( 'NONE', #127 ) ;
#925 = SURFACE_STYLE_USAGE ( .BOTH. , #667 ) ;
#926 = EDGE_CURVE ( 'NONE', #822, #943, #754, .T. ) ;
#927 = CARTESIAN_POINT ( 'NONE',  ( -0.3300000000000001300, 0.0000000000000000000, 0.4299999999999999900 ) ) ;
#928 = VECTOR ( 'NONE', #550, 1000.000000000000000 ) ;
#929 = AXIS2_PLACEMENT_3D ( 'NONE', #536, #907, #802 ) ;
#930 = EDGE_CURVE ( 'NONE', #524, #1249, #872, .T. ) ;
#931 = AXIS2_PLACEMENT_3D ( 'NONE', #1431, #154, #55 ) ;
#932 = CARTESIAN_POINT ( 'NONE',  ( -0.5300000000000001400, -0.0000000000000000000, -0.4299999999999999400 ) ) ;
#933 = ADVANCED_FACE ( 'NONE', ( #429 ), #867, .T. ) ;
#934 = LINE ( 'NONE', #1427, #1504 ) ;
#935 = CLOSED_SHELL ( 'NONE', ( #768, #1111, #219, #913, #1408, #1304, #561, #896, #1180, #151, #522, #905, #272, #282, #1043, #1158, #933 ) ) ;
#936 = DIRECTION ( 'NONE',  ( 0.0000000000000000000, 0.0000000000000000000, 1.000000000000000000 ) ) ;
#937 = ORIENTED_EDGE ( 'NONE', *, *, #103, .T. ) ;
#938 = CARTESIAN_POINT ( 'NONE',  ( -0.6749999999999996000, 2.680773631397160600, -0.4249999999999995400 ) ) ;
#939 = DIRECTION ( 'NONE',  ( 0.0000000000000000000, 0.0000000000000000000, -1.000000000000000000 ) ) ;
#940 = LINE ( 'NONE', #1597, #207 ) ;
#941 = FACE_OUTER_BOUND ( 'NONE', #1156, .T. ) ;
#942 = CARTESIAN_POINT ( 'NONE',  ( -0.3300000000000001300, 0.1000000000000000500, 0.4299999999999999900 ) ) ;
#943 = VERTEX_POINT ( 'NONE', #632 ) ;
#944 = CLOSED_SHELL ( 'NONE', ( #1030, #339, #1288, #797, #447, #1542 ) ) ;
#945 = CARTESIAN_POINT ( 'NONE',  ( -0.7300000000000000900, 0.0000000000000000000, 0.4299999999999999400 ) ) ;
#946 = EDGE_CURVE ( 'NONE', #608, #32, #1182, .T. ) ;
#947 = DIRECTION ( 'NONE',  ( 1.000000000000000000, 0.0000000000000000000, 0.0000000000000000000 ) ) ;
#948 = VECTOR ( 'NONE', #71, 1000.000000000000000 ) ;
#949 = VECTOR ( 'NONE', #1239, 1000.000000000000000 ) ;
#950 = EDGE_CURVE ( 'NONE', #1510, #943, #1218, .T. ) ;
#951 = CARTESIAN_POINT ( 'NONE',  ( 0.7249999999999999800, 0.4400000000000000000, 0.3749999999999992800 ) ) ;
#952 = ORIENTED_EDGE ( 'NONE', *, *, #1149, .F. ) ;
#953 = EDGE_LOOP ( 'NONE', ( #218, #815, #1533, #92 ) ) ;
#954 = CARTESIAN_POINT ( 'NONE',  ( -0.6749999999999999300, 2.680773631397160600, 0.3749999999999996100 ) ) ;
#955 = CARTESIAN_POINT ( 'NONE',  ( 0.6749999999999996000, 0.4400000000000000000, -0.4249999999999995400 ) ) ;
#956 = LINE ( 'NONE', #456, #1588 ) ;
#957 = LINE ( 'NONE', #1104, #359 ) ;
#958 = PRODUCT_DEFINITION_SHAPE ( 'NONE', 'NONE',  #1479 ) ;
#959 = ORIENTED_EDGE ( 'NONE', *, *, #665, .F. ) ;
#960 = EDGE_LOOP ( 'NONE', ( #1287, #360, #937, #618 ) ) ;
#961 = SURFACE_SIDE_STYLE ('',( #799 ) ) ;
#962 = DIRECTION ( 'NONE',  ( 1.000000000000000000, 0.0000000000000000000, 0.0000000000000000000 ) ) ;
#963 = DIRECTION ( 'NONE',  ( 0.0000000000000000000, 1.000000000000000000, 0.0000000000000000000 ) ) ;
#964 = LINE ( 'NONE', #1300, #1263 ) ;
#965 = AXIS2_PLACEMENT_3D ( 'NONE', #858, #1240, #1246 ) ;
#966 = LINE ( 'NONE', #1179, #767 ) ;
#967 = ORIENTED_EDGE ( 'NONE', *, *, #150, .F. ) ;
#968 = AXIS2_PLACEMENT_3D ( 'NONE', #897, #1280, #1146 ) ;
#969 =( NAMED_UNIT ( * ) SI_UNIT ( $, .STERADIAN. ) SOLID_ANGLE_UNIT ( ) );
#970 = EDGE_LOOP ( 'NONE', ( #1613, #1322, #1136, #1432 ) ) ;
#971 = DIRECTION ( 'NONE',  ( -1.000000000000000000, 0.0000000000000000000, 0.0000000000000000000 ) ) ;
#972 = VECTOR ( 'NONE', #903, 1000.000000000000000 ) ;
#973 = VECTOR ( 'NONE', #553, 1000.000000000000000 ) ;
#974 = EDGE_CURVE ( 'NONE', #115, #1577, #845, .T. ) ;
#975 = ORIENTED_EDGE ( 'NONE', *, *, #53, .T. ) ;
#976 = DIRECTION ( 'NONE',  ( -1.000000000000000000, 0.0000000000000000000, 0.0000000000000000000 ) ) ;
#977 = ORIENTED_EDGE ( 'NONE', *, *, #1063, .F. ) ;
#978 = EDGE_CURVE ( 'NONE', #1547, #1459, #511, .T. ) ;
#979 = EDGE_LOOP ( 'NONE', ( #628, #395, #857, #967 ) ) ;
#980 = DIRECTION ( 'NONE',  ( 0.0000000000000000000, 0.0000000000000000000, -1.000000000000000000 ) ) ;
#981 = UNCERTAINTY_MEASURE_WITH_UNIT (LENGTH_MEASURE( 1.000000000000000100E-005 ), #586, 'distance_accuracy_value', 'NONE');
#982 = ORIENTED_EDGE ( 'NONE', *, *, #728, .F. ) ;
#983 = DIRECTION ( 'NONE',  ( 0.0000000000000000000, -0.0000000000000000000, -1.000000000000000000 ) ) ;
#984 = LINE ( 'NONE', #1329, #1419 ) ;
#985 = FACE_OUTER_BOUND ( 'NONE', #824, .T. ) ;
#986 = CARTESIAN_POINT ( 'NONE',  ( -0.6749999999999996000, 2.680773631397160600, 0.4249999999999996600 ) ) ;
#987 = VERTEX_POINT ( 'NONE', #529 ) ;
#988 = VERTEX_POINT ( 'NONE', #760 ) ;
#989 = LINE ( 'NONE', #1307, #544 ) ;
#990 = PLANE ( 'NONE',  #1038 ) ;
#991 = ORIENTED_EDGE ( 'NONE', *, *, #1364, .T. ) ;
#992 = FACE_OUTER_BOUND ( 'NONE', #711, .T. ) ;
#993 = CARTESIAN_POINT ( 'NONE',  ( 0.7249999999999999800, 0.4500000000000000700, 0.3749999999999992800 ) ) ;
#994 = VERTEX_POINT ( 'NONE', #262 ) ;
#995 = AXIS2_PLACEMENT_3D ( 'NONE', #58, #297, #1319 ) ;
#996 = ORIENTED_EDGE ( 'NONE', *, *, #103, .F. ) ;
#997 = DIRECTION ( 'NONE',  ( -0.0000000000000000000, -1.000000000000000000, -0.0000000000000000000 ) ) ;
#998 = CARTESIAN_POINT ( 'NONE',  ( -0.7300000000000000900, -0.0000000000000000000, -0.4299999999999999400 ) ) ;
#999 = AXIS2_PLACEMENT_3D ( 'NONE', #938, #1183, #691 ) ;
#1000 = CARTESIAN_POINT ( 'NONE',  ( 0.6749999999999999300, 0.4500000000000000700, 0.3749999999999996100 ) ) ;
#1001 = CARTESIAN_POINT ( 'NONE',  ( -0.6749999999999996000, 0.4400000000000000000, -0.4249999999999995400 ) ) ;
#1002 = EDGE_CURVE ( 'NONE', #1022, #1046, #1443, .T. ) ;
#1003 = DIRECTION ( 'NONE',  ( -1.000000000000000000, 0.0000000000000000000, -1.355252715606880800E-016 ) ) ;
#1004 = DIRECTION ( 'NONE',  ( 0.0000000000000000000, 0.0000000000000000000, 1.000000000000000000 ) ) ;
#1005 = LINE ( 'NONE', #283, #293 ) ;
#1006 = EDGE_LOOP ( 'NONE', ( #1161, #285, #380, #686 ) ) ;
#1007 = EDGE_CURVE ( 'NONE', #229, #924, #1480, .T. ) ;
#1008 = CARTESIAN_POINT ( 'NONE',  ( -0.6749999999999996000, 0.4400000000000000000, 0.4249999999999996600 ) ) ;
#1009 = FACE_OUTER_BOUND ( 'NONE', #451, .T. ) ;
#1010 = FACE_BOUND ( 'NONE', #1297, .T. ) ;
#1011 = LINE ( 'NONE', #42, #335 ) ;
#1012 = DIRECTION ( 'NONE',  ( 0.0000000000000000000, 1.000000000000000000, 0.0000000000000000000 ) ) ;
#1013 = EDGE_LOOP ( 'NONE', ( #707, #281, #211, #1139 ) ) ;
#1014 = VERTEX_POINT ( 'NONE', #352 ) ;
#1015 = DIRECTION ( 'NONE',  ( 0.0000000000000000000, -1.000000000000000000, 0.0000000000000000000 ) ) ;
#1016 = ORIENTED_EDGE ( 'NONE', *, *, #19, .T. ) ;
#1017 = DIRECTION ( 'NONE',  ( -0.0000000000000000000, 0.0000000000000000000, 1.000000000000000000 ) ) ;
#1018 = AXIS2_PLACEMENT_3D ( 'NONE', #1164, #539, #35 ) ;
#1019 = VERTEX_POINT ( 'NONE', #266 ) ;
#1020 = DIRECTION ( 'NONE',  ( 0.0000000000000000000, -1.000000000000000000, 0.0000000000000000000 ) ) ;
#1021 = ADVANCED_FACE ( 'NONE', ( #1129 ), #1387, .T. ) ;
#1022 = VERTEX_POINT ( 'NONE', #766 ) ;
#1023 = CARTESIAN_POINT ( 'NONE',  ( -0.7300000000000000900, 1.048472456110350000, -0.4299999999999999400 ) ) ;
#1024 = LINE ( 'NONE', #1316, #948 ) ;
#1025 = CARTESIAN_POINT ( 'NONE',  ( -0.6749999999999996000, 2.680773631397160600, 0.4249999999999996600 ) ) ;
#1026 = LINE ( 'NONE', #343, #949 ) ;
#1027 = CARTESIAN_POINT ( 'NONE',  ( 0.7999999999999999300, 0.4400000000000000000, 0.5000000000000004400 ) ) ;
#1028 = LINE ( 'NONE', #1275, #1379 ) ;
#1029 = EDGE_CURVE ( 'NONE', #987, #304, #1079, .T. ) ;
#1030 = ADVANCED_FACE ( 'NONE', ( #503 ), #523, .T. ) ;
#1031 = ORIENTED_EDGE ( 'NONE', *, *, #206, .T. ) ;
#1032 = CARTESIAN_POINT ( 'NONE',  ( -0.8000000000000001600, 0.4500000000000000700, 0.5000000000000004400 ) ) ;
#1033 = MANIFOLD_SOLID_BREP ( 'Housing', #935 ) ;
#1034 = CARTESIAN_POINT ( 'NONE',  ( -0.3300000000000001300, 0.1000000000000000100, -0.2299999999999998200 ) ) ;
#1035 = EDGE_CURVE ( 'NONE', #1436, #1543, #848, .T. ) ;
#1036 = CIRCLE ( 'NONE', #6, 0.05000000000000002400 ) ;
#1037 = DIRECTION ( 'NONE',  ( 0.7071067811865473500, 0.0000000000000000000, 0.7071067811865477900 ) ) ;
#1038 = AXIS2_PLACEMENT_3D ( 'NONE', #1232, #480, #489 ) ;
#1039 = CARTESIAN_POINT ( 'NONE',  ( 0.6749999999999999300, 2.680773631397160600, 0.3749999999999996100 ) ) ;
#1040 = DIRECTION ( 'NONE',  ( -1.000000000000000000, 0.0000000000000000000, 0.0000000000000000000 ) ) ;
#1041 = FACE_OUTER_BOUND ( 'NONE', #804, .T. ) ;
#1042 = ORIENTED_EDGE ( 'NONE', *, *, #168, .F. ) ;
#1043 = ADVANCED_FACE ( 'NONE', ( #1521 ), #1273, .F. ) ;
#1044 = ORIENTED_EDGE ( 'NONE', *, *, #601, .F. ) ;
#1045 = CARTESIAN_POINT ( 'NONE',  ( 0.6749999999999996000, 0.4500000000000000700, -0.4249999999999995400 ) ) ;
#1046 = VERTEX_POINT ( 'NONE', #15 ) ;
#1047 = DIRECTION ( 'NONE',  ( 0.0000000000000000000, 1.000000000000000000, -0.0000000000000000000 ) ) ;
#1048 = FACE_OUTER_BOUND ( 'NONE', #300, .T. ) ;
#1049 = AXIS2_PLACEMENT_3D ( 'NONE', #188, #692, #1571 ) ;
#1050 = DIRECTION ( 'NONE',  ( -0.0000000000000000000, -1.000000000000000000, -0.0000000000000000000 ) ) ;
#1051 = FACE_BOUND ( 'NONE', #1106, .T. ) ;
#1052 = LINE ( 'NONE', #134, #415 ) ;
#1053 = EDGE_CURVE ( 'NONE', #1548, #298, #43, .T. ) ;
#1054 = CARTESIAN_POINT ( 'NONE',  ( 0.7249999999999999800, 0.4400000000000000000, -0.3749999999999991700 ) ) ;
#1055 = UNCERTAINTY_MEASURE_WITH_UNIT (LENGTH_MEASURE( 1.000000000000000100E-005 ), #1342, 'distance_accuracy_value', 'NONE');
#1056 = DIRECTION ( 'NONE',  ( 0.0000000000000000000, 0.0000000000000000000, 1.000000000000000000 ) ) ;
#1057 = ADVANCED_FACE ( 'NONE', ( #516 ), #990, .T. ) ;
#1058 = DIRECTION ( 'NONE',  ( 0.0000000000000000000, 0.0000000000000000000, -1.000000000000000000 ) ) ;
#1059 =( GEOMETRIC_REPRESENTATION_CONTEXT ( 3 ) GLOBAL_UNCERTAINTY_ASSIGNED_CONTEXT ( ( #1245 ) ) GLOBAL_UNIT_ASSIGNED_CONTEXT ( ( #1401, #514, #647 ) ) REPRESENTATION_CONTEXT ( 'NONE', 'WORKASPACE' ) );
#1060 = VERTEX_POINT ( 'NONE', #619 ) ;
#1061 = ORIENTED_EDGE ( 'NONE', *, *, #1367, .T. ) ;
#1062 = CARTESIAN_POINT ( 'NONE',  ( 0.3300000000000001300, 0.0000000000000000000, 0.4299999999999999900 ) ) ;
#1063 = EDGE_CURVE ( 'NONE', #115, #275, #410, .T. ) ;
#1064 = CARTESIAN_POINT ( 'NONE',  ( 0.7300000000000000900, 0.1000000000000000100, -0.4299999999999999400 ) ) ;
#1065 = CARTESIAN_POINT ( 'NONE',  ( -0.6749999999999999300, 0.4400000000000000000, -0.3749999999999995000 ) ) ;
#1066 = CARTESIAN_POINT ( 'NONE',  ( -0.5300000000000001400, -0.0000000000000000000, -0.4299999999999999400 ) ) ;
#1067 = FACE_OUTER_BOUND ( 'NONE', #718, .T. ) ;
#1068 = EDGE_CURVE ( 'NONE', #153, #1192, #348, .T. ) ;
#1069 = LINE ( 'NONE', #1611, #1284 ) ;
#1070 = CARTESIAN_POINT ( 'NONE',  ( -0.6749999999999999300, 0.4500000000000000700, -0.3749999999999995000 ) ) ;
#1071 = PLANE ( 'NONE',  #1468 ) ;
#1072 = FACE_OUTER_BOUND ( 'NONE', #1231, .T. ) ;
#1073 = ORIENTED_EDGE ( 'NONE', *, *, #57, .F. ) ;
#1074 = ORIENTED_EDGE ( 'NONE', *, *, #187, .F. ) ;
#1075 = CARTESIAN_POINT ( 'NONE',  ( 0.0000000000000000000, 0.1000000000000000100, 0.0000000000000000000 ) ) ;
#1076 = VERTEX_POINT ( 'NONE', #1357 ) ;
#1077 = DIRECTION ( 'NONE',  ( -1.000000000000000000, 0.0000000000000000000, -1.355252715606880800E-016 ) ) ;
#1078 = ORIENTED_EDGE ( 'NONE', *, *, #1391, .T. ) ;
#1079 = LINE ( 'NONE', #756, #500 ) ;
#1080 = EDGE_LOOP ( 'NONE', ( #1159, #1107, #1078, #354 ) ) ;
#1081 = FILL_AREA_STYLE_COLOUR ( '', #613 ) ;
#1082 = VERTEX_POINT ( 'NONE', #91 ) ;
#1083 = VERTEX_POINT ( 'NONE', #737 ) ;
#1084 = ORIENTED_EDGE ( 'NONE', *, *, #894, .F. ) ;
#1085 = CARTESIAN_POINT ( 'NONE',  ( 0.7249999999999999800, 0.4500000000000000700, 0.3749999999999992800 ) ) ;
#1086 = AXIS2_PLACEMENT_3D ( 'NONE', #1369, #604, #621 ) ;
#1087 = FACE_OUTER_BOUND ( 'NONE', #504, .T. ) ;
#1088 =( GEOMETRIC_REPRESENTATION_CONTEXT ( 3 ) GLOBAL_UNCERTAINTY_ASSIGNED_CONTEXT ( ( #981 ) ) GLOBAL_UNIT_ASSIGNED_CONTEXT ( ( #586, #712, #839 ) ) REPRESENTATION_CONTEXT ( 'NONE', 'WORKASPACE' ) );
#1089 = STYLED_ITEM ( 'NONE', ( #1242 ), #1389 ) ;
#1090 = CARTESIAN_POINT ( 'NONE',  ( 0.7999999999999999300, 0.4500000000000000700, -0.4999999999999995600 ) ) ;
#1091 = FACE_OUTER_BOUND ( 'NONE', #1594, .T. ) ;
#1092 = ORIENTED_EDGE ( 'NONE', *, *, #1477, .T. ) ;
#1093 = LINE ( 'NONE', #422, #1250 ) ;
#1094 = EDGE_CURVE ( 'NONE', #1022, #459, #731, .T. ) ;
#1095 = FACE_OUTER_BOUND ( 'NONE', #1298, .T. ) ;
#1096 = EDGE_CURVE ( 'NONE', #1577, #1014, #196, .T. ) ;
#1097 = ORIENTED_EDGE ( 'NONE', *, *, #582, .F. ) ;
#1098 = DIRECTION ( 'NONE',  ( -0.0000000000000000000, -0.0000000000000000000, 1.000000000000000000 ) ) ;
#1099 = ORIENTED_EDGE ( 'NONE', *, *, #1602, .F. ) ;
#1100 = ORIENTED_EDGE ( 'NONE', *, *, #698, .F. ) ;
#1101 = DIRECTION ( 'NONE',  ( -0.0000000000000000000, -1.000000000000000000, -0.0000000000000000000 ) ) ;
#1102 = VECTOR ( 'NONE', #1271, 1000.000000000000000 ) ;
#1103 = MECHANICAL_DESIGN_GEOMETRIC_PRESENTATION_REPRESENTATION (  '', ( #746 ), #256 ) ;
#1104 = CARTESIAN_POINT ( 'NONE',  ( 0.7999999999999999300, 0.4400000000000000000, 0.0000000000000000000 ) ) ;
#1105 = VECTOR ( 'NONE', #1406, 1000.000000000000000 ) ;
#1106 = EDGE_LOOP ( 'NONE', ( #1100, #1311, #1215, #710 ) ) ;
#1107 = ORIENTED_EDGE ( 'NONE', *, *, #1602, .T. ) ;
#1108 = CARTESIAN_POINT ( 'NONE',  ( -0.3300000000000001300, -0.0000000000000000000, -0.2299999999999998200 ) ) ;
#1109 = EDGE_CURVE ( 'NONE', #400, #1208, #1484, .T. ) ;
#1110 = ORIENTED_EDGE ( 'NONE', *, *, #1096, .T. ) ;
#1111 = ADVANCED_FACE ( 'NONE', ( #386 ), #856, .F. ) ;
#1112 = VECTOR ( 'NONE', #1603, 1000.000000000000000 ) ;
#1113 = LINE ( 'NONE', #450, #1155 ) ;
#1114 = CARTESIAN_POINT ( 'NONE',  ( -0.7300000000000000900, -0.0000000000000000000, -0.4299999999999999400 ) ) ;
#1115 = ORIENTED_EDGE ( 'NONE', *, *, #438, .F. ) ;
#1116 = FILL_AREA_STYLE ('',( #349 ) ) ;
#1117 = EDGE_CURVE ( 'NONE', #1605, #1350, #1377, .T. ) ;
#1118 = ORIENTED_EDGE ( 'NONE', *, *, #190, .F. ) ;
#1119 = CARTESIAN_POINT ( 'NONE',  ( 0.6749999999999996000, 0.4500000000000000700, 0.4249999999999996600 ) ) ;
#1120 = AXIS2_PLACEMENT_3D ( 'NONE', #1525, #893, #136 ) ;
#1121 = LINE ( 'NONE', #1456, #455 ) ;
#1122 =( LENGTH_UNIT ( ) NAMED_UNIT ( * ) SI_UNIT ( .MILLI., .METRE. ) );
#1123 = DIRECTION ( 'NONE',  ( 1.000000000000000000, 0.0000000000000000000, -1.355252715606880800E-016 ) ) ;
#1124 = DIRECTION ( 'NONE',  ( 1.000000000000000000, 0.0000000000000000000, -1.355252715606880800E-016 ) ) ;
#1125 = LINE ( 'NONE', #685, #1344 ) ;
#1126 = EDGE_LOOP ( 'NONE', ( #113, #469, #881, #1566 ) ) ;
#1127 = DIRECTION ( 'NONE',  ( 1.000000000000000000, 0.0000000000000000000, 1.355252715606880800E-016 ) ) ;
#1128 = DIRECTION ( 'NONE',  ( 1.000000000000000000, 0.0000000000000000000, 0.0000000000000000000 ) ) ;
#1129 = FACE_OUTER_BOUND ( 'NONE', #1572, .T. ) ;
#1130 = ORIENTED_EDGE ( 'NONE', *, *, #1134, .F. ) ;
#1131 = LINE ( 'NONE', #849, #1511 ) ;
#1132 = PLANE ( 'NONE',  #1356 ) ;
#1133 = DIRECTION ( 'NONE',  ( 0.0000000000000000000, -0.0000000000000000000, -1.000000000000000000 ) ) ;
#1134 = EDGE_CURVE ( 'NONE', #530, #750, #181, .T. ) ;
#1135 = CARTESIAN_POINT ( 'NONE',  ( -0.7300000000000000900, 0.1000000000000000100, 0.4299999999999999400 ) ) ;
#1136 = ORIENTED_EDGE ( 'NONE', *, *, #570, .F. ) ;
#1137 = AXIS2_PLACEMENT_3D ( 'NONE', #1085, #1355, #827 ) ;
#1138 = DIRECTION ( 'NONE',  ( 0.0000000000000000000, 0.0000000000000000000, -1.000000000000000000 ) ) ;
#1139 = ORIENTED_EDGE ( 'NONE', *, *, #1094, .T. ) ;
#1140 = STYLED_ITEM ( 'NONE', ( #883 ), #1033 ) ;
#1141 = CARTESIAN_POINT ( 'NONE',  ( -0.8000000000000001600, 0.4400000000000000000, 0.5000000000000004400 ) ) ;
#1142 = COLOUR_RGB ( '',1.000000000000000000, 0.8117647058823529400, 0.5019607843137254800 ) ;
#1143 = CARTESIAN_POINT ( 'NONE',  ( -0.3300000000000001300, 1.048472456110350000, 0.4299999999999999900 ) ) ;
#1144 = DIRECTION ( 'NONE',  ( 0.0000000000000000000, 0.0000000000000000000, -1.000000000000000000 ) ) ;
#1145 = EDGE_CURVE ( 'NONE', #988, #1019, #1465, .T. ) ;
#1146 = DIRECTION ( 'NONE',  ( 1.000000000000000000, 0.0000000000000000000, 1.355252715606880800E-016 ) ) ;
#1147 = VECTOR ( 'NONE', #1410, 1000.000000000000000 ) ;
#1148 = EDGE_LOOP ( 'NONE', ( #975, #574, #1418, #201 ) ) ;
#1149 = EDGE_CURVE ( 'NONE', #1076, #1402, #1069, .T. ) ;
#1150 = ORIENTED_EDGE ( 'NONE', *, *, #950, .T. ) ;
#1151 = CIRCLE ( 'NONE', #762, 0.05000000000000002400 ) ;
#1152 = DIRECTION ( 'NONE',  ( -0.0000000000000000000, -1.000000000000000000, -0.0000000000000000000 ) ) ;
#1153 = LINE ( 'NONE', #1207, #1618 ) ;
#1154 = CARTESIAN_POINT ( 'NONE',  ( -0.8000000000000001600, 0.4400000000000000000, -0.4999999999999995600 ) ) ;
#1155 = VECTOR ( 'NONE', #729, 1000.000000000000000 ) ;
#1156 = EDGE_LOOP ( 'NONE', ( #338, #1130, #1461, #605 ) ) ;
#1157 = DIRECTION ( 'NONE',  ( -1.000000000000000000, 0.0000000000000000000, -1.355252715606880800E-016 ) ) ;
#1158 = ADVANCED_FACE ( 'NONE', ( #63 ), #612, .F. ) ;
#1159 = ORIENTED_EDGE ( 'NONE', *, *, #168, .T. ) ;
#1160 = PLANE ( 'NONE',  #678 ) ;
#1161 = ORIENTED_EDGE ( 'NONE', *, *, #702, .F. ) ;
#1162 = DIRECTION ( 'NONE',  ( -0.0000000000000000000, -1.000000000000000000, -0.0000000000000000000 ) ) ;
#1163 = PLANE ( 'NONE',  #796 ) ;
#1164 = CARTESIAN_POINT ( 'NONE',  ( 0.0000000000000000000, 0.4400000000000000000, -0.4999999999999995600 ) ) ;
#1165 = VECTOR ( 'NONE', #1378, 1000.000000000000000 ) ;
#1166 = DIRECTION ( 'NONE',  ( 0.0000000000000000000, 1.000000000000000000, -0.0000000000000000000 ) ) ;
#1167 = PLANE ( 'NONE',  #1624 ) ;
#1168 = CIRCLE ( 'NONE', #418, 0.05000000000000002400 ) ;
#1169 = VERTEX_POINT ( 'NONE', #99 ) ;
#1170 = CARTESIAN_POINT ( 'NONE',  ( 0.3300000000000001300, 0.1000000000000000500, -0.4299999999999999900 ) ) ;
#1171 = AXIS2_PLACEMENT_3D ( 'NONE', #167, #1187, #936 ) ;
#1172 = VECTOR ( 'NONE', #1375, 1000.000000000000000 ) ;
#1173 = CARTESIAN_POINT ( 'NONE',  ( -0.8000000000000001600, 0.4400000000000000000, 0.5000000000000004400 ) ) ;
#1174 = VECTOR ( 'NONE', #1098, 1000.000000000000000 ) ;
#1175 = ORIENTED_EDGE ( 'NONE', *, *, #1439, .F. ) ;
#1176 =( NAMED_UNIT ( * ) PLANE_ANGLE_UNIT ( ) SI_UNIT ( $, .RADIAN. ) );
#1177 = ORIENTED_EDGE ( 'NONE', *, *, #501, .F. ) ;
#1178 = EDGE_CURVE ( 'NONE', #530, #1547, #1026, .T. ) ;
#1179 = CARTESIAN_POINT ( 'NONE',  ( 0.3300000000000001300, 0.1000000000000000500, 0.4299999999999999900 ) ) ;
#1180 = ADVANCED_FACE ( 'NONE', ( #865 ), #852, .F. ) ;
#1181 = ORIENTED_EDGE ( 'NONE', *, *, #1439, .T. ) ;
#1182 = LINE ( 'NONE', #1612, #1301 ) ;
#1183 = DIRECTION ( 'NONE',  ( 0.0000000000000000000, 0.0000000000000000000, 1.000000000000000000 ) ) ;
#1184 = DIRECTION ( 'NONE',  ( 0.0000000000000000000, 0.0000000000000000000, 1.000000000000000000 ) ) ;
#1185 = LINE ( 'NONE', #39, #563 ) ;
#1186 = VECTOR ( 'NONE', #1351, 1000.000000000000000 ) ;
#1187 = DIRECTION ( 'NONE',  ( -1.000000000000000000, 0.0000000000000000000, 0.0000000000000000000 ) ) ;
#1188 = VECTOR ( 'NONE', #37, 1000.000000000000000 ) ;
#1189 = ORIENTED_EDGE ( 'NONE', *, *, #1202, .F. ) ;
#1190 = AXIS2_PLACEMENT_3D ( 'NONE', #1065, #59, #466 ) ;
#1191 = CARTESIAN_POINT ( 'NONE',  ( 0.7300000000000000900, 0.1000000000000000500, 0.4299999999999999400 ) ) ;
#1192 = VERTEX_POINT ( 'NONE', #630 ) ;
#1193 = ORIENTED_EDGE ( 'NONE', *, *, #72, .T. ) ;
#1194 = VERTEX_POINT ( 'NONE', #365 ) ;
#1195 = CARTESIAN_POINT ( 'NONE',  ( -0.7249999999999999800, 0.4400000000000000000, 0.3749999999999992800 ) ) ;
#1196 = PLANE ( 'NONE',  #247 ) ;
#1197 = ORIENTED_EDGE ( 'NONE', *, *, #614, .T. ) ;
#1198 = EDGE_CURVE ( 'NONE', #267, #1457, #537, .T. ) ;
#1199 = ORIENTED_EDGE ( 'NONE', *, *, #565, .T. ) ;
#1200 = CARTESIAN_POINT ( 'NONE',  ( 0.7999999999999999300, 0.0000000000000000000, -0.4999999999999995600 ) ) ;
#1201 = VECTOR ( 'NONE', #1540, 1000.000000000000000 ) ;
#1202 = EDGE_CURVE ( 'NONE', #1601, #524, #1446, .T. ) ;
#1203 = VECTOR ( 'NONE', #997, 1000.000000000000000 ) ;
#1204 = AXIS2_PLACEMENT_3D ( 'NONE', #659, #855, #580 ) ;
#1205 = DIRECTION ( 'NONE',  ( 1.000000000000000000, 0.0000000000000000000, 0.0000000000000000000 ) ) ;
#1206 = ADVANCED_BREP_SHAPE_REPRESENTATION ( '9HT12-32.768KBZC-T', ( #316, #1389, #1033, #1569, #1497, #1220 ), #1088 ) ;
#1207 = CARTESIAN_POINT ( 'NONE',  ( 0.6749999999999996000, 0.4500000000000000700, -0.4249999999999995400 ) ) ;
#1208 = VERTEX_POINT ( 'NONE', #1114 ) ;
#1209 = PLANE ( 'NONE',  #208 ) ;
#1210 = VECTOR ( 'NONE', #1295, 1000.000000000000000 ) ;
#1211 = LINE ( 'NONE', #741, #1172 ) ;
#1212 = CYLINDRICAL_SURFACE ( 'NONE', #965, 0.05000000000000002400 ) ;
#1213 = PLANE ( 'NONE',  #1137 ) ;
#1214 = EDGE_LOOP ( 'NONE', ( #1592, #1181, #70, #1384 ) ) ;
#1215 = ORIENTED_EDGE ( 'NONE', *, *, #776, .F. ) ;
#1216 = VERTEX_POINT ( 'NONE', #1518 ) ;
#1217 = EDGE_CURVE ( 'NONE', #1605, #1019, #809, .T. ) ;
#1218 = LINE ( 'NONE', #747, #1625 ) ;
#1219 = FACE_OUTER_BOUND ( 'NONE', #1563, .T. ) ;
#1220 = AXIS2_PLACEMENT_3D ( 'NONE', #468, #629, #1128 ) ;
#1221 = UNCERTAINTY_MEASURE_WITH_UNIT (LENGTH_MEASURE( 1.000000000000000100E-005 ), #1447, 'distance_accuracy_value', 'NONE');
#1222 = AXIS2_PLACEMENT_3D ( 'NONE', #954, #317, #980 ) ;
#1223 = VECTOR ( 'NONE', #1020, 1000.000000000000000 ) ;
#1224 = ORIENTED_EDGE ( 'NONE', *, *, #1109, .T. ) ;
#1225 = CARTESIAN_POINT ( 'NONE',  ( -0.3300000000000001300, 0.1000000000000000500, -0.2299999999999998200 ) ) ;
#1226 = ORIENTED_EDGE ( 'NONE', *, *, #405, .F. ) ;
#1227 = CARTESIAN_POINT ( 'NONE',  ( -0.7300000000000000900, 1.048472456110350000, 0.4299999999999999400 ) ) ;
#1228 = EDGE_CURVE ( 'NONE', #1543, #400, #1499, .T. ) ;
#1229 = ADVANCED_FACE ( 'NONE', ( #745 ), #870, .T. ) ;
#1230 = DIRECTION ( 'NONE',  ( 0.0000000000000000000, -0.0000000000000000000, 1.000000000000000000 ) ) ;
#1231 = EDGE_LOOP ( 'NONE', ( #105, #1291, #1016, #75 ) ) ;
#1232 = CARTESIAN_POINT ( 'NONE',  ( -0.5300000000000001400, 1.048472456110350000, -0.4299999999999999400 ) ) ;
#1233 = EDGE_LOOP ( 'NONE', ( #306, #312, #1491, #681 ) ) ;
#1234 = CIRCLE ( 'NONE', #1558, 0.05000000000000002400 ) ;
#1235 = CARTESIAN_POINT ( 'NONE',  ( -0.6749999999999996000, 0.4500000000000000700, -0.4249999999999995400 ) ) ;
#1236 = EDGE_CURVE ( 'NONE', #1386, #275, #1422, .T. ) ;
#1237 = DIRECTION ( 'NONE',  ( 0.0000000000000000000, 0.0000000000000000000, -1.000000000000000000 ) ) ;
#1238 = ORIENTED_EDGE ( 'NONE', *, *, #1134, .T. ) ;
#1239 = DIRECTION ( 'NONE',  ( -0.0000000000000000000, -0.0000000000000000000, 1.000000000000000000 ) ) ;
#1240 = DIRECTION ( 'NONE',  ( -0.0000000000000000000, -1.000000000000000000, -0.0000000000000000000 ) ) ;
#1241 = CARTESIAN_POINT ( 'NONE',  ( -0.7249999999999999800, 0.4400000000000000000, -0.3749999999999991700 ) ) ;
#1242 = PRESENTATION_STYLE_ASSIGNMENT (( #925 ) ) ;
#1243 = VECTOR ( 'NONE', #1498, 1000.000000000000000 ) ;
#1244 = DIRECTION ( 'NONE',  ( 0.0000000000000000000, 0.0000000000000000000, -1.000000000000000000 ) ) ;
#1245 = UNCERTAINTY_MEASURE_WITH_UNIT (LENGTH_MEASURE( 1.000000000000000100E-005 ), #1401, 'distance_accuracy_value', 'NONE');
#1246 = DIRECTION ( 'NONE',  ( 0.0000000000000000000, 0.0000000000000000000, -1.000000000000000000 ) ) ;
#1247 = DIRECTION ( 'NONE',  ( -0.0000000000000000000, -1.000000000000000000, -0.0000000000000000000 ) ) ;
#1248 = ORIENTED_EDGE ( 'NONE', *, *, #1488, .F. ) ;
#1249 = VERTEX_POINT ( 'NONE', #12 ) ;
#1250 = VECTOR ( 'NONE', #1560, 1000.000000000000000 ) ;
#1251 = LINE ( 'NONE', #1415, #420 ) ;
#1252 = CARTESIAN_POINT ( 'NONE',  ( -0.6749999999999996000, 0.4500000000000000700, 0.4249999999999996600 ) ) ;
#1253 = AXIS2_PLACEMENT_3D ( 'NONE', #543, #1421, #669 ) ;
#1254 = VECTOR ( 'NONE', #160, 1000.000000000000000 ) ;
#1255 = SHAPE_DEFINITION_REPRESENTATION ( #958, #1206 ) ;
#1256 = ORIENTED_EDGE ( 'NONE', *, *, #565, .F. ) ;
#1257 = VERTEX_POINT ( 'NONE', #1001 ) ;
#1258 = PRESENTATION_LAYER_ASSIGNMENT (  '', '', ( #746 ) ) ;
#1259 = CARTESIAN_POINT ( 'NONE',  ( -0.6749999999999999300, 2.680773631397160600, -0.3749999999999995000 ) ) ;
#1260 = EDGE_LOOP ( 'NONE', ( #700, #94, #1281, #1615 ) ) ;
#1261 = PLANE ( 'NONE',  #534 ) ;
#1262 = EDGE_CURVE ( 'NONE', #551, #862, #1327, .T. ) ;
#1263 = VECTOR ( 'NONE', #411, 1000.000000000000000 ) ;
#1264 = DIRECTION ( 'NONE',  ( -1.000000000000000000, 0.0000000000000000000, -0.0000000000000000000 ) ) ;
#1265 = AXIS2_PLACEMENT_3D ( 'NONE', #1544, #788, #454 ) ;
#1266 = FACE_OUTER_BOUND ( 'NONE', #874, .T. ) ;
#1267 = ORIENTED_EDGE ( 'NONE', *, *, #673, .F. ) ;
#1268 = CARTESIAN_POINT ( 'NONE',  ( 0.3300000000000001300, 0.1000000000000000100, -0.4299999999999999900 ) ) ;
#1269 = DIRECTION ( 'NONE',  ( 0.0000000000000000000, 0.0000000000000000000, 1.000000000000000000 ) ) ;
#1270 = EDGE_LOOP ( 'NONE', ( #425, #531, #1595, #1494 ) ) ;
#1271 = DIRECTION ( 'NONE',  ( -0.0000000000000000000, -1.000000000000000000, -0.0000000000000000000 ) ) ;
#1272 = CARTESIAN_POINT ( 'NONE',  ( -0.3300000000000001300, 0.1000000000000000100, -0.2299999999999998200 ) ) ;
#1273 = PLANE ( 'NONE',  #341 ) ;
#1274 = VECTOR ( 'NONE', #740, 1000.000000000000000 ) ;
#1275 = CARTESIAN_POINT ( 'NONE',  ( 0.7999999999999999300, 0.0000000000000000000, 0.0000000000000000000 ) ) ;
#1276 = AXIS2_PLACEMENT_3D ( 'NONE', #606, #321, #1470 ) ;
#1277 = DIRECTION ( 'NONE',  ( 1.000000000000000000, 0.0000000000000000000, 0.0000000000000000000 ) ) ;
#1278 = CLOSED_SHELL ( 'NONE', ( #1021, #414, #1057, #1229, #1313, #1549, #554 ) ) ;
#1279 = DIRECTION ( 'NONE',  ( 1.000000000000000000, -0.0000000000000000000, 0.0000000000000000000 ) ) ;
#1280 = DIRECTION ( 'NONE',  ( -1.355252715606880800E-016, 0.0000000000000000000, 1.000000000000000000 ) ) ;
#1281 = ORIENTED_EDGE ( 'NONE', *, *, #216, .F. ) ;
#1282 = LINE ( 'NONE', #557, #1517 ) ;
#1283 = CARTESIAN_POINT ( 'NONE',  ( -0.5300000000000001400, 0.1000000000000000500, -0.4299999999999999400 ) ) ;
#1284 = VECTOR ( 'NONE', #228, 1000.000000000000000 ) ;
#1285 = EDGE_CURVE ( 'NONE', #1083, #391, #457, .T. ) ;
#1286 = PLANE ( 'NONE',  #1018 ) ;
#1287 = ORIENTED_EDGE ( 'NONE', *, *, #1477, .F. ) ;
#1288 = ADVANCED_FACE ( 'NONE', ( #985 ), #1509, .T. ) ;
#1289 =( LENGTH_UNIT ( ) NAMED_UNIT ( * ) SI_UNIT ( .MILLI., .METRE. ) );
#1290 = EDGE_CURVE ( 'NONE', #1076, #1169, #82, .T. ) ;
#1291 = ORIENTED_EDGE ( 'NONE', *, *, #1346, .F. ) ;
#1292 = LINE ( 'NONE', #195, #624 ) ;
#1293 = CARTESIAN_POINT ( 'NONE',  ( -0.7300000000000000900, 0.1000000000000000500, -0.4299999999999999400 ) ) ;
#1294 = VERTEX_POINT ( 'NONE', #375 ) ;
#1295 = DIRECTION ( 'NONE',  ( -0.0000000000000000000, -1.000000000000000000, -0.0000000000000000000 ) ) ;
#1296 = LINE ( 'NONE', #1321, #1455 ) ;
#1297 = EDGE_LOOP ( 'NONE', ( #1193, #1412, #191, #694, #49, #38, #122, #1031 ) ) ;
#1298 = EDGE_LOOP ( 'NONE', ( #508, #1118, #1338, #1352 ) ) ;
#1299 = CARTESIAN_POINT ( 'NONE',  ( 0.7999999999999999300, 0.4400000000000000000, -0.4999999999999995600 ) ) ;
#1300 = CARTESIAN_POINT ( 'NONE',  ( -0.8000000000000001600, 0.4500000000000000700, 0.5000000000000004400 ) ) ;
#1301 = VECTOR ( 'NONE', #373, 1000.000000000000000 ) ;
#1302 = CYLINDRICAL_SURFACE ( 'NONE', #1370, 0.05000000000000002400 ) ;
#1303 = DIRECTION ( 'NONE',  ( 0.0000000000000000000, 0.0000000000000000000, 1.000000000000000000 ) ) ;
#1304 = ADVANCED_FACE ( 'NONE', ( #135, #1051, #714 ), #248, .F. ) ;
#1305 =( NAMED_UNIT ( * ) SI_UNIT ( $, .STERADIAN. ) SOLID_ANGLE_UNIT ( ) );
#1306 = CARTESIAN_POINT ( 'NONE',  ( 0.3300000000000001300, 0.1000000000000000100, 0.4299999999999999900 ) ) ;
#1307 = CARTESIAN_POINT ( 'NONE',  ( -0.8000000000000001600, 0.4400000000000000000, 0.0000000000000000000 ) ) ;
#1308 = FACE_OUTER_BOUND ( 'NONE', #1587, .T. ) ;
#1309 = VERTEX_POINT ( 'NONE', #518 ) ;
#1310 = PLANE ( 'NONE',  #1550 ) ;
#1311 = ORIENTED_EDGE ( 'NONE', *, *, #950, .F. ) ;
#1312 = CARTESIAN_POINT ( 'NONE',  ( -0.8000000000000001600, 0.4500000000000000700, -0.4999999999999995600 ) ) ;
#1313 = ADVANCED_FACE ( 'NONE', ( #1359 ), #1261, .T. ) ;
#1314 = VERTEX_POINT ( 'NONE', #8 ) ;
#1315 = ADVANCED_FACE ( 'NONE', ( #579, #1582 ), #257, .T. ) ;
#1316 = CARTESIAN_POINT ( 'NONE',  ( -0.7300000000000000900, -0.0000000000000000000, -0.4299999999999999400 ) ) ;
#1317 = ORIENTED_EDGE ( 'NONE', *, *, #1217, .F. ) ;
#1318 = EDGE_CURVE ( 'NONE', #527, #331, #513, .T. ) ;
#1319 = DIRECTION ( 'NONE',  ( 0.0000000000000000000, 0.0000000000000000000, 1.000000000000000000 ) ) ;
#1320 = ORIENTED_EDGE ( 'NONE', *, *, #506, .F. ) ;
#1321 = CARTESIAN_POINT ( 'NONE',  ( 0.3300000000000001300, 0.0000000000000000000, 0.4299999999999999900 ) ) ;
#1322 = ORIENTED_EDGE ( 'NONE', *, *, #1035, .F. ) ;
#1323 = EDGE_CURVE ( 'NONE', #1532, #851, #1445, .T. ) ;
#1324 =( NAMED_UNIT ( * ) SI_UNIT ( $, .STERADIAN. ) SOLID_ANGLE_UNIT ( ) );
#1325 = CARTESIAN_POINT ( 'NONE',  ( -0.7300000000000000900, 0.1000000000000000500, -0.4299999999999999400 ) ) ;
#1326 = VECTOR ( 'NONE', #1568, 1000.000000000000000 ) ;
#1327 = LINE ( 'NONE', #385, #1102 ) ;
#1328 = DIRECTION ( 'NONE',  ( 1.000000000000000000, 0.0000000000000000000, -0.0000000000000000000 ) ) ;
#1329 = CARTESIAN_POINT ( 'NONE',  ( -0.7300000000000000900, -0.0000000000000000000, -0.4299999999999999400 ) ) ;
#1330 = ORIENTED_EDGE ( 'NONE', *, *, #314, .T. ) ;
#1331 = COLOUR_RGB ( '',0.7921568627450980000, 0.8196078431372548800, 0.9333333333333333500 ) ;
#1332 = DIRECTION ( 'NONE',  ( 1.000000000000000000, 0.0000000000000000000, 1.355252715606880800E-016 ) ) ;
#1333 = EDGE_LOOP ( 'NONE', ( #363, #1345, #595, #1438 ) ) ;
#1334 = ORIENTED_EDGE ( 'NONE', *, *, #917, .F. ) ;
#1335 = VECTOR ( 'NONE', #701, 1000.000000000000000 ) ;
#1336 = ORIENTED_EDGE ( 'NONE', *, *, #601, .T. ) ;
#1337 = DIRECTION ( 'NONE',  ( -0.0000000000000000000, -1.000000000000000000, -0.0000000000000000000 ) ) ;
#1338 = ORIENTED_EDGE ( 'NONE', *, *, #265, .T. ) ;
#1339 = FILL_AREA_STYLE_COLOUR ( '', #836 ) ;
#1340 = EDGE_CURVE ( 'NONE', #1046, #994, #964, .T. ) ;
#1341 = VECTOR ( 'NONE', #31, 1000.000000000000000 ) ;
#1342 =( LENGTH_UNIT ( ) NAMED_UNIT ( * ) SI_UNIT ( .MILLI., .METRE. ) );
#1343 = CARTESIAN_POINT ( 'NONE',  ( -0.6749999999999999300, 0.4500000000000000700, 0.3749999999999996100 ) ) ;
#1344 = VECTOR ( 'NONE', #800, 1000.000000000000000 ) ;
#1345 = ORIENTED_EDGE ( 'NONE', *, *, #1007, .T. ) ;
#1346 = EDGE_CURVE ( 'NONE', #236, #1249, #1185, .T. ) ;
#1347 = APPLICATION_CONTEXT ( 'automotive_design' ) ;
#1348 = VECTOR ( 'NONE', #172, 1000.000000000000000 ) ;
#1349 = EDGE_CURVE ( 'NONE', #459, #994, #633, .T. ) ;
#1350 = VERTEX_POINT ( 'NONE', #268 ) ;
#1351 = DIRECTION ( 'NONE',  ( -0.0000000000000000000, -1.000000000000000000, -0.0000000000000000000 ) ) ;
#1352 = ORIENTED_EDGE ( 'NONE', *, *, #1519, .T. ) ;
#1353 = ORIENTED_EDGE ( 'NONE', *, *, #495, .T. ) ;
#1354 = VERTEX_POINT ( 'NONE', #280 ) ;
#1355 = DIRECTION ( 'NONE',  ( -1.000000000000000000, 0.0000000000000000000, 0.0000000000000000000 ) ) ;
#1356 = AXIS2_PLACEMENT_3D ( 'NONE', #1252, #387, #152 ) ;
#1357 = CARTESIAN_POINT ( 'NONE',  ( -0.8000000000000001600, 0.0000000000000000000, 0.5000000000000004400 ) ) ;
#1358 = SURFACE_STYLE_FILL_AREA ( #1562 ) ;
#1359 = FACE_OUTER_BOUND ( 'NONE', #979, .T. ) ;
#1360 = LINE ( 'NONE', #28, #1188 ) ;
#1361 = ORIENTED_EDGE ( 'NONE', *, *, #724, .F. ) ;
#1362 = DIRECTION ( 'NONE',  ( 0.0000000000000000000, 0.0000000000000000000, 1.000000000000000000 ) ) ;
#1363 = ORIENTED_EDGE ( 'NONE', *, *, #1007, .F. ) ;
#1364 = EDGE_CURVE ( 'NONE', #910, #1405, #1481, .T. ) ;
#1365 = ORIENTED_EDGE ( 'NONE', *, *, #837, .F. ) ;
#1366 =( NAMED_UNIT ( * ) PLANE_ANGLE_UNIT ( ) SI_UNIT ( $, .RADIAN. ) );
#1367 = EDGE_CURVE ( 'NONE', #440, #1194, #846, .T. ) ;
#1368 = VECTOR ( 'NONE', #1101, 1000.000000000000000 ) ;
#1369 = CARTESIAN_POINT ( 'NONE',  ( 0.6749999999999999300, 0.4400000000000000000, 0.3749999999999996100 ) ) ;
#1370 = AXIS2_PLACEMENT_3D ( 'NONE', #916, #1050, #286 ) ;
#1371 = ORIENTED_EDGE ( 'NONE', *, *, #751, .T. ) ;
#1372 = ORIENTED_EDGE ( 'NONE', *, *, #213, .T. ) ;
#1373 = CARTESIAN_POINT ( 'NONE',  ( -0.8000000000000001600, 0.4500000000000000700, -0.4999999999999995600 ) ) ;
#1374 = EDGE_LOOP ( 'NONE', ( #600, #895, #1495, #488, #996, #1320, #656, #1226 ) ) ;
#1375 = DIRECTION ( 'NONE',  ( -1.000000000000000000, 0.0000000000000000000, 0.0000000000000000000 ) ) ;
#1376 = VECTOR ( 'NONE', #1332, 1000.000000000000000 ) ;
#1377 = LINE ( 'NONE', #1225, #493 ) ;
#1378 = DIRECTION ( 'NONE',  ( -1.000000000000000000, 0.0000000000000000000, -1.355252715606880800E-016 ) ) ;
#1379 = VECTOR ( 'NONE', #1395, 1000.000000000000000 ) ;
#1380 = CARTESIAN_POINT ( 'NONE',  ( -0.7300000000000000900, 1.048472456110350000, 0.4299999999999999400 ) ) ;
#1381 = DIRECTION ( 'NONE',  ( 0.0000000000000000000, 1.000000000000000000, -0.0000000000000000000 ) ) ;
#1382 = EDGE_CURVE ( 'NONE', #1314, #423, #808, .T. ) ;
#1383 = CARTESIAN_POINT ( 'NONE',  ( -0.3300000000000001300, 1.048472456110350000, -0.2299999999999998200 ) ) ;
#1384 = ORIENTED_EDGE ( 'NONE', *, *, #176, .F. ) ;
#1385 = DIRECTION ( 'NONE',  ( 1.355252715606880800E-016, 0.0000000000000000000, 1.000000000000000000 ) ) ;
#1386 = VERTEX_POINT ( 'NONE', #1420 ) ;
#1387 = PLANE ( 'NONE',  #968 ) ;
#1388 = ORIENTED_EDGE ( 'NONE', *, *, #860, .T. ) ;
#1389 = MANIFOLD_SOLID_BREP ( 'Substrate', #1473 ) ;
#1390 = DIRECTION ( 'NONE',  ( 0.0000000000000000000, 1.000000000000000000, -0.0000000000000000000 ) ) ;
#1391 = EDGE_CURVE ( 'NONE', #1082, #304, #347, .T. ) ;
#1393 = PLANE ( 'NONE',  #120 ) ;
#1392 = VECTOR ( 'NONE', #1162, 1000.000000000000000 ) ;
#1394 = FILL_AREA_STYLE_COLOUR ( '', #374 ) ;
#1395 = DIRECTION ( 'NONE',  ( 0.0000000000000000000, 0.0000000000000000000, -1.000000000000000000 ) ) ;
#1396 = VECTOR ( 'NONE', #734, 1000.000000000000000 ) ;
#1397 = DIRECTION ( 'NONE',  ( 0.0000000000000000000, 0.0000000000000000000, -1.000000000000000000 ) ) ;
#1398 = EDGE_CURVE ( 'NONE', #164, #551, #327, .T. ) ;
#1399 = VECTOR ( 'NONE', #21, 1000.000000000000000 ) ;
#1400 = ORIENTED_EDGE ( 'NONE', *, *, #1285, .F. ) ;
#1401 =( LENGTH_UNIT ( ) NAMED_UNIT ( * ) SI_UNIT ( .MILLI., .METRE. ) );
#1402 = VERTEX_POINT ( 'NONE', #155 ) ;
#1403 = PRODUCT_DEFINITION_CONTEXT ( 'detailed design', #369, 'design' ) ;
#1404 = CARTESIAN_POINT ( 'NONE',  ( 0.0000000000000000000, 0.4400000000000000000, 0.0000000000000000000 ) ) ;
#1405 = VERTEX_POINT ( 'NONE', #404 ) ;
#1406 = DIRECTION ( 'NONE',  ( 1.000000000000000000, 0.0000000000000000000, 0.0000000000000000000 ) ) ;
#1407 = ORIENTED_EDGE ( 'NONE', *, *, #1318, .F. ) ;
#1408 = ADVANCED_FACE ( 'NONE', ( #1219 ), #1536, .T. ) ;
#1409 = FACE_OUTER_BOUND ( 'NONE', #960, .T. ) ;
#1410 = DIRECTION ( 'NONE',  ( 1.000000000000000000, 0.0000000000000000000, 0.0000000000000000000 ) ) ;
#1411 = SURFACE_STYLE_FILL_AREA ( #652 ) ;
#1412 = ORIENTED_EDGE ( 'NONE', *, *, #57, .T. ) ;
#1413 = VERTEX_POINT ( 'NONE', #794 ) ;
#1414 = CARTESIAN_POINT ( 'NONE',  ( 0.7249999999999999800, 2.680773631397160600, 0.3749999999999992800 ) ) ;
#1415 = CARTESIAN_POINT ( 'NONE',  ( -0.3300000000000001300, 0.1000000000000000100, 0.4299999999999999900 ) ) ;
#1416 = ORIENTED_EDGE ( 'NONE', *, *, #912, .F. ) ;
#1417 = DIRECTION ( 'NONE',  ( -1.000000000000000000, 0.0000000000000000000, 0.0000000000000000000 ) ) ;
#1418 = ORIENTED_EDGE ( 'NONE', *, *, #806, .T. ) ;
#1419 = VECTOR ( 'NONE', #1205, 1000.000000000000000 ) ;
#1420 = CARTESIAN_POINT ( 'NONE',  ( -0.6749999999999999300, 0.4400000000000000000, 0.4249999999999996600 ) ) ;
#1421 = DIRECTION ( 'NONE',  ( -0.0000000000000000000, -1.000000000000000000, -0.0000000000000000000 ) ) ;
#1422 = LINE ( 'NONE', #1008, #158 ) ;
#1423 = EDGE_CURVE ( 'NONE', #1083, #1082, #1282, .T. ) ;
#1424 = CARTESIAN_POINT ( 'NONE',  ( -0.6749999999999996000, 0.5000000000000000000, 0.4249999999999996600 ) ) ;
#1425 = LINE ( 'NONE', #674, #435 ) ;
#1426 = CARTESIAN_POINT ( 'NONE',  ( 0.6749999999999996000, 0.4400000000000000000, 0.4249999999999996600 ) ) ;
#1427 = CARTESIAN_POINT ( 'NONE',  ( -0.7249999999999999800, 0.5000000000000000000, 0.3749999999999992800 ) ) ;
#1428 = AXIS2_PLACEMENT_3D ( 'NONE', #986, #735, #1622 ) ;
#1429 = ADVANCED_FACE ( 'NONE', ( #1067 ), #1302, .T. ) ;
#1430 = CARTESIAN_POINT ( 'NONE',  ( -0.7249999999999999800, 0.4400000000000000000, -0.3749999999999991700 ) ) ;
#1431 = CARTESIAN_POINT ( 'NONE',  ( -0.8000000000000001600, 0.4500000000000000700, 0.5000000000000004400 ) ) ;
#1432 = ORIENTED_EDGE ( 'NONE', *, *, #84, .T. ) ;
#1433 = DIRECTION ( 'NONE',  ( 0.0000000000000000000, -1.000000000000000000, 0.0000000000000000000 ) ) ;
#1434 = EDGE_CURVE ( 'NONE', #1350, #263, #675, .T. ) ;
#1435 = DIRECTION ( 'NONE',  ( -1.000000000000000000, -0.0000000000000000000, -0.0000000000000000000 ) ) ;
#1436 = VERTEX_POINT ( 'NONE', #680 ) ;
#1437 = DIRECTION ( 'NONE',  ( 0.0000000000000000000, 1.000000000000000000, -0.0000000000000000000 ) ) ;
#1438 = ORIENTED_EDGE ( 'NONE', *, *, #1198, .F. ) ;
#1439 = EDGE_CURVE ( 'NONE', #1294, #1475, #17, .T. ) ;
#1440 = ORIENTED_EDGE ( 'NONE', *, *, #1262, .F. ) ;
#1441 = DIRECTION ( 'NONE',  ( 0.0000000000000000000, 0.0000000000000000000, 1.000000000000000000 ) ) ;
#1442 = CARTESIAN_POINT ( 'NONE',  ( 0.0000000000000000000, 0.5000000000000000000, 0.0000000000000000000 ) ) ;
#1443 = LINE ( 'NONE', #636, #114 ) ;
#1444 = DIRECTION ( 'NONE',  ( 0.0000000000000000000, 0.0000000000000000000, -1.000000000000000000 ) ) ;
#1445 = LINE ( 'NONE', #273, #1201 ) ;
#1446 = LINE ( 'NONE', #882, #1203 ) ;
#1447 =( LENGTH_UNIT ( ) NAMED_UNIT ( * ) SI_UNIT ( .MILLI., .METRE. ) );
#1448 = DIRECTION ( 'NONE',  ( 0.0000000000000000000, 1.000000000000000000, -0.0000000000000000000 ) ) ;
#1449 = VECTOR ( 'NONE', #1435, 1000.000000000000000 ) ;
#1450 = ORIENTED_EDGE ( 'NONE', *, *, #187, .T. ) ;
#1451 = DIRECTION ( 'NONE',  ( 1.355252715606880800E-016, 0.0000000000000000000, -1.000000000000000000 ) ) ;
#1452 = ORIENTED_EDGE ( 'NONE', *, *, #472, .T. ) ;
#1453 = ORIENTED_EDGE ( 'NONE', *, *, #1462, .F. ) ;
#1454 = VECTOR ( 'NONE', #795, 1000.000000000000000 ) ;
#1455 = VECTOR ( 'NONE', #442, 1000.000000000000000 ) ;
#1456 = CARTESIAN_POINT ( 'NONE',  ( -0.8000000000000001600, 0.4400000000000000000, -0.4999999999999995600 ) ) ;
#1457 = VERTEX_POINT ( 'NONE', #1426 ) ;
#1458 = EDGE_CURVE ( 'NONE', #1556, #988, #179, .T. ) ;
#1459 = VERTEX_POINT ( 'NONE', #52 ) ;
#1460 = CARTESIAN_POINT ( 'NONE',  ( -0.6749999999999999300, 0.4400000000000000000, 0.3749999999999996100 ) ) ;
#1461 = ORIENTED_EDGE ( 'NONE', *, *, #645, .F. ) ;
#1462 = EDGE_CURVE ( 'NONE', #304, #298, #233, .T. ) ;
#1463 = AXIS2_PLACEMENT_3D ( 'NONE', #1404, #1166, #147 ) ;
#1464 = CYLINDRICAL_SURFACE ( 'NONE', #464, 0.05000000000000002400 ) ;
#1465 = LINE ( 'NONE', #1108, #653 ) ;
#1466 = SURFACE_STYLE_USAGE ( .BOTH. , #844 ) ;
#1467 = FACE_OUTER_BOUND ( 'NONE', #383, .T. ) ;
#1468 = AXIS2_PLACEMENT_3D ( 'NONE', #1312, #431, #566 ) ;
#1469 = LINE ( 'NONE', #771, #463 ) ;
#1470 = DIRECTION ( 'NONE',  ( 0.0000000000000000000, -0.0000000000000000000, -1.000000000000000000 ) ) ;
#1471 = ORIENTED_EDGE ( 'NONE', *, *, #79, .F. ) ;
#1472 = FACE_OUTER_BOUND ( 'NONE', #953, .T. ) ;
#1473 = CLOSED_SHELL ( 'NONE', ( #1315, #288, #1559, #540, #661, #708, #130, #781, #1526, #1535, #538, #162, #393, #1628 ) ) ;
#1474 = DIRECTION ( 'NONE',  ( 0.0000000000000000000, 1.000000000000000000, 0.0000000000000000000 ) ) ;
#1475 = VERTEX_POINT ( 'NONE', #801 ) ;
#1476 =( LENGTH_UNIT ( ) NAMED_UNIT ( * ) SI_UNIT ( .MILLI., .METRE. ) );
#1477 = EDGE_CURVE ( 'NONE', #267, #592, #384, .T. ) ;
#1478 = ORIENTED_EDGE ( 'NONE', *, *, #254, .F. ) ;
#1479 = PRODUCT_DEFINITION ( 'UNKNOWN', '', #340, #1403 ) ;
#1480 = LINE ( 'NONE', #1025, #473 ) ;
#1481 = LINE ( 'NONE', #396, #1341 ) ;
#1482 = AXIS2_PLACEMENT_3D ( 'NONE', #640, #3, #1017 ) ;
#1483 = CARTESIAN_POINT ( 'NONE',  ( -0.3300000000000001300, 0.1000000000000000500, 0.4299999999999999400 ) ) ;
#1484 = LINE ( 'NONE', #866, #102 ) ;
#1485 = DIRECTION ( 'NONE',  ( -0.0000000000000000000, -1.000000000000000000, -0.0000000000000000000 ) ) ;
#1486 = DIRECTION ( 'NONE',  ( -0.0000000000000000000, -1.000000000000000000, -0.0000000000000000000 ) ) ;
#1487 = LINE ( 'NONE', #785, #1105 ) ;
#1488 = EDGE_CURVE ( 'NONE', #331, #1556, #1024, .T. ) ;
#1489 = VERTEX_POINT ( 'NONE', #805 ) ;
#1490 = CARTESIAN_POINT ( 'NONE',  ( 0.3300000000000001300, 1.048472456110350000, 0.4299999999999999900 ) ) ;
#1491 = ORIENTED_EDGE ( 'NONE', *, *, #14, .F. ) ;
#1492 = LINE ( 'NONE', #1500, #774 ) ;
#1493 = DIRECTION ( 'NONE',  ( 0.0000000000000000000, -1.000000000000000000, 0.0000000000000000000 ) ) ;
#1494 = ORIENTED_EDGE ( 'NONE', *, *, #79, .T. ) ;
#1495 = ORIENTED_EDGE ( 'NONE', *, *, #325, .F. ) ;
#1496 = ADVANCED_FACE ( 'NONE', ( #906 ), #313, .F. ) ;
#1497 = MANIFOLD_SOLID_BREP ( 'Pin 2', #944 ) ;
#1498 = DIRECTION ( 'NONE',  ( -0.0000000000000000000, -1.000000000000000000, -0.0000000000000000000 ) ) ;
#1500 = CARTESIAN_POINT ( 'NONE',  ( 0.7249999999999999800, 0.5000000000000000000, 0.3749999999999992800 ) ) ;
#1499 = LINE ( 'NONE', #498, #20 ) ;
#1501 = DIRECTION ( 'NONE',  ( -1.000000000000000000, 0.0000000000000000000, 0.0000000000000000000 ) ) ;
#1502 = APPLICATION_PROTOCOL_DEFINITION ( 'draft international standard', 'automotive_design', 1998, #369 ) ;
#1503 = CARTESIAN_POINT ( 'NONE',  ( -0.7300000000000000900, 0.1000000000000000100, 0.4299999999999999400 ) ) ;
#1504 = VECTOR ( 'NONE', #655, 1000.000000000000000 ) ;
#1505 = ORIENTED_EDGE ( 'NONE', *, *, #156, .F. ) ;
#1506 = DIRECTION ( 'NONE',  ( 0.0000000000000000000, 1.000000000000000000, 0.0000000000000000000 ) ) ;
#1507 = LINE ( 'NONE', #1626, #165 ) ;
#1508 = EDGE_CURVE ( 'NONE', #1208, #851, #984, .T. ) ;
#1509 = PLANE ( 'NONE',  #291 ) ;
#1510 = VERTEX_POINT ( 'NONE', #1062 ) ;
#1511 = VECTOR ( 'NONE', #326, 1000.000000000000000 ) ;
#1512 = ORIENTED_EDGE ( 'NONE', *, *, #1599, .F. ) ;
#1513 = DIRECTION ( 'NONE',  ( 0.0000000000000000000, 0.0000000000000000000, -1.000000000000000000 ) ) ;
#1514 = ORIENTED_EDGE ( 'NONE', *, *, #1364, .F. ) ;
#1515 = EDGE_CURVE ( 'NONE', #29, #1605, #713, .T. ) ;
#1516 = DIRECTION ( 'NONE',  ( 0.0000000000000000000, 0.0000000000000000000, 1.000000000000000000 ) ) ;
#1517 = VECTOR ( 'NONE', #1433, 1000.000000000000000 ) ;
#1518 = CARTESIAN_POINT ( 'NONE',  ( 0.7249999999999999800, 0.4500000000000000700, -0.3749999999999991700 ) ) ;
#1519 = EDGE_CURVE ( 'NONE', #164, #1169, #1121, .T. ) ;
#1520 = PLANE ( 'NONE',  #716 ) ;
#1521 = FACE_OUTER_BOUND ( 'NONE', #1260, .T. ) ;
#1522 = DIRECTION ( 'NONE',  ( -0.0000000000000000000, -1.000000000000000000, -0.0000000000000000000 ) ) ;
#1523 = LINE ( 'NONE', #1032, #1147 ) ;
#1524 = VERTEX_POINT ( 'NONE', #951 ) ;
#1525 = CARTESIAN_POINT ( 'NONE',  ( 0.0000000000000000000, 0.4500000000000000700, 0.0000000000000000000 ) ) ;
#1526 = ADVANCED_FACE ( 'NONE', ( #1048 ), #1464, .F. ) ;
#1527 = DIRECTION ( 'NONE',  ( 1.355252715606880800E-016, 0.0000000000000000000, -1.000000000000000000 ) ) ;
#1528 = CARTESIAN_POINT ( 'NONE',  ( -0.7300000000000000900, 0.1000000000000000100, -0.4299999999999999400 ) ) ;
#1529 = ORIENTED_EDGE ( 'NONE', *, *, #107, .F. ) ;
#1530 = ORIENTED_EDGE ( 'NONE', *, *, #346, .T. ) ;
#1531 =( NAMED_UNIT ( * ) SI_UNIT ( $, .STERADIAN. ) SOLID_ANGLE_UNIT ( ) );
#1532 = VERTEX_POINT ( 'NONE', #1579 ) ;
#1533 = ORIENTED_EDGE ( 'NONE', *, *, #107, .T. ) ;
#1534 = DIRECTION ( 'NONE',  ( 0.0000000000000000000, -1.000000000000000000, 0.0000000000000000000 ) ) ;
#1535 = ADVANCED_FACE ( 'NONE', ( #492 ), #564, .T. ) ;
#1536 = PLANE ( 'NONE',  #1463 ) ;
#1537 = ORIENTED_EDGE ( 'NONE', *, *, #1029, .T. ) ;
#1538 = EDGE_CURVE ( 'NONE', #1489, #331, #744, .T. ) ;
#1539 = DIRECTION ( 'NONE',  ( 1.000000000000000000, -0.0000000000000000000, 0.0000000000000000000 ) ) ;
#1540 = DIRECTION ( 'NONE',  ( -0.0000000000000000000, -1.000000000000000000, -0.0000000000000000000 ) ) ;
#1541 = AXIS2_PLACEMENT_3D ( 'NONE', #62, #294, #1441 ) ;
#1542 = ADVANCED_FACE ( 'NONE', ( #908 ), #301, .F. ) ;
#1543 = VERTEX_POINT ( 'NONE', #819 ) ;
#1544 = CARTESIAN_POINT ( 'NONE',  ( -0.6749999999999999300, 0.4400000000000000000, -0.3749999999999995000 ) ) ;
#1545 = FACE_OUTER_BOUND ( 'NONE', #1233, .T. ) ;
#1546 = CARTESIAN_POINT ( 'NONE',  ( 0.3300000000000001300, 0.1000000000000000100, 0.4299999999999999900 ) ) ;
#1547 = VERTEX_POINT ( 'NONE', #703 ) ;
#1548 = VERTEX_POINT ( 'NONE', #825 ) ;
#1549 = ADVANCED_FACE ( 'NONE', ( #1087 ), #460, .T. ) ;
#1550 = AXIS2_PLACEMENT_3D ( 'NONE', #409, #1417, #909 ) ;
#1551 = ORIENTED_EDGE ( 'NONE', *, *, #234, .T. ) ;
#1552 = DIRECTION ( 'NONE',  ( 1.000000000000000000, 0.0000000000000000000, -1.355252715606880800E-016 ) ) ;
#1553 = DIRECTION ( 'NONE',  ( 0.0000000000000000000, 0.0000000000000000000, -1.000000000000000000 ) ) ;
#1554 = ORIENTED_EDGE ( 'NONE', *, *, #1515, .F. ) ;
#1555 = DIRECTION ( 'NONE',  ( 0.0000000000000000000, 1.000000000000000000, 0.0000000000000000000 ) ) ;
#1556 = VERTEX_POINT ( 'NONE', #204 ) ;
#1557 = DIRECTION ( 'NONE',  ( 0.0000000000000000000, 0.0000000000000000000, 1.000000000000000000 ) ) ;
#1558 = AXIS2_PLACEMENT_3D ( 'NONE', #1343, #1474, #828 ) ;
#1559 = ADVANCED_FACE ( 'NONE', ( #1610 ), #1209, .F. ) ;
#1560 = DIRECTION ( 'NONE',  ( -0.0000000000000000000, -1.000000000000000000, -0.0000000000000000000 ) ) ;
#1561 = LINE ( 'NONE', #68, #520 ) ;
#1562 = FILL_AREA_STYLE ('',( #1583 ) ) ;
#1563 = EDGE_LOOP ( 'NONE', ( #991, #13, #736, #471 ) ) ;
#1564 = DIRECTION ( 'NONE',  ( 0.0000000000000000000, -0.0000000000000000000, -1.000000000000000000 ) ) ;
#1565 = MECHANICAL_DESIGN_GEOMETRIC_PRESENTATION_REPRESENTATION (  '', ( #1140 ), #1059 ) ;
#1566 = ORIENTED_EDGE ( 'NONE', *, *, #1570, .F. ) ;
#1567 = PLANE ( 'NONE',  #778 ) ;
#1568 = DIRECTION ( 'NONE',  ( -1.000000000000000000, -0.0000000000000000000, 1.355252715606880800E-016 ) ) ;
#1569 = MANIFOLD_SOLID_BREP ( 'Pin 1', #1278 ) ;
#1570 = EDGE_CURVE ( 'NONE', #263, #1556, #1131, .T. ) ;
#1571 = DIRECTION ( 'NONE',  ( 0.0000000000000000000, -0.0000000000000000000, -1.000000000000000000 ) ) ;
#1572 = EDGE_LOOP ( 'NONE', ( #1554, #108, #1361, #1317 ) ) ;
#1573 = LINE ( 'NONE', #955, #319 ) ;
#1574 = CARTESIAN_POINT ( 'NONE',  ( 0.6749999999999996000, 0.4400000000000000000, 0.4249999999999996600 ) ) ;
#1575 = ORIENTED_EDGE ( 'NONE', *, *, #930, .F. ) ;
#1576 = EDGE_CURVE ( 'NONE', #1294, #153, #1589, .T. ) ;
#1577 = VERTEX_POINT ( 'NONE', #83 ) ;
#1578 = AXIS2_PLACEMENT_3D ( 'NONE', #175, #426, #939 ) ;
#1579 = CARTESIAN_POINT ( 'NONE',  ( -0.5300000000000001400, 0.1000000000000000100, -0.4299999999999999400 ) ) ;
#1580 = CARTESIAN_POINT ( 'NONE',  ( 0.0000000000000000000, 0.1000000000000000100, 0.0000000000000000000 ) ) ;
#1581 = CARTESIAN_POINT ( 'NONE',  ( -0.7300000000000000900, 0.1000000000000000100, 0.4299999999999999400 ) ) ;
#1582 = FACE_BOUND ( 'NONE', #1621, .T. ) ;
#1583 = FILL_AREA_STYLE_COLOUR ( '', #786 ) ;
#1584 = ORIENTED_EDGE ( 'NONE', *, *, #776, .T. ) ;
#1585 = ORIENTED_EDGE ( 'NONE', *, *, #472, .F. ) ;
#1586 = CARTESIAN_POINT ( 'NONE',  ( -0.6749999999999999300, 0.4500000000000000700, 0.4249999999999996600 ) ) ;
#1587 = EDGE_LOOP ( 'NONE', ( #631, #138, #1353, #571 ) ) ;
#1588 = VECTOR ( 'NONE', #203, 1000.000000000000000 ) ;
#1589 = LINE ( 'NONE', #329, #376 ) ;
#1590 = VECTOR ( 'NONE', #1237, 1000.000000000000000 ) ;
#1591 = APPLICATION_PROTOCOL_DEFINITION ( 'draft international standard', 'automotive_design', 1998, #1347 ) ;
#1592 = ORIENTED_EDGE ( 'NONE', *, *, #1576, .F. ) ;
#1593 = AXIS2_PLACEMENT_3D ( 'NONE', #382, #237, #890 ) ;
#1594 = EDGE_LOOP ( 'NONE', ( #1150, #643, #116, #241 ) ) ;
#1595 = ORIENTED_EDGE ( 'NONE', *, *, #639, .T. ) ;
#1596 = AXIS2_PLACEMENT_3D ( 'NONE', #622, #1506, #1609 ) ;
#1597 = CARTESIAN_POINT ( 'NONE',  ( 0.3300000000000001300, 0.0000000000000000000, -0.4299999999999999900 ) ) ;
#1598 = SURFACE_STYLE_FILL_AREA ( #419 ) ;
#1599 = EDGE_CURVE ( 'NONE', #222, #1386, #170, .T. ) ;
#1600 = LINE ( 'NONE', #40, #200 ) ;
#1601 = VERTEX_POINT ( 'NONE', #210 ) ;
#1602 = EDGE_CURVE ( 'NONE', #1354, #1082, #940, .T. ) ;
#1603 = DIRECTION ( 'NONE',  ( 0.0000000000000000000, 0.0000000000000000000, -1.000000000000000000 ) ) ;
#1604 = LINE ( 'NONE', #1173, #834 ) ;
#1605 = VERTEX_POINT ( 'NONE', #1483 ) ;
#1606 = LINE ( 'NONE', #1227, #1274 ) ;
#1607 = CARTESIAN_POINT ( 'NONE',  ( 0.7999999999999999300, 0.4500000000000000700, 0.5000000000000004400 ) ) ;
#1608 = ORIENTED_EDGE ( 'NONE', *, *, #978, .F. ) ;
#1609 = DIRECTION ( 'NONE',  ( 0.0000000000000000000, 0.0000000000000000000, 1.000000000000000000 ) ) ;
#1610 = FACE_OUTER_BOUND ( 'NONE', #535, .T. ) ;
#1611 = CARTESIAN_POINT ( 'NONE',  ( 0.0000000000000000000, 0.0000000000000000000, 0.5000000000000004400 ) ) ;
#1612 = CARTESIAN_POINT ( 'NONE',  ( -0.7300000000000000900, 0.1000000000000000100, 0.4299999999999999400 ) ) ;
#1613 = ORIENTED_EDGE ( 'NONE', *, *, #673, .T. ) ;
#1614 = EDGE_CURVE ( 'NONE', #750, #1459, #642, .T. ) ;
#1615 = ORIENTED_EDGE ( 'NONE', *, *, #368, .T. ) ;
#1616 = STYLED_ITEM ( 'NONE', ( #366 ), #1569 ) ;
#1617 = DIRECTION ( 'NONE',  ( 0.0000000000000000000, 0.0000000000000000000, 1.000000000000000000 ) ) ;
#1618 = VECTOR ( 'NONE', #1337, 1000.000000000000000 ) ;
#1619 = LINE ( 'NONE', #1581, #245 ) ;
#1620 = ORIENTED_EDGE ( 'NONE', *, *, #399, .T. ) ;
#1621 = EDGE_LOOP ( 'NONE', ( #591, #372, #1529, #230, #761, #869, #1177, #232 ) ) ;
#1622 = DIRECTION ( 'NONE',  ( -1.000000000000000000, 0.0000000000000000000, -0.0000000000000000000 ) ) ;
#1623 = ORIENTED_EDGE ( 'NONE', *, *, #1053, .T. ) ;
#1624 = AXIS2_PLACEMENT_3D ( 'NONE', #777, #269, #406 ) ;
#1625 = VECTOR ( 'NONE', #1513, 1000.000000000000000 ) ;
#1626 = CARTESIAN_POINT ( 'NONE',  ( -0.6749999999999996000, 0.4500000000000000700, 0.4249999999999996600 ) ) ;
#1627 = PRESENTATION_STYLE_ASSIGNMENT (( #452 ) ) ;
#1628 = ADVANCED_FACE ( 'NONE', ( #1472 ), #1213, .T. ) ;
ENDSEC;
END-ISO-10303-21;
