ISO-10303-21;
HEADER;
/****************************************************************
 * Generated by software with PDElib inside                    *
 * PDElib Version v51a, created Fri 09/10/2010                  *
 * ITI Transcendata (http://www.transcendata.com/)              *
 ****************************************************************/
FILE_DESCRIPTION((' '),'2;1');
FILE_NAME('P:\\E-Switch Secure\\3D_MODELS_STP_FORMAT\\TL1107BFxxxWQ.stp','2017-07-28T08:59:12',(' '),(' '),' ','ACIS',' ');
FILE_SCHEMA(('CONFIG_CONTROL_DESIGN'));
ENDSEC;
DATA;
#5=APPLICATION_CONTEXT('configuration controlled 3D designs of mechanical parts and assemblies');
#6=APPLICATION_PROTOCOL_DEFINITION('International Standard','config_control_design',1995,#5);
#7=MECHANICAL_CONTEXT('None',#5,'mechanical');
#8=PRODUCT('P:\\E-Switch Secure\\3D_MODELS_STP_FORMAT\\TL1107BFxxxWQ.stp','P:\\E-Switch Secure\\3D_MODELS_STP_FORMAT\\TL1107BFxxxWQ.stp','None',(#7));
#9=PRODUCT_RELATED_PRODUCT_CATEGORY('detail',$,(#8));
#10=PRODUCT_CATEGORY('part',$);
#11=PRODUCT_CATEGORY_RELATIONSHIP('None','None',#10,#9);
#12=PERSON('PERSON1','None','None',$,$,$);
#13=ORGANIZATION('','None','None');
#14=PERSON_AND_ORGANIZATION(#12,#13);
#15=PERSON_AND_ORGANIZATION_ROLE('design_owner');
#16=CC_DESIGN_PERSON_AND_ORGANIZATION_ASSIGNMENT(#14,#15,(#8));
#17=PRODUCT_DEFINITION_FORMATION_WITH_SPECIFIED_SOURCE('None','None',#8,.NOT_KNOWN.);
#18=PERSON('PERSON2','None','None',$,$,$);
#19=ORGANIZATION('','None','None');
#20=PERSON_AND_ORGANIZATION(#18,#19);
#21=PERSON_AND_ORGANIZATION_ROLE('creator');
#22=CC_DESIGN_PERSON_AND_ORGANIZATION_ASSIGNMENT(#20,#21,(#17));
#23=PERSON('PERSON3','None','None',$,$,$);
#24=ORGANIZATION('','None','None');
#25=PERSON_AND_ORGANIZATION(#23,#24);
#26=PERSON_AND_ORGANIZATION_ROLE('part_supplier');
#27=CC_DESIGN_PERSON_AND_ORGANIZATION_ASSIGNMENT(#25,#26,(#17));
#28=APPROVAL_STATUS('approved');
#29=APPROVAL(#28,'None');
#30=PERSON('PERSON4','None','None',$,$,$);
#31=ORGANIZATION('','None','None');
#32=PERSON_AND_ORGANIZATION(#30,#31);
#33=APPROVAL_ROLE('None');
#34=APPROVAL_PERSON_ORGANIZATION(#32,#29,#33);
#35=CALENDAR_DATE(2017,28,7);
#36=COORDINATED_UNIVERSAL_TIME_OFFSET(0,0,.AHEAD.);
#37=LOCAL_TIME(8,59,12.0,#36);
#38=DATE_AND_TIME(#35,#37);
#39=APPROVAL_DATE_TIME(#38,#29);
#40=CC_DESIGN_APPROVAL(#29,(#17));
#41=SECURITY_CLASSIFICATION_LEVEL('unclassified');
#42=SECURITY_CLASSIFICATION('None','None',#41);
#43=CC_DESIGN_SECURITY_CLASSIFICATION(#42,(#17));
#44=APPROVAL_STATUS('approved');
#45=APPROVAL(#44,'None');
#46=PERSON('PERSON5','None','None',$,$,$);
#47=ORGANIZATION('','None','None');
#48=PERSON_AND_ORGANIZATION(#46,#47);
#49=APPROVAL_ROLE('None');
#50=APPROVAL_PERSON_ORGANIZATION(#48,#45,#49);
#51=CALENDAR_DATE(2017,28,7);
#52=COORDINATED_UNIVERSAL_TIME_OFFSET(0,0,.AHEAD.);
#53=LOCAL_TIME(8,59,12.0,#52);
#54=DATE_AND_TIME(#51,#53);
#55=APPROVAL_DATE_TIME(#54,#45);
#56=CC_DESIGN_APPROVAL(#45,(#42));
#57=PERSON('PERSON6','None','None',$,$,$);
#58=ORGANIZATION('','None','None');
#59=PERSON_AND_ORGANIZATION(#57,#58);
#60=PERSON_AND_ORGANIZATION_ROLE('classification_officer');
#61=CC_DESIGN_PERSON_AND_ORGANIZATION_ASSIGNMENT(#59,#60,(#42));
#62=DATE_TIME_ROLE('classification_date');
#63=CALENDAR_DATE(2017,28,7);
#64=COORDINATED_UNIVERSAL_TIME_OFFSET(0,0,.AHEAD.);
#65=LOCAL_TIME(8,59,12.0,#64);
#66=DATE_AND_TIME(#63,#65);
#67=CC_DESIGN_DATE_AND_TIME_ASSIGNMENT(#66,#62,(#42));
#68=DESIGN_CONTEXT('part definition',#5,'design');
#69=PRODUCT_DEFINITION('None','None',#17,#68);
#70=PERSON('PERSON7','None','None',$,$,$);
#71=ORGANIZATION('','None','None');
#72=PERSON_AND_ORGANIZATION(#70,#71);
#73=PERSON_AND_ORGANIZATION_ROLE('creator');
#74=CC_DESIGN_PERSON_AND_ORGANIZATION_ASSIGNMENT(#72,#73,(#69));
#75=DATE_TIME_ROLE('creation_date');
#76=CALENDAR_DATE(2017,28,7);
#77=COORDINATED_UNIVERSAL_TIME_OFFSET(0,0,.AHEAD.);
#78=LOCAL_TIME(8,59,12.0,#77);
#79=DATE_AND_TIME(#76,#78);
#80=CC_DESIGN_DATE_AND_TIME_ASSIGNMENT(#79,#75,(#69));
#81=APPROVAL_STATUS('approved');
#82=APPROVAL(#81,'None');
#83=PERSON('PERSON8','None','None',$,$,$);
#84=ORGANIZATION('','None','None');
#85=PERSON_AND_ORGANIZATION(#83,#84);
#86=APPROVAL_ROLE('None');
#87=APPROVAL_PERSON_ORGANIZATION(#85,#82,#86);
#88=CALENDAR_DATE(2017,28,7);
#89=COORDINATED_UNIVERSAL_TIME_OFFSET(0,0,.AHEAD.);
#90=LOCAL_TIME(8,59,12.0,#89);
#91=DATE_AND_TIME(#88,#90);
#92=APPROVAL_DATE_TIME(#91,#82);
#93=CC_DESIGN_APPROVAL(#82,(#69));
#99=(NAMED_UNIT(*)PLANE_ANGLE_UNIT()SI_UNIT($,.RADIAN.));
#100=DIMENSIONAL_EXPONENTS(0.0,0.0,0.0,0.0,0.0,0.0,0.0);
#101=PLANE_ANGLE_MEASURE_WITH_UNIT(PLANE_ANGLE_MEASURE(0.0174532925),#99);
#105=(CONVERSION_BASED_UNIT('DEGREE',#101)NAMED_UNIT(#100)PLANE_ANGLE_UNIT());
#109=(NAMED_UNIT(*)SI_UNIT($,.STERADIAN.)SOLID_ANGLE_UNIT());
#113=(LENGTH_UNIT()NAMED_UNIT(*)SI_UNIT(.CENTI.,.METRE.));
#114=DIMENSIONAL_EXPONENTS(1.0,0.0,0.0,0.0,0.0,0.0,0.0);
#115=LENGTH_MEASURE_WITH_UNIT(LENGTH_MEASURE(2.54),#113);
#119=(CONVERSION_BASED_UNIT('INCH',#115)LENGTH_UNIT()NAMED_UNIT(#114));
#121=UNCERTAINTY_MEASURE_WITH_UNIT(LENGTH_MEASURE(0.001),#119,'DISTANCE_ACCURACY_VALUE','');
#123=(GEOMETRIC_REPRESENTATION_CONTEXT(3)GLOBAL_UNCERTAINTY_ASSIGNED_CONTEXT((#121))GLOBAL_UNIT_ASSIGNED_CONTEXT((#105,#109,#119))REPRESENTATION_CONTEXT('None','None'));
#124=AXIS2_PLACEMENT_3D('',#125,#126,#127);
#125=CARTESIAN_POINT('',(0.0,0.0,0.0));
#126=DIRECTION('',(0.0,0.0,1.0));
#127=DIRECTION('',(1.0,0.0,0.0));
#128=SHAPE_REPRESENTATION('',(#124),#123);
#129=PRODUCT_DEFINITION_SHAPE('','',#69);
#130=SHAPE_DEFINITION_REPRESENTATION(#129,#128);
#136=(NAMED_UNIT(*)PLANE_ANGLE_UNIT()SI_UNIT($,.RADIAN.));
#137=DIMENSIONAL_EXPONENTS(0.0,0.0,0.0,0.0,0.0,0.0,0.0);
#138=PLANE_ANGLE_MEASURE_WITH_UNIT(PLANE_ANGLE_MEASURE(0.0174532925),#136);
#142=(CONVERSION_BASED_UNIT('DEGREE',#138)NAMED_UNIT(#137)PLANE_ANGLE_UNIT());
#146=(NAMED_UNIT(*)SI_UNIT($,.STERADIAN.)SOLID_ANGLE_UNIT());
#150=(LENGTH_UNIT()NAMED_UNIT(*)SI_UNIT(.CENTI.,.METRE.));
#152=UNCERTAINTY_MEASURE_WITH_UNIT(LENGTH_MEASURE(0.000001),#150,'DISTANCE_ACCURACY_VALUE','');
#154=(GEOMETRIC_REPRESENTATION_CONTEXT(3)GLOBAL_UNCERTAINTY_ASSIGNED_CONTEXT((#152))GLOBAL_UNIT_ASSIGNED_CONTEXT((#142,#146,#150))REPRESENTATION_CONTEXT('','3D'));
#155=CARTESIAN_POINT('',(-0.070866141732283,0.039370078740157,0.093503937007874));
#156=DIRECTION('',(0.0,0.0,1.0));
#157=DIRECTION('',(0.0,-1.0,0.0));
#158=AXIS2_PLACEMENT_3D('',#155,#156,#157);
#159=CYLINDRICAL_SURFACE('',#158,0.007874015748031);
#160=CARTESIAN_POINT('',(-0.076771653543307,0.044578250612332,0.114173228346457));
#161=VERTEX_POINT('',#160);
#162=CARTESIAN_POINT('',(-0.076771653543307,0.044578250612332,0.094488188976378));
#163=VERTEX_POINT('',#162);
#164=CARTESIAN_POINT('',(-0.076771653543307,0.044578250612332,0.114173228346457));
#165=DIRECTION('',(0.0,0.0,-1.0));
#166=VECTOR('',#165,0.019685039370079);
#167=LINE('',#164,#166);
#168=EDGE_CURVE('',#161,#163,#167,.T.);
#169=ORIENTED_EDGE('',*,*,#168,.F.);
#170=CARTESIAN_POINT('',(-0.070866141732284,0.047244094488189,0.114173228346457));
#171=VERTEX_POINT('',#170);
#172=CARTESIAN_POINT('',(-0.070866141732283,0.039370078740157,0.114173228346457));
#173=DIRECTION('',(0.0,0.0,1.0));
#174=DIRECTION('',(-0.707106781186547,0.707106781186547,0.0));
#175=AXIS2_PLACEMENT_3D('',#172,#173,#174);
#176=CIRCLE('',#175,0.007874015748031);
#177=EDGE_CURVE('',#171,#161,#176,.T.);
#178=ORIENTED_EDGE('',*,*,#177,.F.);
#179=CARTESIAN_POINT('',(-0.070866141732284,0.047244094488189,0.094488188976378));
#180=VERTEX_POINT('',#179);
#181=CARTESIAN_POINT('',(-0.070866141732284,0.047244094488189,0.094488188976378));
#182=DIRECTION('',(0.0,0.0,1.0));
#183=VECTOR('',#182,0.019685039370079);
#184=LINE('',#181,#183);
#185=EDGE_CURVE('',#180,#171,#184,.T.);
#186=ORIENTED_EDGE('',*,*,#185,.F.);
#187=CARTESIAN_POINT('',(-0.070866141732283,0.039370078740157,0.094488188976378));
#188=DIRECTION('',(0.0,0.0,-1.0));
#189=DIRECTION('',(0.0,-1.0,0.0));
#190=AXIS2_PLACEMENT_3D('',#187,#188,#189);
#191=CIRCLE('',#190,0.007874015748031);
#192=EDGE_CURVE('',#163,#180,#191,.T.);
#193=ORIENTED_EDGE('',*,*,#192,.F.);
#194=EDGE_LOOP('',(#169,#178,#186,#193));
#195=FACE_OUTER_BOUND('',#194,.T.);
#196=ADVANCED_FACE('',(#195),#159,.T.);
#197=CARTESIAN_POINT('',(-0.070866141732283,0.043307086614173,0.118110236220472));
#198=CARTESIAN_POINT('',(-0.070866141732283,0.047244094488189,0.118110236220472));
#199=CARTESIAN_POINT('',(-0.070866141732283,0.047244094488189,0.114173228346457));
#200=CARTESIAN_POINT('',(-0.070866141732283,0.047244094488189,0.114173228294497));
#201=CARTESIAN_POINT('',(-0.070866141732283,0.047244094488189,0.114173228242538));
#202=CARTESIAN_POINT('',(-0.074803149606299,0.043307086614173,0.118110236220472));
#203=CARTESIAN_POINT('',(-0.078740157480315,0.047244094488189,0.118110236220472));
#204=CARTESIAN_POINT('',(-0.078740157480315,0.047244094488189,0.114173228346457));
#205=CARTESIAN_POINT('',(-0.078740157480315,0.047244094488189,0.114173228294497));
#206=CARTESIAN_POINT('',(-0.078740157480315,0.047244094488189,0.114173228242538));
#207=CARTESIAN_POINT('',(-0.074803149606299,0.039370078740157,0.118110236220472));
#208=CARTESIAN_POINT('',(-0.078740157480315,0.039370078740157,0.118110236220472));
#209=CARTESIAN_POINT('',(-0.078740157480315,0.039370078740157,0.114173228346457));
#210=CARTESIAN_POINT('',(-0.078740157480315,0.039370078740157,0.114173228294497));
#211=CARTESIAN_POINT('',(-0.078740157480315,0.039370078740157,0.114173228242538));
#212=CARTESIAN_POINT('',(-0.074803149606299,0.039370078716202,0.118110236220472));
#213=CARTESIAN_POINT('',(-0.078740157480315,0.039370078692246,0.118110236220472));
#214=CARTESIAN_POINT('',(-0.078740157480315,0.039370078692246,0.114173228346457));
#215=CARTESIAN_POINT('',(-0.078740157480315,0.039370078692246,0.114173228294497));
#216=CARTESIAN_POINT('',(-0.078740157480315,0.039370078692246,0.114173228242538));
#217=CARTESIAN_POINT('',(-0.074803149606299,0.039370078692246,0.118110236220472));
#218=CARTESIAN_POINT('',(-0.078740157480315,0.039370078644336,0.118110236220472));
#219=CARTESIAN_POINT('',(-0.078740157480315,0.039370078644336,0.114173228346457));
#220=CARTESIAN_POINT('',(-0.078740157480315,0.039370078644336,0.114173228294497));
#221=CARTESIAN_POINT('',(-0.078740157480315,0.039370078644336,0.114173228242538));
#229=(BOUNDED_SURFACE()B_SPLINE_SURFACE(2,2,((#197,#202,#207,#212,#217),(#198,#203,#208,#213,#218),(#199,#204,#209,#214,#219),(#200,#205,#210,#215,#220),(#201,#206,#211,#216,#221)),.UNSPECIFIED.,.F.,.F.,.U.)B_SPLINE_SURFACE_WITH_KNOTS((3,2,3),(3,2,3),(-1.570796326795071,-1.909584E-013,0.000000029317784),(1.570796326794948,3.141592653590042,3.141592667106758),.UNSPECIFIED.)GEOMETRIC_REPRESENTATION_ITEM()RATIONAL_B_SPLINE_SURFACE(((1.0,0.707106781186548,1.0,0.999999997479651,0.999999994959303),(0.707106781186553,0.500000000000004,0.707106781186553,0.707106779404397,0.707106777622242),(1.0,0.707106781186548,1.0,0.999999997479651,0.999999994959303),(0.999999994533323,0.707106777321024,0.999999994533323,0.999999992012974,0.999999989492625),(0.999999989066646,0.707106773455499,0.999999989066646,0.999999986546298,0.999999984025949)))REPRESENTATION_ITEM('')SURFACE());
#230=CARTESIAN_POINT('',(-0.076771653543307,0.039370078740157,0.117582777180254));
#231=VERTEX_POINT('',#230);
#232=CARTESIAN_POINT('',(-0.076771653543307,0.039370078740157,0.117582777180253));
#233=CARTESIAN_POINT('',(-0.076771653543307,0.039752956419293,0.117582777180253));
#234=CARTESIAN_POINT('',(-0.076771653543307,0.040141851546274,0.117561354919466));
#235=CARTESIAN_POINT('',(-0.076771653543307,0.040928984803988,0.117467547166159));
#236=CARTESIAN_POINT('',(-0.076771653543307,0.041337665511886,0.117390384768282));
#237=CARTESIAN_POINT('',(-0.076771653543307,0.042222644430985,0.11713381253842));
#238=CARTESIAN_POINT('',(-0.076771653543307,0.042698703291801,0.116931589339627));
#239=CARTESIAN_POINT('',(-0.076771653543307,0.04354625899007,0.116369678206284));
#240=CARTESIAN_POINT('',(-0.076771653543307,0.043868783617215,0.116044063522685));
#241=CARTESIAN_POINT('',(-0.076771653543307,0.044260504193135,0.115460080275843));
#242=CARTESIAN_POINT('',(-0.076771653543307,0.044384179909849,0.115203991681306));
#243=CARTESIAN_POINT('',(-0.076771653543307,0.044540182777523,0.11468522510328));
#244=CARTESIAN_POINT('',(-0.076771653543307,0.044578250612332,0.114431024047778));
#245=CARTESIAN_POINT('',(-0.076771653543307,0.044578250612332,0.114173228346457));
#246=B_SPLINE_CURVE_WITH_KNOTS('',3,(#232,#233,#234,#235,#236,#237,#238,#239,#240,#241,#242,#243,#244,#245),.UNSPECIFIED.,.F.,.U.,(4,2,2,2,2,2,4),(-0.006104568138782,-0.005156130059538,-0.004143514271606,-0.0028800737027,-0.001625119765877,-0.000774155818524,-0.0000010000131),.UNSPECIFIED.);
#247=EDGE_CURVE('',#231,#161,#246,.T.);
#248=ORIENTED_EDGE('',*,*,#247,.F.);
#249=CARTESIAN_POINT('',(-0.074803149606299,0.039370078740157,0.118110236220473));
#250=VERTEX_POINT('',#249);
#251=CARTESIAN_POINT('',(-0.074803149606299,0.039370078740157,0.114173228346457));
#252=DIRECTION('',(0.0,-1.0,0.0));
#253=DIRECTION('',(0.0,0.0,1.0));
#254=AXIS2_PLACEMENT_3D('',#251,#252,#253);
#255=CIRCLE('',#254,0.003937007874016);
#256=EDGE_CURVE('',#250,#231,#255,.T.);
#257=ORIENTED_EDGE('',*,*,#256,.F.);
#258=CARTESIAN_POINT('',(-0.070866141732284,0.043307086614173,0.118110236220473));
#259=VERTEX_POINT('',#258);
#260=CARTESIAN_POINT('',(-0.070866141732283,0.039370078740157,0.118110236220473));
#261=DIRECTION('',(0.0,0.0,-1.0));
#262=DIRECTION('',(-1.0,0.0,0.0));
#263=AXIS2_PLACEMENT_3D('',#260,#261,#262);
#264=CIRCLE('',#263,0.003937007874016);
#265=EDGE_CURVE('',#250,#259,#264,.T.);
#266=ORIENTED_EDGE('',*,*,#265,.T.);
#267=CARTESIAN_POINT('',(-0.070866141732284,0.043307086614173,0.114173228346457));
#268=DIRECTION('',(-1.0,0.0,0.0));
#269=DIRECTION('',(0.0,0.0,1.0));
#270=AXIS2_PLACEMENT_3D('',#267,#268,#269);
#271=CIRCLE('',#270,0.003937007874016);
#272=EDGE_CURVE('',#259,#171,#271,.T.);
#273=ORIENTED_EDGE('',*,*,#272,.T.);
#274=ORIENTED_EDGE('',*,*,#177,.T.);
#275=EDGE_LOOP('',(#248,#257,#266,#273,#274));
#276=FACE_OUTER_BOUND('',#275,.T.);
#277=ADVANCED_FACE('',(#276),#229,.T.);
#278=CARTESIAN_POINT('',(-0.074803149606299,-0.043307086614173,0.114173228346457));
#279=DIRECTION('',(0.0,1.0,0.0));
#280=DIRECTION('',(-0.707106781186548,0.0,0.707106781186547));
#281=AXIS2_PLACEMENT_3D('',#278,#279,#280);
#282=CYLINDRICAL_SURFACE('',#281,0.003937007874016);
#283=CARTESIAN_POINT('',(-0.076771653543307,-0.039370078740157,0.117582777180254));
#284=VERTEX_POINT('',#283);
#285=CARTESIAN_POINT('',(-0.076771653543307,-0.039370078740157,0.117582777180254));
#286=DIRECTION('',(0.0,1.0,0.0));
#287=VECTOR('',#286,0.078740157480314);
#288=LINE('',#285,#287);
#289=EDGE_CURVE('',#284,#231,#288,.T.);
#290=ORIENTED_EDGE('',*,*,#289,.F.);
#291=CARTESIAN_POINT('',(-0.074803149606299,-0.039370078740157,0.118110236220473));
#292=VERTEX_POINT('',#291);
#293=CARTESIAN_POINT('',(-0.074803149606299,-0.039370078740157,0.114173228346457));
#294=DIRECTION('',(0.0,1.0,0.0));
#295=DIRECTION('',(-1.0,0.0,0.0));
#296=AXIS2_PLACEMENT_3D('',#293,#294,#295);
#297=CIRCLE('',#296,0.003937007874016);
#298=EDGE_CURVE('',#284,#292,#297,.T.);
#299=ORIENTED_EDGE('',*,*,#298,.T.);
#300=CARTESIAN_POINT('',(-0.074803149606299,-0.039370078740157,0.118110236220473));
#301=DIRECTION('',(0.0,1.0,0.0));
#302=VECTOR('',#301,0.078740157480314);
#303=LINE('',#300,#302);
#304=EDGE_CURVE('',#292,#250,#303,.T.);
#305=ORIENTED_EDGE('',*,*,#304,.T.);
#306=ORIENTED_EDGE('',*,*,#256,.T.);
#307=EDGE_LOOP('',(#290,#299,#305,#306));
#308=FACE_OUTER_BOUND('',#307,.T.);
#309=ADVANCED_FACE('',(#308),#282,.T.);
#310=CARTESIAN_POINT('',(0.070866141732283,-0.039370078740157,0.093503937007874));
#311=DIRECTION('',(0.0,0.0,1.0));
#312=DIRECTION('',(0.0,1.0,0.0));
#313=AXIS2_PLACEMENT_3D('',#310,#311,#312);
#314=CYLINDRICAL_SURFACE('',#313,0.007874015748031);
#315=CARTESIAN_POINT('',(0.076771653543307,-0.044578250612332,0.114173228346457));
#316=VERTEX_POINT('',#315);
#317=CARTESIAN_POINT('',(0.076771653543307,-0.044578250612332,0.094488188976378));
#318=VERTEX_POINT('',#317);
#319=CARTESIAN_POINT('',(0.076771653543307,-0.044578250612332,0.114173228346457));
#320=DIRECTION('',(0.0,0.0,-1.0));
#321=VECTOR('',#320,0.019685039370079);
#322=LINE('',#319,#321);
#323=EDGE_CURVE('',#316,#318,#322,.T.);
#324=ORIENTED_EDGE('',*,*,#323,.F.);
#325=CARTESIAN_POINT('',(0.070866141732283,-0.047244094488189,0.114173228346457));
#326=VERTEX_POINT('',#325);
#327=CARTESIAN_POINT('',(0.070866141732283,-0.039370078740157,0.114173228346457));
#328=DIRECTION('',(0.0,0.0,1.0));
#329=DIRECTION('',(0.707106781186548,-0.707106781186547,0.0));
#330=AXIS2_PLACEMENT_3D('',#327,#328,#329);
#331=CIRCLE('',#330,0.007874015748031);
#332=EDGE_CURVE('',#326,#316,#331,.T.);
#333=ORIENTED_EDGE('',*,*,#332,.F.);
#334=CARTESIAN_POINT('',(0.070866141732283,-0.047244094488189,0.094488188976378));
#335=VERTEX_POINT('',#334);
#336=CARTESIAN_POINT('',(0.070866141732283,-0.047244094488189,0.094488188976378));
#337=DIRECTION('',(0.0,0.0,1.0));
#338=VECTOR('',#337,0.019685039370079);
#339=LINE('',#336,#338);
#340=EDGE_CURVE('',#335,#326,#339,.T.);
#341=ORIENTED_EDGE('',*,*,#340,.F.);
#342=CARTESIAN_POINT('',(0.070866141732283,-0.039370078740157,0.094488188976378));
#343=DIRECTION('',(0.0,0.0,-1.0));
#344=DIRECTION('',(0.0,1.0,0.0));
#345=AXIS2_PLACEMENT_3D('',#342,#343,#344);
#346=CIRCLE('',#345,0.007874015748031);
#347=EDGE_CURVE('',#318,#335,#346,.T.);
#348=ORIENTED_EDGE('',*,*,#347,.F.);
#349=EDGE_LOOP('',(#324,#333,#341,#348));
#350=FACE_OUTER_BOUND('',#349,.T.);
#351=ADVANCED_FACE('',(#350),#314,.T.);
#352=CARTESIAN_POINT('',(0.070866141731734,-0.043307086613704,0.118110236220472));
#353=CARTESIAN_POINT('',(0.070866141731734,-0.043307086613939,0.118110236220472));
#354=CARTESIAN_POINT('',(0.070866141731734,-0.043307086614173,0.118110236220472));
#355=CARTESIAN_POINT('',(0.070866141731184,-0.047244094488189,0.118110236220472));
#356=CARTESIAN_POINT('',(0.070866141731184,-0.047244094488189,0.114173228346457));
#357=CARTESIAN_POINT('',(0.072496903788448,-0.043307086613932,0.118110236220472));
#358=CARTESIAN_POINT('',(0.072496903788545,-0.043307086614166,0.118110236220472));
#359=CARTESIAN_POINT('',(0.072496903788642,-0.043307086614401,0.118110236220472));
#360=CARTESIAN_POINT('',(0.074127665845002,-0.047244094488645,0.118110236220472));
#361=CARTESIAN_POINT('',(0.074127665845002,-0.047244094488645,0.114173228346457));
#362=CARTESIAN_POINT('',(0.073650026697253,-0.042153963705127,0.118110236220472));
#363=CARTESIAN_POINT('',(0.073650026697419,-0.042153963705293,0.118110236220472));
#364=CARTESIAN_POINT('',(0.073650026697584,-0.042153963705459,0.118110236220472));
#365=CARTESIAN_POINT('',(0.076433911662886,-0.04493784867076,0.118110236220472));
#366=CARTESIAN_POINT('',(0.076433911662886,-0.04493784867076,0.114173228346457));
#367=CARTESIAN_POINT('',(0.074803149606058,-0.041000840796322,0.118110236220472));
#368=CARTESIAN_POINT('',(0.074803149606292,-0.04100084079642,0.118110236220472));
#369=CARTESIAN_POINT('',(0.074803149606527,-0.041000840796517,0.118110236220472));
#370=CARTESIAN_POINT('',(0.07874015748077,-0.042631602852876,0.118110236220472));
#371=CARTESIAN_POINT('',(0.07874015748077,-0.042631602852876,0.114173228346457));
#372=CARTESIAN_POINT('',(0.07480314960583,-0.039370078739608,0.118110236220472));
#373=CARTESIAN_POINT('',(0.074803149606065,-0.039370078739608,0.118110236220472));
#374=CARTESIAN_POINT('',(0.074803149606299,-0.039370078739608,0.118110236220472));
#375=CARTESIAN_POINT('',(0.078740157480315,-0.039370078739057,0.118110236220472));
#376=CARTESIAN_POINT('',(0.078740157480315,-0.039370078739057,0.114173228346457));
#384=(BOUNDED_SURFACE()B_SPLINE_SURFACE(2,2,((#352,#357,#362,#367,#372),(#353,#358,#363,#368,#373),(#354,#359,#364,#369,#374),(#355,#360,#365,#370,#375),(#356,#361,#366,#371,#376)),.UNSPECIFIED.,.F.,.F.,.U.)B_SPLINE_SURFACE_WITH_KNOTS((3,2,3),(3,2,3),(-1.570796326927301,-1.570796326795031,-1.880718E-013),(2.356194490059857,3.141592653589644,3.926990817119553),.UNSPECIFIED.)GEOMETRIC_REPRESENTATION_ITEM()RATIONAL_B_SPLINE_SURFACE(((0.853553390551171,0.853553390526481,0.999999999950673,0.853553390526472,0.853553390551171),(0.853553390572222,0.853553390547533,0.999999999975337,0.853553390547524,0.853553390572222),(0.853553390593274,0.853553390568584,1.0,0.853553390568575,0.853553390593274),(0.603553390593272,0.603553390575814,0.707106781186546,0.603553390575808,0.603553390593273),(0.853553390593274,0.853553390568584,1.0,0.853553390568575,0.853553390593274)))REPRESENTATION_ITEM('')SURFACE());
#385=CARTESIAN_POINT('',(0.076771653543307,-0.039370078740157,0.117582777180254));
#386=VERTEX_POINT('',#385);
#387=CARTESIAN_POINT('',(0.076771653543362,-0.039370078740157,0.117582777180221));
#388=CARTESIAN_POINT('',(0.076771492559344,-0.039950242712213,0.117582870124388));
#389=CARTESIAN_POINT('',(0.076771682815587,-0.040529434886276,0.117534033773506));
#390=CARTESIAN_POINT('',(0.076771644308451,-0.041072046920928,0.117432213047357));
#391=CARTESIAN_POINT('',(0.076771625054883,-0.041343352938254,0.117381302684282));
#392=CARTESIAN_POINT('',(0.076771665369229,-0.041605746459225,0.117316942762529));
#393=CARTESIAN_POINT('',(0.076771660418082,-0.041856007638634,0.117238698853955));
#394=CARTESIAN_POINT('',(0.076771655466936,-0.042106268818043,0.11716045494538));
#395=CARTESIAN_POINT('',(0.076771659193332,-0.042344345679102,0.117068270823126));
#396=CARTESIAN_POINT('',(0.076771652417363,-0.042567259176404,0.116962564035104));
#397=CARTESIAN_POINT('',(0.076771645641394,-0.042790172673707,0.116856857247082));
#398=CARTESIAN_POINT('',(0.076771648107082,-0.042997854899759,0.116737617250756));
#399=CARTESIAN_POINT('',(0.076771648688131,-0.043187627431755,0.116606580264916));
#400=CARTESIAN_POINT('',(0.076771649269179,-0.04337739996375,0.116475543279075));
#401=CARTESIAN_POINT('',(0.076771661199531,-0.043549202195356,0.116332737131282));
#402=CARTESIAN_POINT('',(0.076771656498419,-0.043701224393646,0.116181106550425));
#403=CARTESIAN_POINT('',(0.076771651797307,-0.043853246591935,0.116029475969568));
#404=CARTESIAN_POINT('',(0.076771639313409,-0.043985451672068,0.115869069092476));
#405=CARTESIAN_POINT('',(0.076771637772844,-0.044097195316927,0.115703548983572));
#406=CARTESIAN_POINT('',(0.076771636232278,-0.044208938961786,0.115538028874669));
#407=CARTESIAN_POINT('',(0.076771656283237,-0.044300213818335,0.115367444499603));
#408=CARTESIAN_POINT('',(0.076771658407961,-0.044371740637373,0.115195514831666));
#409=CARTESIAN_POINT('',(0.076771660532685,-0.044443267456411,0.11502358516373));
#410=CARTESIAN_POINT('',(0.076771651870517,-0.044495060386533,0.114850345138245));
#411=CARTESIAN_POINT('',(0.076771658276911,-0.04452879032988,0.114679009315161));
#412=CARTESIAN_POINT('',(0.076771664683305,-0.044562520273226,0.114507673492077));
#413=CARTESIAN_POINT('',(0.076771689985856,-0.04457820928937,0.114338259100573));
#414=CARTESIAN_POINT('',(0.076771653543307,-0.044578250612332,0.114173228362155));
#415=B_SPLINE_CURVE_WITH_KNOTS('',3,(#387,#388,#389,#390,#391,#392,#393,#394,#395,#396,#397,#398,#399,#400,#401,#402,#403,#404,#405,#406,#407,#408,#409,#410,#411,#412,#413,#414),.UNSPECIFIED.,.F.,.U.,(4,3,3,3,3,3,3,3,3,4),(0.0,0.004260589478976,0.006390884218465,0.008521178957953,0.010651473697441,0.012781768436929,0.014912063176417,0.017042357915906,0.019172652655394,0.021302947394882),.UNSPECIFIED.);
#416=EDGE_CURVE('',#386,#316,#415,.T.);
#417=ORIENTED_EDGE('',*,*,#416,.F.);
#418=CARTESIAN_POINT('',(0.074803149606299,-0.039370078740157,0.118110236220473));
#419=VERTEX_POINT('',#418);
#420=CARTESIAN_POINT('',(0.074803149606299,-0.039370078740157,0.114173228346457));
#421=DIRECTION('',(0.0,-1.0,0.0));
#422=DIRECTION('',(1.0,0.0,0.0));
#423=AXIS2_PLACEMENT_3D('',#420,#421,#422);
#424=CIRCLE('',#423,0.003937007874016);
#425=EDGE_CURVE('',#386,#419,#424,.T.);
#426=ORIENTED_EDGE('',*,*,#425,.T.);
#427=CARTESIAN_POINT('',(0.070866141732283,-0.043307086614173,0.118110236220473));
#428=VERTEX_POINT('',#427);
#429=CARTESIAN_POINT('',(0.070866141718579,-0.039370078753862,0.118110236220472));
#430=DIRECTION('',(1.762479E-014,6.135174E-023,1.0));
#431=DIRECTION('',(1.0,3.480991E-009,-1.762479E-014));
#432=AXIS2_PLACEMENT_3D('',#429,#430,#431);
#433=CIRCLE('',#432,0.00393700788772);
#434=EDGE_CURVE('',#428,#419,#433,.T.);
#435=ORIENTED_EDGE('',*,*,#434,.F.);
#436=CARTESIAN_POINT('',(0.070866141732283,-0.043307086614173,0.114173228346457));
#437=DIRECTION('',(-1.0,0.0,0.0));
#438=DIRECTION('',(0.0,-1.0,0.0));
#439=AXIS2_PLACEMENT_3D('',#436,#437,#438);
#440=CIRCLE('',#439,0.003937007874016);
#441=EDGE_CURVE('',#326,#428,#440,.T.);
#442=ORIENTED_EDGE('',*,*,#441,.F.);
#443=ORIENTED_EDGE('',*,*,#332,.T.);
#444=EDGE_LOOP('',(#417,#426,#435,#442,#443));
#445=FACE_OUTER_BOUND('',#444,.T.);
#446=ADVANCED_FACE('',(#445),#384,.T.);
#447=CARTESIAN_POINT('',(-0.070374015748032,-0.038976377952756,0.118110236220472));
#448=DIRECTION('',(0.0,0.0,1.0));
#449=DIRECTION('',(1.0,0.0,0.0));
#450=AXIS2_PLACEMENT_3D('',#447,#448,#449);
#451=PLANE('',#450);
#452=CARTESIAN_POINT('',(-0.02755905511811,0.035433070866142,0.118110236220473));
#453=VERTEX_POINT('',#452);
#454=CARTESIAN_POINT('',(-0.063976377952756,0.035433070866142,0.118110236220473));
#455=VERTEX_POINT('',#454);
#456=CARTESIAN_POINT('',(-0.02755905511811,0.035433070866142,0.118110236220473));
#457=DIRECTION('',(-1.0,0.0,0.0));
#458=VECTOR('',#457,0.036417322834646);
#459=LINE('',#456,#458);
#460=EDGE_CURVE('',#453,#455,#459,.T.);
#461=ORIENTED_EDGE('',*,*,#460,.T.);
#462=CARTESIAN_POINT('',(-0.063976377952756,-0.035433070866142,0.118110236220473));
#463=VERTEX_POINT('',#462);
#464=CARTESIAN_POINT('',(-0.063976377952756,0.035433070866142,0.118110236220473));
#465=DIRECTION('',(0.0,-1.0,0.0));
#466=VECTOR('',#465,0.070866141732284);
#467=LINE('',#464,#466);
#468=EDGE_CURVE('',#455,#463,#467,.T.);
#469=ORIENTED_EDGE('',*,*,#468,.T.);
#470=CARTESIAN_POINT('',(0.063976377952756,-0.035433070866142,0.118110236220473));
#471=VERTEX_POINT('',#470);
#472=CARTESIAN_POINT('',(-0.063976377952756,-0.035433070866142,0.118110236220473));
#473=DIRECTION('',(1.0,0.0,0.0));
#474=VECTOR('',#473,0.127952755905512);
#475=LINE('',#472,#474);
#476=EDGE_CURVE('',#463,#471,#475,.T.);
#477=ORIENTED_EDGE('',*,*,#476,.T.);
#478=CARTESIAN_POINT('',(0.063976377952756,0.035433070866142,0.118110236220473));
#479=VERTEX_POINT('',#478);
#480=CARTESIAN_POINT('',(0.063976377952756,-0.035433070866142,0.118110236220473));
#481=DIRECTION('',(0.0,1.0,0.0));
#482=VECTOR('',#481,0.070866141732284);
#483=LINE('',#480,#482);
#484=EDGE_CURVE('',#471,#479,#483,.T.);
#485=ORIENTED_EDGE('',*,*,#484,.T.);
#486=CARTESIAN_POINT('',(0.02755905511811,0.035433070866142,0.118110236220473));
#487=VERTEX_POINT('',#486);
#488=CARTESIAN_POINT('',(0.063976377952756,0.035433070866142,0.118110236220473));
#489=DIRECTION('',(-1.0,0.0,0.0));
#490=VECTOR('',#489,0.036417322834646);
#491=LINE('',#488,#490);
#492=EDGE_CURVE('',#479,#487,#491,.T.);
#493=ORIENTED_EDGE('',*,*,#492,.T.);
#494=CARTESIAN_POINT('',(0.02755905511811,0.035433070866142,0.118110236220473));
#495=DIRECTION('',(-1.0,0.0,0.0));
#496=VECTOR('',#495,0.05511811023622);
#497=LINE('',#494,#496);
#498=EDGE_CURVE('',#487,#453,#497,.T.);
#499=ORIENTED_EDGE('',*,*,#498,.T.);
#500=EDGE_LOOP('',(#461,#469,#477,#485,#493,#499));
#501=FACE_OUTER_BOUND('',#500,.T.);
#502=CARTESIAN_POINT('',(-0.049212598425197,0.029527559055118,0.118110236220472));
#503=VERTEX_POINT('',#502);
#504=CARTESIAN_POINT('',(0.049212598425197,0.029527559055118,0.118110236220472));
#505=VERTEX_POINT('',#504);
#506=CARTESIAN_POINT('',(-0.049212598425197,0.029527559055118,0.118110236220472));
#507=DIRECTION('',(1.0,0.0,0.0));
#508=VECTOR('',#507,0.098425196850394);
#509=LINE('',#506,#508);
#510=EDGE_CURVE('',#503,#505,#509,.T.);
#511=ORIENTED_EDGE('',*,*,#510,.T.);
#512=CARTESIAN_POINT('',(0.059055118110236,0.019685039370079,0.118110236220472));
#513=VERTEX_POINT('',#512);
#514=CARTESIAN_POINT('',(0.049212598425197,0.019685039370079,0.118110236220472));
#515=DIRECTION('',(0.0,0.0,-1.0));
#516=DIRECTION('',(-1.0,0.0,0.0));
#517=AXIS2_PLACEMENT_3D('',#514,#515,#516);
#518=CIRCLE('',#517,0.009842519685039);
#519=EDGE_CURVE('',#505,#513,#518,.T.);
#520=ORIENTED_EDGE('',*,*,#519,.T.);
#521=CARTESIAN_POINT('',(0.059055118110236,-0.019685039370079,0.118110236220472));
#522=VERTEX_POINT('',#521);
#523=CARTESIAN_POINT('',(0.059055118110236,0.019685039370079,0.118110236220472));
#524=DIRECTION('',(0.0,-1.0,0.0));
#525=VECTOR('',#524,0.039370078740158);
#526=LINE('',#523,#525);
#527=EDGE_CURVE('',#513,#522,#526,.T.);
#528=ORIENTED_EDGE('',*,*,#527,.T.);
#529=CARTESIAN_POINT('',(0.049212598425197,-0.029527559055118,0.118110236220472));
#530=VERTEX_POINT('',#529);
#531=CARTESIAN_POINT('',(0.049212598425197,-0.019685039370079,0.118110236220472));
#532=DIRECTION('',(0.0,0.0,-1.0));
#533=DIRECTION('',(0.0,1.0,0.0));
#534=AXIS2_PLACEMENT_3D('',#531,#532,#533);
#535=CIRCLE('',#534,0.009842519685039);
#536=EDGE_CURVE('',#522,#530,#535,.T.);
#537=ORIENTED_EDGE('',*,*,#536,.T.);
#538=CARTESIAN_POINT('',(-0.049212598425197,-0.029527559055118,0.118110236220472));
#539=VERTEX_POINT('',#538);
#540=CARTESIAN_POINT('',(0.049212598425197,-0.029527559055118,0.118110236220472));
#541=DIRECTION('',(-1.0,0.0,0.0));
#542=VECTOR('',#541,0.098425196850394);
#543=LINE('',#540,#542);
#544=EDGE_CURVE('',#530,#539,#543,.T.);
#545=ORIENTED_EDGE('',*,*,#544,.T.);
#546=CARTESIAN_POINT('',(-0.059055118110236,-0.019685039370079,0.118110236220472));
#547=VERTEX_POINT('',#546);
#548=CARTESIAN_POINT('',(-0.049212598425197,-0.019685039370079,0.118110236220472));
#549=DIRECTION('',(0.0,0.0,-1.0));
#550=DIRECTION('',(1.0,0.0,0.0));
#551=AXIS2_PLACEMENT_3D('',#548,#549,#550);
#552=CIRCLE('',#551,0.009842519685039);
#553=EDGE_CURVE('',#539,#547,#552,.T.);
#554=ORIENTED_EDGE('',*,*,#553,.T.);
#555=CARTESIAN_POINT('',(-0.059055118110236,0.019685039370079,0.118110236220472));
#556=VERTEX_POINT('',#555);
#557=CARTESIAN_POINT('',(-0.059055118110236,-0.019685039370079,0.118110236220472));
#558=DIRECTION('',(0.0,1.0,0.0));
#559=VECTOR('',#558,0.039370078740158);
#560=LINE('',#557,#559);
#561=EDGE_CURVE('',#547,#556,#560,.T.);
#562=ORIENTED_EDGE('',*,*,#561,.T.);
#563=CARTESIAN_POINT('',(-0.049212598425197,0.019685039370079,0.118110236220472));
#564=DIRECTION('',(0.0,0.0,-1.0));
#565=DIRECTION('',(0.0,-1.0,0.0));
#566=AXIS2_PLACEMENT_3D('',#563,#564,#565);
#567=CIRCLE('',#566,0.009842519685039);
#568=EDGE_CURVE('',#556,#503,#567,.T.);
#569=ORIENTED_EDGE('',*,*,#568,.T.);
#570=EDGE_LOOP('',(#511,#520,#528,#537,#545,#554,#562,#569));
#571=FACE_BOUND('',#570,.T.);
#572=ADVANCED_FACE('',(#501,#571),#451,.T.);
#573=CARTESIAN_POINT('',(0.017716535433071,-0.015748031496063,0.082677165354331));
#574=DIRECTION('',(0.577350269189626,0.577350269189626,0.577350269189626));
#575=DIRECTION('',(-0.707106781186548,0.0,0.707106781186548));
#576=AXIS2_PLACEMENT_3D('',#573,#574,#575);
#577=SPHERICAL_SURFACE('',#576,0.003937007874016);
#578=CARTESIAN_POINT('',(0.021653543307087,-0.015748031496063,0.082677165354331));
#579=VERTEX_POINT('',#578);
#580=CARTESIAN_POINT('',(0.017716535433071,-0.019685039370079,0.082677165354331));
#581=VERTEX_POINT('',#580);
#582=CARTESIAN_POINT('',(0.017716535433071,-0.015748031496063,0.082677165354331));
#583=DIRECTION('',(0.0,0.0,-1.0));
#584=DIRECTION('',(0.707106781186548,-0.707106781186548,0.0));
#585=AXIS2_PLACEMENT_3D('',#582,#583,#584);
#586=CIRCLE('',#585,0.003937007874016);
#587=EDGE_CURVE('',#579,#581,#586,.T.);
#588=ORIENTED_EDGE('',*,*,#587,.T.);
#589=CARTESIAN_POINT('',(0.017716535433071,-0.015748031496063,0.078740157480315));
#590=VERTEX_POINT('',#589);
#591=CARTESIAN_POINT('',(0.017716535433071,-0.015748031496063,0.082677165354331));
#592=DIRECTION('',(-1.0,0.0,0.0));
#593=DIRECTION('',(0.0,0.0,-1.0));
#594=AXIS2_PLACEMENT_3D('',#591,#592,#593);
#595=CIRCLE('',#594,0.003937007874016);
#596=EDGE_CURVE('',#590,#581,#595,.T.);
#597=ORIENTED_EDGE('',*,*,#596,.F.);
#598=CARTESIAN_POINT('',(0.017716535433071,-0.015748031496063,0.082677165354331));
#599=DIRECTION('',(0.0,-1.0,0.0));
#600=DIRECTION('',(0.707106781186547,0.0,-0.707106781186548));
#601=AXIS2_PLACEMENT_3D('',#598,#599,#600);
#602=CIRCLE('',#601,0.003937007874016);
#603=EDGE_CURVE('',#590,#579,#602,.T.);
#604=ORIENTED_EDGE('',*,*,#603,.T.);
#605=EDGE_LOOP('',(#588,#597,#604));
#606=FACE_OUTER_BOUND('',#605,.T.);
#607=ADVANCED_FACE('',(#606),#577,.T.);
#608=CARTESIAN_POINT('',(0.017716535433071,0.015748031496063,0.082677165354331));
#609=DIRECTION('',(0.577350269189626,0.577350269189626,0.577350269189626));
#610=DIRECTION('',(-0.707106781186548,0.0,0.707106781186548));
#611=AXIS2_PLACEMENT_3D('',#608,#609,#610);
#612=SPHERICAL_SURFACE('',#611,0.003937007874016);
#613=CARTESIAN_POINT('',(0.021653543307087,0.015748031496063,0.082677165354331));
#614=VERTEX_POINT('',#613);
#615=CARTESIAN_POINT('',(0.017716535433071,0.015748031496063,0.078740157480315));
#616=VERTEX_POINT('',#615);
#617=CARTESIAN_POINT('',(0.017716535433071,0.015748031496063,0.082677165354331));
#618=DIRECTION('',(0.0,1.0,0.0));
#619=DIRECTION('',(0.707106781186547,0.0,-0.707106781186548));
#620=AXIS2_PLACEMENT_3D('',#617,#618,#619);
#621=CIRCLE('',#620,0.003937007874016);
#622=EDGE_CURVE('',#614,#616,#621,.T.);
#623=ORIENTED_EDGE('',*,*,#622,.T.);
#624=CARTESIAN_POINT('',(0.017716535433071,0.019685039370079,0.082677165354331));
#625=VERTEX_POINT('',#624);
#626=CARTESIAN_POINT('',(0.017716535433071,0.015748031496063,0.082677165354331));
#627=DIRECTION('',(-1.0,0.0,0.0));
#628=DIRECTION('',(0.0,1.0,0.0));
#629=AXIS2_PLACEMENT_3D('',#626,#627,#628);
#630=CIRCLE('',#629,0.003937007874016);
#631=EDGE_CURVE('',#625,#616,#630,.T.);
#632=ORIENTED_EDGE('',*,*,#631,.F.);
#633=CARTESIAN_POINT('',(0.017716535433071,0.015748031496063,0.082677165354331));
#634=DIRECTION('',(0.0,0.0,-1.0));
#635=DIRECTION('',(0.707106781186548,0.707106781186548,0.0));
#636=AXIS2_PLACEMENT_3D('',#633,#634,#635);
#637=CIRCLE('',#636,0.003937007874016);
#638=EDGE_CURVE('',#625,#614,#637,.T.);
#639=ORIENTED_EDGE('',*,*,#638,.T.);
#640=EDGE_LOOP('',(#623,#632,#639));
#641=FACE_OUTER_BOUND('',#640,.T.);
#642=ADVANCED_FACE('',(#641),#612,.T.);
#643=CARTESIAN_POINT('',(-0.017716535433071,-0.015748031496063,0.082677165354331));
#644=DIRECTION('',(0.577350269189626,0.577350269189626,0.577350269189626));
#645=DIRECTION('',(-0.707106781186548,0.0,0.707106781186548));
#646=AXIS2_PLACEMENT_3D('',#643,#644,#645);
#647=SPHERICAL_SURFACE('',#646,0.003937007874016);
#648=CARTESIAN_POINT('',(-0.017716535433071,-0.019685039370079,0.082677165354331));
#649=VERTEX_POINT('',#648);
#650=CARTESIAN_POINT('',(-0.021653543307087,-0.015748031496063,0.082677165354331));
#651=VERTEX_POINT('',#650);
#652=CARTESIAN_POINT('',(-0.017716535433071,-0.015748031496063,0.082677165354331));
#653=DIRECTION('',(0.0,0.0,-1.0));
#654=DIRECTION('',(-0.707106781186547,-0.707106781186548,0.0));
#655=AXIS2_PLACEMENT_3D('',#652,#653,#654);
#656=CIRCLE('',#655,0.003937007874016);
#657=EDGE_CURVE('',#649,#651,#656,.T.);
#658=ORIENTED_EDGE('',*,*,#657,.T.);
#659=CARTESIAN_POINT('',(-0.017716535433071,-0.015748031496063,0.078740157480315));
#660=VERTEX_POINT('',#659);
#661=CARTESIAN_POINT('',(-0.017716535433071,-0.015748031496063,0.082677165354331));
#662=DIRECTION('',(0.0,1.0,0.0));
#663=DIRECTION('',(0.0,0.0,-1.0));
#664=AXIS2_PLACEMENT_3D('',#661,#662,#663);
#665=CIRCLE('',#664,0.003937007874016);
#666=EDGE_CURVE('',#660,#651,#665,.T.);
#667=ORIENTED_EDGE('',*,*,#666,.F.);
#668=CARTESIAN_POINT('',(-0.017716535433071,-0.015748031496063,0.082677165354331));
#669=DIRECTION('',(-1.0,0.0,0.0));
#670=DIRECTION('',(0.0,-0.707106781186548,-0.707106781186548));
#671=AXIS2_PLACEMENT_3D('',#668,#669,#670);
#672=CIRCLE('',#671,0.003937007874016);
#673=EDGE_CURVE('',#660,#649,#672,.T.);
#674=ORIENTED_EDGE('',*,*,#673,.T.);
#675=EDGE_LOOP('',(#658,#667,#674));
#676=FACE_OUTER_BOUND('',#675,.T.);
#677=ADVANCED_FACE('',(#676),#647,.T.);
#678=CARTESIAN_POINT('',(-0.017716535433071,0.015748031496063,0.082677165354331));
#679=DIRECTION('',(0.577350269189626,0.577350269189626,0.577350269189626));
#680=DIRECTION('',(-0.707106781186548,0.0,0.707106781186548));
#681=AXIS2_PLACEMENT_3D('',#678,#679,#680);
#682=SPHERICAL_SURFACE('',#681,0.003937007874016);
#683=CARTESIAN_POINT('',(-0.017716535433071,0.019685039370079,0.082677165354331));
#684=VERTEX_POINT('',#683);
#685=CARTESIAN_POINT('',(-0.017716535433071,0.015748031496063,0.078740157480315));
#686=VERTEX_POINT('',#685);
#687=CARTESIAN_POINT('',(-0.017716535433071,0.015748031496063,0.082677165354331));
#688=DIRECTION('',(-1.0,0.0,0.0));
#689=DIRECTION('',(0.0,0.707106781186547,-0.707106781186548));
#690=AXIS2_PLACEMENT_3D('',#687,#688,#689);
#691=CIRCLE('',#690,0.003937007874016);
#692=EDGE_CURVE('',#684,#686,#691,.T.);
#693=ORIENTED_EDGE('',*,*,#692,.T.);
#694=CARTESIAN_POINT('',(-0.021653543307087,0.015748031496063,0.082677165354331));
#695=VERTEX_POINT('',#694);
#696=CARTESIAN_POINT('',(-0.017716535433071,0.015748031496063,0.082677165354331));
#697=DIRECTION('',(0.0,-1.0,0.0));
#698=DIRECTION('',(-1.0,0.0,0.0));
#699=AXIS2_PLACEMENT_3D('',#696,#697,#698);
#700=CIRCLE('',#699,0.003937007874016);
#701=EDGE_CURVE('',#695,#686,#700,.T.);
#702=ORIENTED_EDGE('',*,*,#701,.F.);
#703=CARTESIAN_POINT('',(-0.017716535433071,0.015748031496063,0.082677165354331));
#704=DIRECTION('',(0.0,0.0,-1.0));
#705=DIRECTION('',(-0.707106781186548,0.707106781186547,0.0));
#706=AXIS2_PLACEMENT_3D('',#703,#704,#705);
#707=CIRCLE('',#706,0.003937007874016);
#708=EDGE_CURVE('',#695,#684,#707,.T.);
#709=ORIENTED_EDGE('',*,*,#708,.T.);
#710=EDGE_LOOP('',(#693,#702,#709));
#711=FACE_OUTER_BOUND('',#710,.T.);
#712=ADVANCED_FACE('',(#711),#682,.T.);
#713=CARTESIAN_POINT('',(-0.017716535433071,0.017322834645669,0.082677165354331));
#714=DIRECTION('',(0.0,-1.0,0.0));
#715=DIRECTION('',(0.707106781186548,0.0,0.707106781186547));
#716=AXIS2_PLACEMENT_3D('',#713,#714,#715);
#717=CYLINDRICAL_SURFACE('',#716,0.003937007874016);
#718=ORIENTED_EDGE('',*,*,#666,.T.);
#719=CARTESIAN_POINT('',(-0.021653543307087,-0.015748031496063,0.082677165354331));
#720=DIRECTION('',(0.0,1.0,0.0));
#721=VECTOR('',#720,0.031496062992126);
#722=LINE('',#719,#721);
#723=EDGE_CURVE('',#651,#695,#722,.T.);
#724=ORIENTED_EDGE('',*,*,#723,.T.);
#725=ORIENTED_EDGE('',*,*,#701,.T.);
#726=CARTESIAN_POINT('',(-0.017716535433071,0.015748031496063,0.078740157480315));
#727=DIRECTION('',(0.0,-1.0,0.0));
#728=VECTOR('',#727,0.031496062992126);
#729=LINE('',#726,#728);
#730=EDGE_CURVE('',#686,#660,#729,.T.);
#731=ORIENTED_EDGE('',*,*,#730,.T.);
#732=EDGE_LOOP('',(#718,#724,#725,#731));
#733=FACE_OUTER_BOUND('',#732,.T.);
#734=ADVANCED_FACE('',(#733),#717,.T.);
#735=CARTESIAN_POINT('',(-0.017716535433071,0.015748031496063,0.099212598425197));
#736=DIRECTION('',(0.0,0.0,-1.0));
#737=DIRECTION('',(0.707106781186548,-0.707106781186547,0.0));
#738=AXIS2_PLACEMENT_3D('',#735,#736,#737);
#739=CYLINDRICAL_SURFACE('',#738,0.003937007874016);
#740=CARTESIAN_POINT('',(-0.021653543307087,0.015748031496063,0.098425196850394));
#741=VERTEX_POINT('',#740);
#742=CARTESIAN_POINT('',(-0.017716535433071,0.019685039370079,0.098425196850394));
#743=VERTEX_POINT('',#742);
#744=CARTESIAN_POINT('',(-0.017716535433071,0.015748031496063,0.098425196850394));
#745=DIRECTION('',(0.0,0.0,-1.0));
#746=DIRECTION('',(-0.707106781186548,0.707106781186547,0.0));
#747=AXIS2_PLACEMENT_3D('',#744,#745,#746);
#748=CIRCLE('',#747,0.003937007874016);
#749=EDGE_CURVE('',#741,#743,#748,.T.);
#750=ORIENTED_EDGE('',*,*,#749,.T.);
#751=CARTESIAN_POINT('',(-0.017716535433071,0.019685039370079,0.098425196850394));
#752=DIRECTION('',(0.0,0.0,-1.0));
#753=VECTOR('',#752,0.015748031496063);
#754=LINE('',#751,#753);
#755=EDGE_CURVE('',#743,#684,#754,.T.);
#756=ORIENTED_EDGE('',*,*,#755,.T.);
#757=ORIENTED_EDGE('',*,*,#708,.F.);
#758=CARTESIAN_POINT('',(-0.021653543307087,0.015748031496063,0.082677165354331));
#759=DIRECTION('',(0.0,0.0,1.0));
#760=VECTOR('',#759,0.015748031496063);
#761=LINE('',#758,#760);
#762=EDGE_CURVE('',#695,#741,#761,.T.);
#763=ORIENTED_EDGE('',*,*,#762,.T.);
#764=EDGE_LOOP('',(#750,#756,#757,#763));
#765=FACE_OUTER_BOUND('',#764,.T.);
#766=ADVANCED_FACE('',(#765),#739,.T.);
#767=CARTESIAN_POINT('',(0.019488188976378,0.015748031496063,0.082677165354331));
#768=DIRECTION('',(-1.0,0.0,0.0));
#769=DIRECTION('',(0.0,-0.707106781186547,0.707106781186548));
#770=AXIS2_PLACEMENT_3D('',#767,#768,#769);
#771=CYLINDRICAL_SURFACE('',#770,0.003937007874016);
#772=ORIENTED_EDGE('',*,*,#692,.F.);
#773=CARTESIAN_POINT('',(-0.017716535433071,0.019685039370079,0.082677165354331));
#774=DIRECTION('',(1.0,0.0,0.0));
#775=VECTOR('',#774,0.035433070866142);
#776=LINE('',#773,#775);
#777=EDGE_CURVE('',#684,#625,#776,.T.);
#778=ORIENTED_EDGE('',*,*,#777,.T.);
#779=ORIENTED_EDGE('',*,*,#631,.T.);
#780=CARTESIAN_POINT('',(0.017716535433071,0.015748031496063,0.078740157480315));
#781=DIRECTION('',(-1.0,0.0,0.0));
#782=VECTOR('',#781,0.035433070866142);
#783=LINE('',#780,#782);
#784=EDGE_CURVE('',#616,#686,#783,.T.);
#785=ORIENTED_EDGE('',*,*,#784,.T.);
#786=EDGE_LOOP('',(#772,#778,#779,#785));
#787=FACE_OUTER_BOUND('',#786,.T.);
#788=ADVANCED_FACE('',(#787),#771,.T.);
#789=CARTESIAN_POINT('',(-0.017716535433071,-0.015748031496063,0.099212598425197));
#790=DIRECTION('',(0.0,0.0,-1.0));
#791=DIRECTION('',(0.707106781186548,0.707106781186547,0.0));
#792=AXIS2_PLACEMENT_3D('',#789,#790,#791);
#793=CYLINDRICAL_SURFACE('',#792,0.003937007874016);
#794=CARTESIAN_POINT('',(-0.017716535433071,-0.019685039370079,0.098425196850394));
#795=VERTEX_POINT('',#794);
#796=CARTESIAN_POINT('',(-0.021653543307087,-0.015748031496063,0.098425196850394));
#797=VERTEX_POINT('',#796);
#798=CARTESIAN_POINT('',(-0.017716535433071,-0.015748031496063,0.098425196850394));
#799=DIRECTION('',(0.0,0.0,-1.0));
#800=DIRECTION('',(-0.707106781186547,-0.707106781186548,0.0));
#801=AXIS2_PLACEMENT_3D('',#798,#799,#800);
#802=CIRCLE('',#801,0.003937007874016);
#803=EDGE_CURVE('',#795,#797,#802,.T.);
#804=ORIENTED_EDGE('',*,*,#803,.T.);
#805=CARTESIAN_POINT('',(-0.021653543307087,-0.015748031496063,0.098425196850394));
#806=DIRECTION('',(0.0,0.0,-1.0));
#807=VECTOR('',#806,0.015748031496063);
#808=LINE('',#805,#807);
#809=EDGE_CURVE('',#797,#651,#808,.T.);
#810=ORIENTED_EDGE('',*,*,#809,.T.);
#811=ORIENTED_EDGE('',*,*,#657,.F.);
#812=CARTESIAN_POINT('',(-0.017716535433071,-0.019685039370079,0.082677165354331));
#813=DIRECTION('',(0.0,0.0,1.0));
#814=VECTOR('',#813,0.015748031496063);
#815=LINE('',#812,#814);
#816=EDGE_CURVE('',#649,#795,#815,.T.);
#817=ORIENTED_EDGE('',*,*,#816,.T.);
#818=EDGE_LOOP('',(#804,#810,#811,#817));
#819=FACE_OUTER_BOUND('',#818,.T.);
#820=ADVANCED_FACE('',(#819),#793,.T.);
#821=CARTESIAN_POINT('',(-0.019488188976378,-0.015748031496063,0.082677165354331));
#822=DIRECTION('',(1.0,0.0,0.0));
#823=DIRECTION('',(0.0,0.707106781186547,0.707106781186548));
#824=AXIS2_PLACEMENT_3D('',#821,#822,#823);
#825=CYLINDRICAL_SURFACE('',#824,0.003937007874016);
#826=ORIENTED_EDGE('',*,*,#596,.T.);
#827=CARTESIAN_POINT('',(0.017716535433071,-0.019685039370079,0.082677165354331));
#828=DIRECTION('',(-1.0,0.0,0.0));
#829=VECTOR('',#828,0.035433070866142);
#830=LINE('',#827,#829);
#831=EDGE_CURVE('',#581,#649,#830,.T.);
#832=ORIENTED_EDGE('',*,*,#831,.T.);
#833=ORIENTED_EDGE('',*,*,#673,.F.);
#834=CARTESIAN_POINT('',(-0.017716535433071,-0.015748031496063,0.078740157480315));
#835=DIRECTION('',(1.0,0.0,0.0));
#836=VECTOR('',#835,0.035433070866142);
#837=LINE('',#834,#836);
#838=EDGE_CURVE('',#660,#590,#837,.T.);
#839=ORIENTED_EDGE('',*,*,#838,.T.);
#840=EDGE_LOOP('',(#826,#832,#833,#839));
#841=FACE_OUTER_BOUND('',#840,.T.);
#842=ADVANCED_FACE('',(#841),#825,.T.);
#843=CARTESIAN_POINT('',(0.017716535433071,0.015748031496063,0.099212598425197));
#844=DIRECTION('',(0.0,0.0,-1.0));
#845=DIRECTION('',(-0.707106781186548,-0.707106781186547,0.0));
#846=AXIS2_PLACEMENT_3D('',#843,#844,#845);
#847=CYLINDRICAL_SURFACE('',#846,0.003937007874016);
#848=CARTESIAN_POINT('',(0.017716535433071,0.019685039370079,0.098425196850394));
#849=VERTEX_POINT('',#848);
#850=CARTESIAN_POINT('',(0.021653543307087,0.015748031496063,0.098425196850394));
#851=VERTEX_POINT('',#850);
#852=CARTESIAN_POINT('',(0.017716535433071,0.015748031496063,0.098425196850394));
#853=DIRECTION('',(0.0,0.0,-1.0));
#854=DIRECTION('',(0.707106781186548,0.707106781186548,0.0));
#855=AXIS2_PLACEMENT_3D('',#852,#853,#854);
#856=CIRCLE('',#855,0.003937007874016);
#857=EDGE_CURVE('',#849,#851,#856,.T.);
#858=ORIENTED_EDGE('',*,*,#857,.T.);
#859=CARTESIAN_POINT('',(0.021653543307087,0.015748031496063,0.098425196850394));
#860=DIRECTION('',(0.0,0.0,-1.0));
#861=VECTOR('',#860,0.015748031496063);
#862=LINE('',#859,#861);
#863=EDGE_CURVE('',#851,#614,#862,.T.);
#864=ORIENTED_EDGE('',*,*,#863,.T.);
#865=ORIENTED_EDGE('',*,*,#638,.F.);
#866=CARTESIAN_POINT('',(0.017716535433071,0.019685039370079,0.082677165354331));
#867=DIRECTION('',(0.0,0.0,1.0));
#868=VECTOR('',#867,0.015748031496063);
#869=LINE('',#866,#868);
#870=EDGE_CURVE('',#625,#849,#869,.T.);
#871=ORIENTED_EDGE('',*,*,#870,.T.);
#872=EDGE_LOOP('',(#858,#864,#865,#871));
#873=FACE_OUTER_BOUND('',#872,.T.);
#874=ADVANCED_FACE('',(#873),#847,.T.);
#875=CARTESIAN_POINT('',(0.017716535433071,-0.017322834645669,0.082677165354331));
#876=DIRECTION('',(0.0,1.0,0.0));
#877=DIRECTION('',(-0.707106781186548,0.0,0.707106781186547));
#878=AXIS2_PLACEMENT_3D('',#875,#876,#877);
#879=CYLINDRICAL_SURFACE('',#878,0.003937007874016);
#880=ORIENTED_EDGE('',*,*,#622,.F.);
#881=CARTESIAN_POINT('',(0.021653543307087,0.015748031496063,0.082677165354331));
#882=DIRECTION('',(0.0,-1.0,0.0));
#883=VECTOR('',#882,0.031496062992126);
#884=LINE('',#881,#883);
#885=EDGE_CURVE('',#614,#579,#884,.T.);
#886=ORIENTED_EDGE('',*,*,#885,.T.);
#887=ORIENTED_EDGE('',*,*,#603,.F.);
#888=CARTESIAN_POINT('',(0.017716535433071,-0.015748031496063,0.078740157480315));
#889=DIRECTION('',(0.0,1.0,0.0));
#890=VECTOR('',#889,0.031496062992126);
#891=LINE('',#888,#890);
#892=EDGE_CURVE('',#590,#616,#891,.T.);
#893=ORIENTED_EDGE('',*,*,#892,.T.);
#894=EDGE_LOOP('',(#880,#886,#887,#893));
#895=FACE_OUTER_BOUND('',#894,.T.);
#896=ADVANCED_FACE('',(#895),#879,.T.);
#897=CARTESIAN_POINT('',(0.017716535433071,-0.015748031496063,0.099212598425197));
#898=DIRECTION('',(0.0,0.0,-1.0));
#899=DIRECTION('',(-0.707106781186548,0.707106781186547,0.0));
#900=AXIS2_PLACEMENT_3D('',#897,#898,#899);
#901=CYLINDRICAL_SURFACE('',#900,0.003937007874016);
#902=CARTESIAN_POINT('',(0.021653543307087,-0.015748031496063,0.098425196850394));
#903=VERTEX_POINT('',#902);
#904=CARTESIAN_POINT('',(0.017716535433071,-0.019685039370079,0.098425196850394));
#905=VERTEX_POINT('',#904);
#906=CARTESIAN_POINT('',(0.017716535433071,-0.015748031496063,0.098425196850394));
#907=DIRECTION('',(0.0,0.0,-1.0));
#908=DIRECTION('',(0.707106781186548,-0.707106781186548,0.0));
#909=AXIS2_PLACEMENT_3D('',#906,#907,#908);
#910=CIRCLE('',#909,0.003937007874016);
#911=EDGE_CURVE('',#903,#905,#910,.T.);
#912=ORIENTED_EDGE('',*,*,#911,.T.);
#913=CARTESIAN_POINT('',(0.017716535433071,-0.019685039370079,0.098425196850394));
#914=DIRECTION('',(0.0,0.0,-1.0));
#915=VECTOR('',#914,0.015748031496063);
#916=LINE('',#913,#915);
#917=EDGE_CURVE('',#905,#581,#916,.T.);
#918=ORIENTED_EDGE('',*,*,#917,.T.);
#919=ORIENTED_EDGE('',*,*,#587,.F.);
#920=CARTESIAN_POINT('',(0.021653543307087,-0.015748031496063,0.082677165354331));
#921=DIRECTION('',(0.0,0.0,1.0));
#922=VECTOR('',#921,0.015748031496063);
#923=LINE('',#920,#922);
#924=EDGE_CURVE('',#579,#903,#923,.T.);
#925=ORIENTED_EDGE('',*,*,#924,.T.);
#926=EDGE_LOOP('',(#912,#918,#919,#925));
#927=FACE_OUTER_BOUND('',#926,.T.);
#928=ADVANCED_FACE('',(#927),#901,.T.);
#929=CARTESIAN_POINT('',(-0.019488188976378,0.019685039370079,0.081889763779528));
#930=DIRECTION('',(0.0,1.0,0.0));
#931=DIRECTION('',(0.0,0.0,1.0));
#932=AXIS2_PLACEMENT_3D('',#929,#930,#931);
#933=PLANE('',#932);
#934=ORIENTED_EDGE('',*,*,#870,.F.);
#935=ORIENTED_EDGE('',*,*,#777,.F.);
#936=ORIENTED_EDGE('',*,*,#755,.F.);
#937=CARTESIAN_POINT('',(0.017716535433071,0.019685039370079,0.098425196850394));
#938=DIRECTION('',(-1.0,0.0,0.0));
#939=VECTOR('',#938,0.035433070866142);
#940=LINE('',#937,#939);
#941=EDGE_CURVE('',#849,#743,#940,.T.);
#942=ORIENTED_EDGE('',*,*,#941,.F.);
#943=EDGE_LOOP('',(#934,#935,#936,#942));
#944=FACE_OUTER_BOUND('',#943,.T.);
#945=ADVANCED_FACE('',(#944),#933,.T.);
#946=CARTESIAN_POINT('',(-0.021653543307087,-0.017322834645669,0.081889763779528));
#947=DIRECTION('',(-1.0,0.0,0.0));
#948=DIRECTION('',(0.0,0.0,1.0));
#949=AXIS2_PLACEMENT_3D('',#946,#947,#948);
#950=PLANE('',#949);
#951=ORIENTED_EDGE('',*,*,#762,.F.);
#952=ORIENTED_EDGE('',*,*,#723,.F.);
#953=ORIENTED_EDGE('',*,*,#809,.F.);
#954=CARTESIAN_POINT('',(-0.021653543307087,0.015748031496063,0.098425196850394));
#955=DIRECTION('',(0.0,-1.0,0.0));
#956=VECTOR('',#955,0.031496062992126);
#957=LINE('',#954,#956);
#958=EDGE_CURVE('',#741,#797,#957,.T.);
#959=ORIENTED_EDGE('',*,*,#958,.F.);
#960=EDGE_LOOP('',(#951,#952,#953,#959));
#961=FACE_OUTER_BOUND('',#960,.T.);
#962=ADVANCED_FACE('',(#961),#950,.T.);
#963=CARTESIAN_POINT('',(-0.019488188976378,-0.017322834645669,0.078740157480315));
#964=DIRECTION('',(0.0,0.0,1.0));
#965=DIRECTION('',(1.0,0.0,0.0));
#966=AXIS2_PLACEMENT_3D('',#963,#964,#965);
#967=PLANE('',#966);
#968=ORIENTED_EDGE('',*,*,#730,.F.);
#969=ORIENTED_EDGE('',*,*,#784,.F.);
#970=ORIENTED_EDGE('',*,*,#892,.F.);
#971=ORIENTED_EDGE('',*,*,#838,.F.);
#972=EDGE_LOOP('',(#968,#969,#970,#971));
#973=FACE_OUTER_BOUND('',#972,.T.);
#974=ADVANCED_FACE('',(#973),#967,.F.);
#975=CARTESIAN_POINT('',(0.021653543307087,-0.017322834645669,0.099212598425197));
#976=DIRECTION('',(1.0,0.0,0.0));
#977=DIRECTION('',(0.0,0.0,-1.0));
#978=AXIS2_PLACEMENT_3D('',#975,#976,#977);
#979=PLANE('',#978);
#980=ORIENTED_EDGE('',*,*,#863,.F.);
#981=CARTESIAN_POINT('',(0.021653543307087,-0.015748031496063,0.098425196850394));
#982=DIRECTION('',(0.0,1.0,0.0));
#983=VECTOR('',#982,0.031496062992126);
#984=LINE('',#981,#983);
#985=EDGE_CURVE('',#903,#851,#984,.T.);
#986=ORIENTED_EDGE('',*,*,#985,.F.);
#987=ORIENTED_EDGE('',*,*,#924,.F.);
#988=ORIENTED_EDGE('',*,*,#885,.F.);
#989=EDGE_LOOP('',(#980,#986,#987,#988));
#990=FACE_OUTER_BOUND('',#989,.T.);
#991=ADVANCED_FACE('',(#990),#979,.T.);
#992=CARTESIAN_POINT('',(-0.019488188976378,-0.019685039370079,0.099212598425197));
#993=DIRECTION('',(0.0,-1.0,0.0));
#994=DIRECTION('',(0.0,0.0,-1.0));
#995=AXIS2_PLACEMENT_3D('',#992,#993,#994);
#996=PLANE('',#995);
#997=ORIENTED_EDGE('',*,*,#917,.F.);
#998=CARTESIAN_POINT('',(-0.017716535433071,-0.019685039370079,0.098425196850394));
#999=DIRECTION('',(1.0,0.0,0.0));
#1000=VECTOR('',#999,0.035433070866142);
#1001=LINE('',#998,#1000);
#1002=EDGE_CURVE('',#795,#905,#1001,.T.);
#1003=ORIENTED_EDGE('',*,*,#1002,.F.);
#1004=ORIENTED_EDGE('',*,*,#816,.F.);
#1005=ORIENTED_EDGE('',*,*,#831,.F.);
#1006=EDGE_LOOP('',(#997,#1003,#1004,#1005));
#1007=FACE_OUTER_BOUND('',#1006,.T.);
#1008=ADVANCED_FACE('',(#1007),#996,.T.);
#1009=CARTESIAN_POINT('',(-0.082283464566929,0.023622047244094,0.094291338582677));
#1010=DIRECTION('',(0.0,1.0,0.0));
#1011=DIRECTION('',(0.0,0.0,1.0));
#1012=AXIS2_PLACEMENT_3D('',#1009,#1010,#1011);
#1013=PLANE('',#1012);
#1014=CARTESIAN_POINT('',(-0.074803149606299,0.023622047244094,0.098425196850394));
#1015=VERTEX_POINT('',#1014);
#1016=CARTESIAN_POINT('',(0.074803149606299,0.023622047244094,0.098425196850394));
#1017=VERTEX_POINT('',#1016);
#1018=CARTESIAN_POINT('',(-0.074803149606299,0.023622047244094,0.098425196850394));
#1019=DIRECTION('',(1.0,0.0,0.0));
#1020=VECTOR('',#1019,0.149606299212598);
#1021=LINE('',#1018,#1020);
#1022=EDGE_CURVE('',#1015,#1017,#1021,.T.);
#1023=ORIENTED_EDGE('',*,*,#1022,.F.);
#1024=CARTESIAN_POINT('',(-0.074803149606299,0.023622047244094,0.094488188976378));
#1025=VERTEX_POINT('',#1024);
#1026=CARTESIAN_POINT('',(-0.074803149606299,0.023622047244094,0.094488188976378));
#1027=DIRECTION('',(0.0,0.0,1.0));
#1028=VECTOR('',#1027,0.003937007874016);
#1029=LINE('',#1026,#1028);
#1030=EDGE_CURVE('',#1025,#1015,#1029,.T.);
#1031=ORIENTED_EDGE('',*,*,#1030,.F.);
#1032=CARTESIAN_POINT('',(0.074803149606299,0.023622047244094,0.094488188976378));
#1033=VERTEX_POINT('',#1032);
#1034=CARTESIAN_POINT('',(0.074803149606299,0.023622047244094,0.094488188976378));
#1035=DIRECTION('',(-1.0,0.0,0.0));
#1036=VECTOR('',#1035,0.149606299212598);
#1037=LINE('',#1034,#1036);
#1038=EDGE_CURVE('',#1033,#1025,#1037,.T.);
#1039=ORIENTED_EDGE('',*,*,#1038,.F.);
#1040=CARTESIAN_POINT('',(0.074803149606299,0.023622047244094,0.094488188976378));
#1041=DIRECTION('',(0.0,0.0,1.0));
#1042=VECTOR('',#1041,0.003937007874016);
#1043=LINE('',#1040,#1042);
#1044=EDGE_CURVE('',#1033,#1017,#1043,.T.);
#1045=ORIENTED_EDGE('',*,*,#1044,.T.);
#1046=EDGE_LOOP('',(#1023,#1031,#1039,#1045));
#1047=FACE_OUTER_BOUND('',#1046,.T.);
#1048=ADVANCED_FACE('',(#1047),#1013,.F.);
#1049=CARTESIAN_POINT('',(0.074803149606299,-0.025984251968503,0.098622047244095));
#1050=DIRECTION('',(1.0,0.0,0.0));
#1051=DIRECTION('',(0.0,0.0,-1.0));
#1052=AXIS2_PLACEMENT_3D('',#1049,#1050,#1051);
#1053=PLANE('',#1052);
#1054=CARTESIAN_POINT('',(0.074803149606299,-0.023622047244094,0.098425196850394));
#1055=VERTEX_POINT('',#1054);
#1056=CARTESIAN_POINT('',(0.074803149606299,0.023622047244094,0.098425196850394));
#1057=DIRECTION('',(0.0,-1.0,0.0));
#1058=VECTOR('',#1057,0.047244094488188);
#1059=LINE('',#1056,#1058);
#1060=EDGE_CURVE('',#1017,#1055,#1059,.T.);
#1061=ORIENTED_EDGE('',*,*,#1060,.F.);
#1062=ORIENTED_EDGE('',*,*,#1044,.F.);
#1063=CARTESIAN_POINT('',(0.074803149606299,-0.023622047244094,0.094488188976378));
#1064=VERTEX_POINT('',#1063);
#1065=CARTESIAN_POINT('',(0.074803149606299,-0.023622047244094,0.094488188976378));
#1066=DIRECTION('',(0.0,1.0,0.0));
#1067=VECTOR('',#1066,0.047244094488188);
#1068=LINE('',#1065,#1067);
#1069=EDGE_CURVE('',#1064,#1033,#1068,.T.);
#1070=ORIENTED_EDGE('',*,*,#1069,.F.);
#1071=CARTESIAN_POINT('',(0.074803149606299,-0.023622047244094,0.094488188976378));
#1072=DIRECTION('',(0.0,0.0,1.0));
#1073=VECTOR('',#1072,0.003937007874016);
#1074=LINE('',#1071,#1073);
#1075=EDGE_CURVE('',#1064,#1055,#1074,.T.);
#1076=ORIENTED_EDGE('',*,*,#1075,.T.);
#1077=EDGE_LOOP('',(#1061,#1062,#1070,#1076));
#1078=FACE_OUTER_BOUND('',#1077,.T.);
#1079=ADVANCED_FACE('',(#1078),#1053,.F.);
#1080=CARTESIAN_POINT('',(-0.082283464566929,-0.023622047244094,0.098622047244095));
#1081=DIRECTION('',(0.0,-1.0,0.0));
#1082=DIRECTION('',(0.0,0.0,-1.0));
#1083=AXIS2_PLACEMENT_3D('',#1080,#1081,#1082);
#1084=PLANE('',#1083);
#1085=CARTESIAN_POINT('',(-0.074803149606299,-0.023622047244094,0.098425196850394));
#1086=VERTEX_POINT('',#1085);
#1087=CARTESIAN_POINT('',(0.074803149606299,-0.023622047244094,0.098425196850394));
#1088=DIRECTION('',(-1.0,0.0,0.0));
#1089=VECTOR('',#1088,0.149606299212598);
#1090=LINE('',#1087,#1089);
#1091=EDGE_CURVE('',#1055,#1086,#1090,.T.);
#1092=ORIENTED_EDGE('',*,*,#1091,.F.);
#1093=ORIENTED_EDGE('',*,*,#1075,.F.);
#1094=CARTESIAN_POINT('',(-0.074803149606299,-0.023622047244094,0.094488188976378));
#1095=VERTEX_POINT('',#1094);
#1096=CARTESIAN_POINT('',(-0.074803149606299,-0.023622047244094,0.094488188976378));
#1097=DIRECTION('',(1.0,0.0,0.0));
#1098=VECTOR('',#1097,0.149606299212598);
#1099=LINE('',#1096,#1098);
#1100=EDGE_CURVE('',#1095,#1064,#1099,.T.);
#1101=ORIENTED_EDGE('',*,*,#1100,.F.);
#1102=CARTESIAN_POINT('',(-0.074803149606299,-0.023622047244094,0.094488188976378));
#1103=DIRECTION('',(0.0,0.0,1.0));
#1104=VECTOR('',#1103,0.003937007874016);
#1105=LINE('',#1102,#1104);
#1106=EDGE_CURVE('',#1095,#1086,#1105,.T.);
#1107=ORIENTED_EDGE('',*,*,#1106,.T.);
#1108=EDGE_LOOP('',(#1092,#1093,#1101,#1107));
#1109=FACE_OUTER_BOUND('',#1108,.T.);
#1110=ADVANCED_FACE('',(#1109),#1084,.F.);
#1111=CARTESIAN_POINT('',(-0.074803149606299,-0.025984251968503,0.094291338582677));
#1112=DIRECTION('',(-1.0,0.0,0.0));
#1113=DIRECTION('',(0.0,0.0,1.0));
#1114=AXIS2_PLACEMENT_3D('',#1111,#1112,#1113);
#1115=PLANE('',#1114);
#1116=CARTESIAN_POINT('',(-0.074803149606299,-0.023622047244094,0.098425196850394));
#1117=DIRECTION('',(0.0,1.0,0.0));
#1118=VECTOR('',#1117,0.047244094488188);
#1119=LINE('',#1116,#1118);
#1120=EDGE_CURVE('',#1086,#1015,#1119,.T.);
#1121=ORIENTED_EDGE('',*,*,#1120,.F.);
#1122=ORIENTED_EDGE('',*,*,#1106,.F.);
#1123=CARTESIAN_POINT('',(-0.074803149606299,0.023622047244094,0.094488188976378));
#1124=DIRECTION('',(0.0,-1.0,0.0));
#1125=VECTOR('',#1124,0.047244094488188);
#1126=LINE('',#1123,#1125);
#1127=EDGE_CURVE('',#1025,#1095,#1126,.T.);
#1128=ORIENTED_EDGE('',*,*,#1127,.F.);
#1129=ORIENTED_EDGE('',*,*,#1030,.T.);
#1130=EDGE_LOOP('',(#1121,#1122,#1128,#1129));
#1131=FACE_OUTER_BOUND('',#1130,.T.);
#1132=ADVANCED_FACE('',(#1131),#1115,.F.);
#1133=CARTESIAN_POINT('',(-0.082283464566929,-0.025984251968503,0.098425196850394));
#1134=DIRECTION('',(0.0,0.0,1.0));
#1135=DIRECTION('',(1.0,0.0,0.0));
#1136=AXIS2_PLACEMENT_3D('',#1133,#1134,#1135);
#1137=PLANE('',#1136);
#1138=ORIENTED_EDGE('',*,*,#1022,.T.);
#1139=ORIENTED_EDGE('',*,*,#1060,.T.);
#1140=ORIENTED_EDGE('',*,*,#1091,.T.);
#1141=ORIENTED_EDGE('',*,*,#1120,.T.);
#1142=EDGE_LOOP('',(#1138,#1139,#1140,#1141));
#1143=FACE_OUTER_BOUND('',#1142,.T.);
#1144=ORIENTED_EDGE('',*,*,#985,.T.);
#1145=ORIENTED_EDGE('',*,*,#857,.F.);
#1146=ORIENTED_EDGE('',*,*,#941,.T.);
#1147=ORIENTED_EDGE('',*,*,#749,.F.);
#1148=ORIENTED_EDGE('',*,*,#958,.T.);
#1149=ORIENTED_EDGE('',*,*,#803,.F.);
#1150=ORIENTED_EDGE('',*,*,#1002,.T.);
#1151=ORIENTED_EDGE('',*,*,#911,.F.);
#1152=EDGE_LOOP('',(#1144,#1145,#1146,#1147,#1148,#1149,#1150,#1151));
#1153=FACE_BOUND('',#1152,.T.);
#1154=ADVANCED_FACE('',(#1143,#1153),#1137,.F.);
#1155=CARTESIAN_POINT('',(-0.054133858267717,0.019685039370079,0.175196850393701));
#1156=DIRECTION('',(1.0,0.0,0.0));
#1157=DIRECTION('',(0.0,-0.707106781186547,-0.707106781186548));
#1158=AXIS2_PLACEMENT_3D('',#1155,#1156,#1157);
#1159=CYLINDRICAL_SURFACE('',#1158,0.009842519685039);
#1160=CARTESIAN_POINT('',(-0.049212598425197,0.029527559055118,0.175196850393701));
#1161=VERTEX_POINT('',#1160);
#1162=CARTESIAN_POINT('',(-0.049212598425197,0.019685039370079,0.18503937007874));
#1163=VERTEX_POINT('',#1162);
#1164=CARTESIAN_POINT('',(-0.049212598425197,0.019685039370079,0.175196850393701));
#1165=DIRECTION('',(1.0,0.0,0.0));
#1166=DIRECTION('',(0.0,1.0,0.0));
#1167=AXIS2_PLACEMENT_3D('',#1164,#1165,#1166);
#1168=CIRCLE('',#1167,0.009842519685039);
#1169=EDGE_CURVE('',#1161,#1163,#1168,.T.);
#1170=ORIENTED_EDGE('',*,*,#1169,.T.);
#1171=CARTESIAN_POINT('',(0.049212598425197,0.019685039370079,0.18503937007874));
#1172=VERTEX_POINT('',#1171);
#1173=CARTESIAN_POINT('',(-0.049212598425197,0.019685039370079,0.18503937007874));
#1174=DIRECTION('',(1.0,0.0,0.0));
#1175=VECTOR('',#1174,0.098425196850394);
#1176=LINE('',#1173,#1175);
#1177=EDGE_CURVE('',#1163,#1172,#1176,.T.);
#1178=ORIENTED_EDGE('',*,*,#1177,.T.);
#1179=CARTESIAN_POINT('',(0.049212598425197,0.029527559055118,0.175196850393701));
#1180=VERTEX_POINT('',#1179);
#1181=CARTESIAN_POINT('',(0.049212598425197,0.019685039370079,0.175196850393701));
#1182=DIRECTION('',(-1.0,0.0,0.0));
#1183=DIRECTION('',(0.0,0.0,1.0));
#1184=AXIS2_PLACEMENT_3D('',#1181,#1182,#1183);
#1185=CIRCLE('',#1184,0.009842519685039);
#1186=EDGE_CURVE('',#1172,#1180,#1185,.T.);
#1187=ORIENTED_EDGE('',*,*,#1186,.T.);
#1188=CARTESIAN_POINT('',(0.049212598425197,0.029527559055118,0.175196850393701));
#1189=DIRECTION('',(-1.0,0.0,0.0));
#1190=VECTOR('',#1189,0.098425196850394);
#1191=LINE('',#1188,#1190);
#1192=EDGE_CURVE('',#1180,#1161,#1191,.T.);
#1193=ORIENTED_EDGE('',*,*,#1192,.T.);
#1194=EDGE_LOOP('',(#1170,#1178,#1187,#1193));
#1195=FACE_OUTER_BOUND('',#1194,.T.);
#1196=ADVANCED_FACE('',(#1195),#1159,.T.);
#1197=CARTESIAN_POINT('',(0.049212598425197,0.021653543307087,0.175196850393701));
#1198=DIRECTION('',(0.0,-1.0,0.0));
#1199=DIRECTION('',(-0.707106781186548,0.0,-0.707106781186547));
#1200=AXIS2_PLACEMENT_3D('',#1197,#1198,#1199);
#1201=CYLINDRICAL_SURFACE('',#1200,0.009842519685039);
#1202=CARTESIAN_POINT('',(0.059055118110236,0.019685039370079,0.175196850393701));
#1203=VERTEX_POINT('',#1202);
#1204=CARTESIAN_POINT('',(0.049212598425197,0.019685039370079,0.175196850393701));
#1205=DIRECTION('',(0.0,-1.0,0.0));
#1206=DIRECTION('',(1.0,0.0,0.0));
#1207=AXIS2_PLACEMENT_3D('',#1204,#1205,#1206);
#1208=CIRCLE('',#1207,0.009842519685039);
#1209=EDGE_CURVE('',#1203,#1172,#1208,.T.);
#1210=ORIENTED_EDGE('',*,*,#1209,.T.);
#1211=CARTESIAN_POINT('',(0.049212598425197,-0.019685039370079,0.18503937007874));
#1212=VERTEX_POINT('',#1211);
#1213=CARTESIAN_POINT('',(0.049212598425197,0.019685039370079,0.18503937007874));
#1214=DIRECTION('',(0.0,-1.0,0.0));
#1215=VECTOR('',#1214,0.039370078740158);
#1216=LINE('',#1213,#1215);
#1217=EDGE_CURVE('',#1172,#1212,#1216,.T.);
#1218=ORIENTED_EDGE('',*,*,#1217,.T.);
#1219=CARTESIAN_POINT('',(0.059055118110236,-0.019685039370079,0.175196850393701));
#1220=VERTEX_POINT('',#1219);
#1221=CARTESIAN_POINT('',(0.049212598425197,-0.019685039370079,0.175196850393701));
#1222=DIRECTION('',(0.0,1.0,0.0));
#1223=DIRECTION('',(0.0,0.0,1.0));
#1224=AXIS2_PLACEMENT_3D('',#1221,#1222,#1223);
#1225=CIRCLE('',#1224,0.009842519685039);
#1226=EDGE_CURVE('',#1212,#1220,#1225,.T.);
#1227=ORIENTED_EDGE('',*,*,#1226,.T.);
#1228=CARTESIAN_POINT('',(0.059055118110236,-0.019685039370079,0.175196850393701));
#1229=DIRECTION('',(0.0,1.0,0.0));
#1230=VECTOR('',#1229,0.039370078740158);
#1231=LINE('',#1228,#1230);
#1232=EDGE_CURVE('',#1220,#1203,#1231,.T.);
#1233=ORIENTED_EDGE('',*,*,#1232,.T.);
#1234=EDGE_LOOP('',(#1210,#1218,#1227,#1233));
#1235=FACE_OUTER_BOUND('',#1234,.T.);
#1236=ADVANCED_FACE('',(#1235),#1201,.T.);
#1237=CARTESIAN_POINT('',(0.054133858267717,-0.019685039370079,0.175196850393701));
#1238=DIRECTION('',(-1.0,0.0,0.0));
#1239=DIRECTION('',(0.0,0.707106781186547,-0.707106781186548));
#1240=AXIS2_PLACEMENT_3D('',#1237,#1238,#1239);
#1241=CYLINDRICAL_SURFACE('',#1240,0.009842519685039);
#1242=CARTESIAN_POINT('',(0.049212598425197,-0.029527559055118,0.175196850393701));
#1243=VERTEX_POINT('',#1242);
#1244=CARTESIAN_POINT('',(0.049212598425197,-0.019685039370079,0.175196850393701));
#1245=DIRECTION('',(-1.0,0.0,0.0));
#1246=DIRECTION('',(0.0,-1.0,0.0));
#1247=AXIS2_PLACEMENT_3D('',#1244,#1245,#1246);
#1248=CIRCLE('',#1247,0.009842519685039);
#1249=EDGE_CURVE('',#1243,#1212,#1248,.T.);
#1250=ORIENTED_EDGE('',*,*,#1249,.T.);
#1251=CARTESIAN_POINT('',(-0.049212598425197,-0.019685039370079,0.18503937007874));
#1252=VERTEX_POINT('',#1251);
#1253=CARTESIAN_POINT('',(0.049212598425197,-0.019685039370079,0.18503937007874));
#1254=DIRECTION('',(-1.0,0.0,0.0));
#1255=VECTOR('',#1254,0.098425196850394);
#1256=LINE('',#1253,#1255);
#1257=EDGE_CURVE('',#1212,#1252,#1256,.T.);
#1258=ORIENTED_EDGE('',*,*,#1257,.T.);
#1259=CARTESIAN_POINT('',(-0.049212598425197,-0.029527559055118,0.175196850393701));
#1260=VERTEX_POINT('',#1259);
#1261=CARTESIAN_POINT('',(-0.049212598425197,-0.019685039370079,0.175196850393701));
#1262=DIRECTION('',(1.0,0.0,0.0));
#1263=DIRECTION('',(0.0,0.0,1.0));
#1264=AXIS2_PLACEMENT_3D('',#1261,#1262,#1263);
#1265=CIRCLE('',#1264,0.009842519685039);
#1266=EDGE_CURVE('',#1252,#1260,#1265,.T.);
#1267=ORIENTED_EDGE('',*,*,#1266,.T.);
#1268=CARTESIAN_POINT('',(-0.049212598425197,-0.029527559055118,0.175196850393701));
#1269=DIRECTION('',(1.0,0.0,0.0));
#1270=VECTOR('',#1269,0.098425196850394);
#1271=LINE('',#1268,#1270);
#1272=EDGE_CURVE('',#1260,#1243,#1271,.T.);
#1273=ORIENTED_EDGE('',*,*,#1272,.T.);
#1274=EDGE_LOOP('',(#1250,#1258,#1267,#1273));
#1275=FACE_OUTER_BOUND('',#1274,.T.);
#1276=ADVANCED_FACE('',(#1275),#1241,.T.);
#1277=CARTESIAN_POINT('',(0.049212598425197,-0.019685039370079,0.175196850393701));
#1278=DIRECTION('',(0.577350269189626,0.577350269189626,0.577350269189626));
#1279=DIRECTION('',(-0.707106781186548,0.0,0.707106781186548));
#1280=AXIS2_PLACEMENT_3D('',#1277,#1278,#1279);
#1281=SPHERICAL_SURFACE('',#1280,0.009842519685039);
#1282=ORIENTED_EDGE('',*,*,#1249,.F.);
#1283=CARTESIAN_POINT('',(0.049212598425197,-0.019685039370079,0.175196850393701));
#1284=DIRECTION('',(0.0,0.0,1.0));
#1285=DIRECTION('',(0.0,1.0,0.0));
#1286=AXIS2_PLACEMENT_3D('',#1283,#1284,#1285);
#1287=CIRCLE('',#1286,0.009842519685039);
#1288=EDGE_CURVE('',#1243,#1220,#1287,.T.);
#1289=ORIENTED_EDGE('',*,*,#1288,.T.);
#1290=ORIENTED_EDGE('',*,*,#1226,.F.);
#1291=EDGE_LOOP('',(#1282,#1289,#1290));
#1292=FACE_OUTER_BOUND('',#1291,.T.);
#1293=ADVANCED_FACE('',(#1292),#1281,.T.);
#1294=CARTESIAN_POINT('',(-0.049212598425197,-0.021653543307087,0.175196850393701));
#1295=DIRECTION('',(0.0,1.0,0.0));
#1296=DIRECTION('',(0.707106781186548,0.0,-0.707106781186547));
#1297=AXIS2_PLACEMENT_3D('',#1294,#1295,#1296);
#1298=CYLINDRICAL_SURFACE('',#1297,0.009842519685039);
#1299=CARTESIAN_POINT('',(-0.059055118110236,-0.019685039370079,0.175196850393701));
#1300=VERTEX_POINT('',#1299);
#1301=CARTESIAN_POINT('',(-0.049212598425197,-0.019685039370079,0.175196850393701));
#1302=DIRECTION('',(0.0,1.0,0.0));
#1303=DIRECTION('',(-1.0,0.0,0.0));
#1304=AXIS2_PLACEMENT_3D('',#1301,#1302,#1303);
#1305=CIRCLE('',#1304,0.009842519685039);
#1306=EDGE_CURVE('',#1300,#1252,#1305,.T.);
#1307=ORIENTED_EDGE('',*,*,#1306,.T.);
#1308=CARTESIAN_POINT('',(-0.049212598425197,-0.019685039370079,0.18503937007874));
#1309=DIRECTION('',(0.0,1.0,0.0));
#1310=VECTOR('',#1309,0.039370078740158);
#1311=LINE('',#1308,#1310);
#1312=EDGE_CURVE('',#1252,#1163,#1311,.T.);
#1313=ORIENTED_EDGE('',*,*,#1312,.T.);
#1314=CARTESIAN_POINT('',(-0.059055118110236,0.019685039370079,0.175196850393701));
#1315=VERTEX_POINT('',#1314);
#1316=CARTESIAN_POINT('',(-0.049212598425197,0.019685039370079,0.175196850393701));
#1317=DIRECTION('',(0.0,-1.0,0.0));
#1318=DIRECTION('',(0.0,0.0,1.0));
#1319=AXIS2_PLACEMENT_3D('',#1316,#1317,#1318);
#1320=CIRCLE('',#1319,0.009842519685039);
#1321=EDGE_CURVE('',#1163,#1315,#1320,.T.);
#1322=ORIENTED_EDGE('',*,*,#1321,.T.);
#1323=CARTESIAN_POINT('',(-0.059055118110236,0.019685039370079,0.175196850393701));
#1324=DIRECTION('',(0.0,-1.0,0.0));
#1325=VECTOR('',#1324,0.039370078740158);
#1326=LINE('',#1323,#1325);
#1327=EDGE_CURVE('',#1315,#1300,#1326,.T.);
#1328=ORIENTED_EDGE('',*,*,#1327,.T.);
#1329=EDGE_LOOP('',(#1307,#1313,#1322,#1328));
#1330=FACE_OUTER_BOUND('',#1329,.T.);
#1331=ADVANCED_FACE('',(#1330),#1298,.T.);
#1332=CARTESIAN_POINT('',(-0.049212598425197,-0.019685039370079,0.175196850393701));
#1333=DIRECTION('',(0.577350269189626,0.577350269189626,0.577350269189626));
#1334=DIRECTION('',(-0.707106781186548,0.0,0.707106781186548));
#1335=AXIS2_PLACEMENT_3D('',#1332,#1333,#1334);
#1336=SPHERICAL_SURFACE('',#1335,0.009842519685039);
#1337=ORIENTED_EDGE('',*,*,#1306,.F.);
#1338=CARTESIAN_POINT('',(-0.049212598425197,-0.019685039370079,0.175196850393701));
#1339=DIRECTION('',(0.0,0.0,1.0));
#1340=DIRECTION('',(1.0,0.0,0.0));
#1341=AXIS2_PLACEMENT_3D('',#1338,#1339,#1340);
#1342=CIRCLE('',#1341,0.009842519685039);
#1343=EDGE_CURVE('',#1300,#1260,#1342,.T.);
#1344=ORIENTED_EDGE('',*,*,#1343,.T.);
#1345=ORIENTED_EDGE('',*,*,#1266,.F.);
#1346=EDGE_LOOP('',(#1337,#1344,#1345));
#1347=FACE_OUTER_BOUND('',#1346,.T.);
#1348=ADVANCED_FACE('',(#1347),#1336,.T.);
#1349=CARTESIAN_POINT('',(0.049212598425197,0.019685039370079,0.175196850393701));
#1350=DIRECTION('',(0.577350269189626,0.577350269189626,0.577350269189626));
#1351=DIRECTION('',(-0.707106781186548,0.0,0.707106781186548));
#1352=AXIS2_PLACEMENT_3D('',#1349,#1350,#1351);
#1353=SPHERICAL_SURFACE('',#1352,0.009842519685039);
#1354=ORIENTED_EDGE('',*,*,#1209,.F.);
#1355=CARTESIAN_POINT('',(0.049212598425197,0.019685039370079,0.175196850393701));
#1356=DIRECTION('',(0.0,0.0,1.0));
#1357=DIRECTION('',(-1.0,0.0,0.0));
#1358=AXIS2_PLACEMENT_3D('',#1355,#1356,#1357);
#1359=CIRCLE('',#1358,0.009842519685039);
#1360=EDGE_CURVE('',#1203,#1180,#1359,.T.);
#1361=ORIENTED_EDGE('',*,*,#1360,.T.);
#1362=ORIENTED_EDGE('',*,*,#1186,.F.);
#1363=EDGE_LOOP('',(#1354,#1361,#1362));
#1364=FACE_OUTER_BOUND('',#1363,.T.);
#1365=ADVANCED_FACE('',(#1364),#1353,.T.);
#1366=CARTESIAN_POINT('',(-0.049212598425197,0.019685039370079,0.175196850393701));
#1367=DIRECTION('',(0.577350269189626,0.577350269189626,0.577350269189626));
#1368=DIRECTION('',(-0.707106781186548,0.0,0.707106781186548));
#1369=AXIS2_PLACEMENT_3D('',#1366,#1367,#1368);
#1370=SPHERICAL_SURFACE('',#1369,0.009842519685039);
#1371=ORIENTED_EDGE('',*,*,#1169,.F.);
#1372=CARTESIAN_POINT('',(-0.049212598425197,0.019685039370079,0.175196850393701));
#1373=DIRECTION('',(0.0,0.0,1.0));
#1374=DIRECTION('',(0.0,-1.0,0.0));
#1375=AXIS2_PLACEMENT_3D('',#1372,#1373,#1374);
#1376=CIRCLE('',#1375,0.009842519685039);
#1377=EDGE_CURVE('',#1161,#1315,#1376,.T.);
#1378=ORIENTED_EDGE('',*,*,#1377,.T.);
#1379=ORIENTED_EDGE('',*,*,#1321,.F.);
#1380=EDGE_LOOP('',(#1371,#1378,#1379));
#1381=FACE_OUTER_BOUND('',#1380,.T.);
#1382=ADVANCED_FACE('',(#1381),#1370,.T.);
#1383=CARTESIAN_POINT('',(0.049212598425197,-0.019685039370079,0.115255905511811));
#1384=DIRECTION('',(0.0,0.0,1.0));
#1385=DIRECTION('',(0.0,1.0,0.0));
#1386=AXIS2_PLACEMENT_3D('',#1383,#1384,#1385);
#1387=CYLINDRICAL_SURFACE('',#1386,0.009842519685039);
#1388=ORIENTED_EDGE('',*,*,#1288,.F.);
#1389=CARTESIAN_POINT('',(0.049212598425197,-0.029527559055118,0.118110236220472));
#1390=DIRECTION('',(0.0,0.0,1.0));
#1391=VECTOR('',#1390,0.057086614173229);
#1392=LINE('',#1389,#1391);
#1393=EDGE_CURVE('',#530,#1243,#1392,.T.);
#1394=ORIENTED_EDGE('',*,*,#1393,.F.);
#1395=ORIENTED_EDGE('',*,*,#536,.F.);
#1396=CARTESIAN_POINT('',(0.059055118110236,-0.019685039370079,0.118110236220472));
#1397=DIRECTION('',(0.0,0.0,1.0));
#1398=VECTOR('',#1397,0.057086614173229);
#1399=LINE('',#1396,#1398);
#1400=EDGE_CURVE('',#522,#1220,#1399,.T.);
#1401=ORIENTED_EDGE('',*,*,#1400,.T.);
#1402=EDGE_LOOP('',(#1388,#1394,#1395,#1401));
#1403=FACE_OUTER_BOUND('',#1402,.T.);
#1404=ADVANCED_FACE('',(#1403),#1387,.T.);
#1405=CARTESIAN_POINT('',(-0.054133858267717,-0.029527559055118,0.178051181102362));
#1406=DIRECTION('',(0.0,-1.0,0.0));
#1407=DIRECTION('',(0.0,0.0,-1.0));
#1408=AXIS2_PLACEMENT_3D('',#1405,#1406,#1407);
#1409=PLANE('',#1408);
#1410=ORIENTED_EDGE('',*,*,#1272,.F.);
#1411=CARTESIAN_POINT('',(-0.049212598425197,-0.029527559055118,0.118110236220472));
#1412=DIRECTION('',(0.0,0.0,1.0));
#1413=VECTOR('',#1412,0.057086614173229);
#1414=LINE('',#1411,#1413);
#1415=EDGE_CURVE('',#539,#1260,#1414,.T.);
#1416=ORIENTED_EDGE('',*,*,#1415,.F.);
#1417=ORIENTED_EDGE('',*,*,#544,.F.);
#1418=ORIENTED_EDGE('',*,*,#1393,.T.);
#1419=EDGE_LOOP('',(#1410,#1416,#1417,#1418));
#1420=FACE_OUTER_BOUND('',#1419,.T.);
#1421=ADVANCED_FACE('',(#1420),#1409,.T.);
#1422=CARTESIAN_POINT('',(-0.049212598425197,-0.019685039370079,0.115255905511811));
#1423=DIRECTION('',(0.0,0.0,1.0));
#1424=DIRECTION('',(1.0,0.0,0.0));
#1425=AXIS2_PLACEMENT_3D('',#1422,#1423,#1424);
#1426=CYLINDRICAL_SURFACE('',#1425,0.009842519685039);
#1427=ORIENTED_EDGE('',*,*,#1343,.F.);
#1428=CARTESIAN_POINT('',(-0.059055118110236,-0.019685039370079,0.118110236220472));
#1429=DIRECTION('',(0.0,0.0,1.0));
#1430=VECTOR('',#1429,0.057086614173229);
#1431=LINE('',#1428,#1430);
#1432=EDGE_CURVE('',#547,#1300,#1431,.T.);
#1433=ORIENTED_EDGE('',*,*,#1432,.F.);
#1434=ORIENTED_EDGE('',*,*,#553,.F.);
#1435=ORIENTED_EDGE('',*,*,#1415,.T.);
#1436=EDGE_LOOP('',(#1427,#1433,#1434,#1435));
#1437=FACE_OUTER_BOUND('',#1436,.T.);
#1438=ADVANCED_FACE('',(#1437),#1426,.T.);
#1439=CARTESIAN_POINT('',(-0.059055118110236,-0.021653543307087,0.115255905511811));
#1440=DIRECTION('',(-1.0,0.0,0.0));
#1441=DIRECTION('',(0.0,0.0,1.0));
#1442=AXIS2_PLACEMENT_3D('',#1439,#1440,#1441);
#1443=PLANE('',#1442);
#1444=ORIENTED_EDGE('',*,*,#1327,.F.);
#1445=CARTESIAN_POINT('',(-0.059055118110236,0.019685039370079,0.118110236220472));
#1446=DIRECTION('',(0.0,0.0,1.0));
#1447=VECTOR('',#1446,0.057086614173229);
#1448=LINE('',#1445,#1447);
#1449=EDGE_CURVE('',#556,#1315,#1448,.T.);
#1450=ORIENTED_EDGE('',*,*,#1449,.F.);
#1451=ORIENTED_EDGE('',*,*,#561,.F.);
#1452=ORIENTED_EDGE('',*,*,#1432,.T.);
#1453=EDGE_LOOP('',(#1444,#1450,#1451,#1452));
#1454=FACE_OUTER_BOUND('',#1453,.T.);
#1455=ADVANCED_FACE('',(#1454),#1443,.T.);
#1456=CARTESIAN_POINT('',(-0.054133858267717,-0.021653543307087,0.18503937007874));
#1457=DIRECTION('',(0.0,0.0,1.0));
#1458=DIRECTION('',(1.0,0.0,0.0));
#1459=AXIS2_PLACEMENT_3D('',#1456,#1457,#1458);
#1460=PLANE('',#1459);
#1461=ORIENTED_EDGE('',*,*,#1177,.F.);
#1462=ORIENTED_EDGE('',*,*,#1312,.F.);
#1463=ORIENTED_EDGE('',*,*,#1257,.F.);
#1464=ORIENTED_EDGE('',*,*,#1217,.F.);
#1465=EDGE_LOOP('',(#1461,#1462,#1463,#1464));
#1466=FACE_OUTER_BOUND('',#1465,.T.);
#1467=ADVANCED_FACE('',(#1466),#1460,.T.);
#1468=CARTESIAN_POINT('',(-0.054133858267717,0.029527559055118,0.115255905511811));
#1469=DIRECTION('',(0.0,1.0,0.0));
#1470=DIRECTION('',(0.0,0.0,1.0));
#1471=AXIS2_PLACEMENT_3D('',#1468,#1469,#1470);
#1472=PLANE('',#1471);
#1473=ORIENTED_EDGE('',*,*,#1192,.F.);
#1474=CARTESIAN_POINT('',(0.049212598425197,0.029527559055118,0.118110236220472));
#1475=DIRECTION('',(0.0,0.0,1.0));
#1476=VECTOR('',#1475,0.057086614173229);
#1477=LINE('',#1474,#1476);
#1478=EDGE_CURVE('',#505,#1180,#1477,.T.);
#1479=ORIENTED_EDGE('',*,*,#1478,.F.);
#1480=ORIENTED_EDGE('',*,*,#510,.F.);
#1481=CARTESIAN_POINT('',(-0.049212598425197,0.029527559055118,0.118110236220472));
#1482=DIRECTION('',(0.0,0.0,1.0));
#1483=VECTOR('',#1482,0.057086614173229);
#1484=LINE('',#1481,#1483);
#1485=EDGE_CURVE('',#503,#1161,#1484,.T.);
#1486=ORIENTED_EDGE('',*,*,#1485,.T.);
#1487=EDGE_LOOP('',(#1473,#1479,#1480,#1486));
#1488=FACE_OUTER_BOUND('',#1487,.T.);
#1489=ADVANCED_FACE('',(#1488),#1472,.T.);
#1490=CARTESIAN_POINT('',(0.049212598425197,0.019685039370079,0.115255905511811));
#1491=DIRECTION('',(0.0,0.0,1.0));
#1492=DIRECTION('',(-1.0,0.0,0.0));
#1493=AXIS2_PLACEMENT_3D('',#1490,#1491,#1492);
#1494=CYLINDRICAL_SURFACE('',#1493,0.009842519685039);
#1495=ORIENTED_EDGE('',*,*,#1360,.F.);
#1496=CARTESIAN_POINT('',(0.059055118110236,0.019685039370079,0.118110236220472));
#1497=DIRECTION('',(0.0,0.0,1.0));
#1498=VECTOR('',#1497,0.057086614173229);
#1499=LINE('',#1496,#1498);
#1500=EDGE_CURVE('',#513,#1203,#1499,.T.);
#1501=ORIENTED_EDGE('',*,*,#1500,.F.);
#1502=ORIENTED_EDGE('',*,*,#519,.F.);
#1503=ORIENTED_EDGE('',*,*,#1478,.T.);
#1504=EDGE_LOOP('',(#1495,#1501,#1502,#1503));
#1505=FACE_OUTER_BOUND('',#1504,.T.);
#1506=ADVANCED_FACE('',(#1505),#1494,.T.);
#1507=CARTESIAN_POINT('',(0.059055118110236,-0.021653543307087,0.178051181102362));
#1508=DIRECTION('',(1.0,0.0,0.0));
#1509=DIRECTION('',(0.0,0.0,-1.0));
#1510=AXIS2_PLACEMENT_3D('',#1507,#1508,#1509);
#1511=PLANE('',#1510);
#1512=ORIENTED_EDGE('',*,*,#1232,.F.);
#1513=ORIENTED_EDGE('',*,*,#1400,.F.);
#1514=ORIENTED_EDGE('',*,*,#527,.F.);
#1515=ORIENTED_EDGE('',*,*,#1500,.T.);
#1516=EDGE_LOOP('',(#1512,#1513,#1514,#1515));
#1517=FACE_OUTER_BOUND('',#1516,.T.);
#1518=ADVANCED_FACE('',(#1517),#1511,.T.);
#1519=CARTESIAN_POINT('',(-0.049212598425197,0.019685039370079,0.115255905511811));
#1520=DIRECTION('',(0.0,0.0,1.0));
#1521=DIRECTION('',(0.0,-1.0,0.0));
#1522=AXIS2_PLACEMENT_3D('',#1519,#1520,#1521);
#1523=CYLINDRICAL_SURFACE('',#1522,0.009842519685039);
#1524=ORIENTED_EDGE('',*,*,#1377,.F.);
#1525=ORIENTED_EDGE('',*,*,#1485,.F.);
#1526=ORIENTED_EDGE('',*,*,#568,.F.);
#1527=ORIENTED_EDGE('',*,*,#1449,.T.);
#1528=EDGE_LOOP('',(#1524,#1525,#1526,#1527));
#1529=FACE_OUTER_BOUND('',#1528,.T.);
#1530=ADVANCED_FACE('',(#1529),#1523,.T.);
#1531=CARTESIAN_POINT('',(-0.074803149606299,-0.039370078692246,0.118110236220472));
#1532=CARTESIAN_POINT('',(-0.078740157480315,-0.039370078644334,0.118110236220472));
#1533=CARTESIAN_POINT('',(-0.078740157480315,-0.039370078644334,0.114173228346457));
#1534=CARTESIAN_POINT('',(-0.078740157480315,-0.039370078644334,0.114173228294498));
#1535=CARTESIAN_POINT('',(-0.078740157480315,-0.039370078644334,0.114173228242539));
#1536=CARTESIAN_POINT('',(-0.074803149606299,-0.039370078716201,0.118110236220472));
#1537=CARTESIAN_POINT('',(-0.078740157480315,-0.039370078692246,0.118110236220472));
#1538=CARTESIAN_POINT('',(-0.078740157480315,-0.039370078692246,0.114173228346457));
#1539=CARTESIAN_POINT('',(-0.078740157480315,-0.039370078692246,0.114173228294498));
#1540=CARTESIAN_POINT('',(-0.078740157480315,-0.039370078692246,0.114173228242539));
#1541=CARTESIAN_POINT('',(-0.074803149606299,-0.039370078740157,0.118110236220472));
#1542=CARTESIAN_POINT('',(-0.078740157480315,-0.039370078740157,0.118110236220472));
#1543=CARTESIAN_POINT('',(-0.078740157480315,-0.039370078740157,0.114173228346457));
#1544=CARTESIAN_POINT('',(-0.078740157480315,-0.039370078740157,0.114173228294498));
#1545=CARTESIAN_POINT('',(-0.078740157480315,-0.039370078740157,0.114173228242539));
#1546=CARTESIAN_POINT('',(-0.074803149606299,-0.043307086614173,0.118110236220472));
#1547=CARTESIAN_POINT('',(-0.078740157480315,-0.047244094488189,0.118110236220472));
#1548=CARTESIAN_POINT('',(-0.078740157480315,-0.047244094488189,0.114173228346457));
#1549=CARTESIAN_POINT('',(-0.078740157480315,-0.047244094488189,0.114173228294498));
#1550=CARTESIAN_POINT('',(-0.078740157480315,-0.047244094488189,0.114173228242539));
#1551=CARTESIAN_POINT('',(-0.070866141732283,-0.043307086614173,0.118110236220472));
#1552=CARTESIAN_POINT('',(-0.070866141732283,-0.047244094488189,0.118110236220472));
#1553=CARTESIAN_POINT('',(-0.070866141732283,-0.047244094488189,0.114173228346457));
#1554=CARTESIAN_POINT('',(-0.070866141732283,-0.047244094488189,0.114173228294498));
#1555=CARTESIAN_POINT('',(-0.070866141732283,-0.047244094488189,0.114173228242539));
#1563=(BOUNDED_SURFACE()B_SPLINE_SURFACE(2,2,((#1531,#1536,#1541,#1546,#1551),(#1532,#1537,#1542,#1547,#1552),(#1533,#1538,#1543,#1548,#1553),(#1534,#1539,#1544,#1549,#1554),(#1535,#1540,#1545,#1550,#1555)),.UNSPECIFIED.,.F.,.F.,.U.)B_SPLINE_SURFACE_WITH_KNOTS((3,2,3),(3,2,3),(-1.570796326795071,-1.909584E-013,0.000000029317401),(3.141592640072631,3.141592653589544,4.712388980384637),.UNSPECIFIED.)GEOMETRIC_REPRESENTATION_ITEM()RATIONAL_B_SPLINE_SURFACE(((0.999999994959229,0.999999997479615,1.0,0.707106781186548,1.0),(0.70710677762219,0.707106779404372,0.707106781186553,0.500000000000004,0.707106781186553),(0.999999994959229,0.999999997479615,1.0,0.707106781186548,1.0),(0.999999989492624,0.999999992013009,0.999999994533395,0.707106777321074,0.999999994533395),(0.999999984026018,0.999999986546404,0.999999989066789,0.7071067734556,0.999999989066789)))REPRESENTATION_ITEM('')SURFACE());
#1564=CARTESIAN_POINT('',(-0.076771653543307,-0.044578250612332,0.114173228346457));
#1565=VERTEX_POINT('',#1564);
#1566=CARTESIAN_POINT('',(-0.076771653543307,-0.044578250612332,0.114173228346457));
#1567=CARTESIAN_POINT('',(-0.076771653543307,-0.044578250612332,0.114430992370279));
#1568=CARTESIAN_POINT('',(-0.076771653543307,-0.044540192147415,0.114685162710867));
#1569=CARTESIAN_POINT('',(-0.076771653543307,-0.044384227606882,0.115203867436218));
#1570=CARTESIAN_POINT('',(-0.076771653543307,-0.044260582821846,0.115459927864736));
#1571=CARTESIAN_POINT('',(-0.076771653543307,-0.043868932582744,0.116043893312161));
#1572=CARTESIAN_POINT('',(-0.076771653543307,-0.043546445177478,0.11636951336091));
#1573=CARTESIAN_POINT('',(-0.076771653543307,-0.042698940765368,0.116931473568265));
#1574=CARTESIAN_POINT('',(-0.076771653543307,-0.04222287441376,0.11713372697895));
#1575=CARTESIAN_POINT('',(-0.076771653543307,-0.041337845154632,0.117390347814263));
#1576=CARTESIAN_POINT('',(-0.076771653543307,-0.040929122435191,0.117467526289072));
#1577=CARTESIAN_POINT('',(-0.076771653543307,-0.04014224779113,0.117561311882738));
#1578=CARTESIAN_POINT('',(-0.076771653543307,-0.039752666830023,0.117582777180253));
#1579=CARTESIAN_POINT('',(-0.076771653543307,-0.039370078740157,0.117582777180253));
#1580=B_SPLINE_CURVE_WITH_KNOTS('',3,(#1566,#1567,#1568,#1569,#1570,#1571,#1572,#1573,#1574,#1575,#1576,#1577,#1578,#1579),.UNSPECIFIED.,.F.,.U.,(4,2,2,2,2,2,4),(-0.007390551248059,-0.006454496175936,-0.005424252391497,-0.003904754715896,-0.002374823221162,-0.001148539656014,-0.000000999984058),.UNSPECIFIED.);
#1581=EDGE_CURVE('',#1565,#284,#1580,.T.);
#1582=ORIENTED_EDGE('',*,*,#1581,.F.);
#1583=CARTESIAN_POINT('',(-0.070866141732283,-0.047244094488189,0.114173228346457));
#1584=VERTEX_POINT('',#1583);
#1585=CARTESIAN_POINT('',(-0.070866141732283,-0.039370078740157,0.114173228346457));
#1586=DIRECTION('',(0.0,0.0,1.0));
#1587=DIRECTION('',(-0.707106781186547,-0.707106781186548,0.0));
#1588=AXIS2_PLACEMENT_3D('',#1585,#1586,#1587);
#1589=CIRCLE('',#1588,0.007874015748031);
#1590=EDGE_CURVE('',#1565,#1584,#1589,.T.);
#1591=ORIENTED_EDGE('',*,*,#1590,.T.);
#1592=CARTESIAN_POINT('',(-0.070866141732283,-0.043307086614173,0.118110236220473));
#1593=VERTEX_POINT('',#1592);
#1594=CARTESIAN_POINT('',(-0.070866141732283,-0.043307086614173,0.114173228346457));
#1595=DIRECTION('',(-1.0,0.0,0.0));
#1596=DIRECTION('',(0.0,-1.0,0.0));
#1597=AXIS2_PLACEMENT_3D('',#1594,#1595,#1596);
#1598=CIRCLE('',#1597,0.003937007874016);
#1599=EDGE_CURVE('',#1584,#1593,#1598,.T.);
#1600=ORIENTED_EDGE('',*,*,#1599,.T.);
#1601=CARTESIAN_POINT('',(-0.070866141732283,-0.039370078740157,0.118110236220473));
#1602=DIRECTION('',(0.0,0.0,-1.0));
#1603=DIRECTION('',(-1.0,0.0,0.0));
#1604=AXIS2_PLACEMENT_3D('',#1601,#1602,#1603);
#1605=CIRCLE('',#1604,0.003937007874016);
#1606=EDGE_CURVE('',#1593,#292,#1605,.T.);
#1607=ORIENTED_EDGE('',*,*,#1606,.T.);
#1608=ORIENTED_EDGE('',*,*,#298,.F.);
#1609=EDGE_LOOP('',(#1582,#1591,#1600,#1607,#1608));
#1610=FACE_OUTER_BOUND('',#1609,.T.);
#1611=ADVANCED_FACE('',(#1610),#1563,.T.);
#1612=CARTESIAN_POINT('',(0.077952755905511,-0.043307086614173,0.114173228346457));
#1613=DIRECTION('',(-1.0,0.0,0.0));
#1614=DIRECTION('',(0.0,0.707106781186548,-0.707106781186547));
#1615=AXIS2_PLACEMENT_3D('',#1612,#1613,#1614);
#1616=CYLINDRICAL_SURFACE('',#1615,0.003937007874016);
#1617=ORIENTED_EDGE('',*,*,#441,.T.);
#1618=CARTESIAN_POINT('',(0.070866141732283,-0.043307086614173,0.118110236220473));
#1619=DIRECTION('',(-1.0,0.0,0.0));
#1620=VECTOR('',#1619,0.141732283464566);
#1621=LINE('',#1618,#1620);
#1622=EDGE_CURVE('',#428,#1593,#1621,.T.);
#1623=ORIENTED_EDGE('',*,*,#1622,.T.);
#1624=ORIENTED_EDGE('',*,*,#1599,.F.);
#1625=CARTESIAN_POINT('',(-0.070866141732283,-0.047244094488189,0.114173228346457));
#1626=DIRECTION('',(1.0,0.0,0.0));
#1627=VECTOR('',#1626,0.141732283464566);
#1628=LINE('',#1625,#1627);
#1629=EDGE_CURVE('',#1584,#326,#1628,.T.);
#1630=ORIENTED_EDGE('',*,*,#1629,.T.);
#1631=EDGE_LOOP('',(#1617,#1623,#1624,#1630));
#1632=FACE_OUTER_BOUND('',#1631,.T.);
#1633=ADVANCED_FACE('',(#1632),#1616,.T.);
#1634=CARTESIAN_POINT('',(-0.073228346456694,0.043307086614173,0.114173228346457));
#1635=DIRECTION('',(1.0,0.0,0.0));
#1636=DIRECTION('',(0.0,-0.707106781186548,-0.707106781186547));
#1637=AXIS2_PLACEMENT_3D('',#1634,#1635,#1636);
#1638=CYLINDRICAL_SURFACE('',#1637,0.003937007874016);
#1639=CARTESIAN_POINT('',(-0.023622047244094,0.047244094488189,0.114173228346457));
#1640=VERTEX_POINT('',#1639);
#1641=CARTESIAN_POINT('',(-0.023622047244094,0.047244094488189,0.114173228346457));
#1642=DIRECTION('',(-1.0,0.0,0.0));
#1643=VECTOR('',#1642,0.04724409448819);
#1644=LINE('',#1641,#1643);
#1645=EDGE_CURVE('',#1640,#171,#1644,.T.);
#1646=ORIENTED_EDGE('',*,*,#1645,.T.);
#1647=ORIENTED_EDGE('',*,*,#272,.F.);
#1648=CARTESIAN_POINT('',(-0.02755905511811,0.043307086614173,0.118110236220473));
#1649=VERTEX_POINT('',#1648);
#1650=CARTESIAN_POINT('',(-0.070866141732284,0.043307086614173,0.118110236220473));
#1651=DIRECTION('',(1.0,0.0,0.0));
#1652=VECTOR('',#1651,0.043307086614174);
#1653=LINE('',#1650,#1652);
#1654=EDGE_CURVE('',#259,#1649,#1653,.T.);
#1655=ORIENTED_EDGE('',*,*,#1654,.T.);
#1656=CARTESIAN_POINT('',(-0.02755905511811,0.043307086614173,0.114173228346457));
#1657=DIRECTION('',(-0.707106781186548,0.707106781186547,9.813078E-016));
#1658=DIRECTION('',(-0.707106781186547,-0.707106781186548,-9.813078E-016));
#1659=AXIS2_PLACEMENT_3D('',#1656,#1657,#1658);
#1660=ELLIPSE('',#1659,0.005567769930603,0.003937007874016);
#1661=EDGE_CURVE('',#1649,#1640,#1660,.T.);
#1662=ORIENTED_EDGE('',*,*,#1661,.T.);
#1663=EDGE_LOOP('',(#1646,#1647,#1655,#1662));
#1664=FACE_OUTER_BOUND('',#1663,.T.);
#1665=ADVANCED_FACE('',(#1664),#1638,.T.);
#1666=CARTESIAN_POINT('',(-0.02755905511811,0.047834645669291,0.114173228346457));
#1667=DIRECTION('',(0.0,-1.0,0.0));
#1668=DIRECTION('',(-0.707106781186547,0.0,-0.707106781186548));
#1669=AXIS2_PLACEMENT_3D('',#1666,#1667,#1668);
#1670=CYLINDRICAL_SURFACE('',#1669,0.003937007874016);
#1671=CARTESIAN_POINT('',(-0.02755905511811,0.043307086614173,0.118110236220473));
#1672=DIRECTION('',(0.0,-1.0,0.0));
#1673=VECTOR('',#1672,0.007874015748031);
#1674=LINE('',#1671,#1673);
#1675=EDGE_CURVE('',#1649,#453,#1674,.T.);
#1676=ORIENTED_EDGE('',*,*,#1675,.T.);
#1677=CARTESIAN_POINT('',(-0.023622047244094,0.039370078740157,0.114173228346457));
#1678=VERTEX_POINT('',#1677);
#1679=CARTESIAN_POINT('',(-0.02755905511811,0.035433070866142,0.114173228346457));
#1680=DIRECTION('',(-0.707106781186548,0.707106781186547,0.0));
#1681=DIRECTION('',(0.707106781186547,0.707106781186548,0.0));
#1682=AXIS2_PLACEMENT_3D('',#1679,#1680,#1681);
#1683=ELLIPSE('',#1682,0.005567769930603,0.003937007874016);
#1684=EDGE_CURVE('',#453,#1678,#1683,.T.);
#1685=ORIENTED_EDGE('',*,*,#1684,.T.);
#1686=CARTESIAN_POINT('',(-0.023622047244094,0.039370078740157,0.114173228346457));
#1687=DIRECTION('',(0.0,1.0,0.0));
#1688=VECTOR('',#1687,0.007874015748032);
#1689=LINE('',#1686,#1688);
#1690=EDGE_CURVE('',#1678,#1640,#1689,.T.);
#1691=ORIENTED_EDGE('',*,*,#1690,.T.);
#1692=ORIENTED_EDGE('',*,*,#1661,.F.);
#1693=EDGE_LOOP('',(#1676,#1685,#1691,#1692));
#1694=FACE_OUTER_BOUND('',#1693,.T.);
#1695=ADVANCED_FACE('',(#1694),#1670,.T.);
#1696=CARTESIAN_POINT('',(0.074803149606299,0.043307086614173,0.114173228346457));
#1697=DIRECTION('',(0.0,-1.0,0.0));
#1698=DIRECTION('',(0.707106781186548,0.0,0.707106781186547));
#1699=AXIS2_PLACEMENT_3D('',#1696,#1697,#1698);
#1700=CYLINDRICAL_SURFACE('',#1699,0.003937007874016);
#1701=CARTESIAN_POINT('',(0.076771653543307,0.039370078740157,0.117582777180254));
#1702=VERTEX_POINT('',#1701);
#1703=CARTESIAN_POINT('',(0.076771653543307,0.039370078740157,0.117582777180254));
#1704=DIRECTION('',(0.0,-1.0,0.0));
#1705=VECTOR('',#1704,0.078740157480314);
#1706=LINE('',#1703,#1705);
#1707=EDGE_CURVE('',#1702,#386,#1706,.T.);
#1708=ORIENTED_EDGE('',*,*,#1707,.F.);
#1709=CARTESIAN_POINT('',(0.074803149606299,0.039370078740157,0.118110236220473));
#1710=VERTEX_POINT('',#1709);
#1711=CARTESIAN_POINT('',(0.074803149606299,0.039370078740157,0.114173228346457));
#1712=DIRECTION('',(0.0,-1.0,0.0));
#1713=DIRECTION('',(1.0,0.0,0.0));
#1714=AXIS2_PLACEMENT_3D('',#1711,#1712,#1713);
#1715=CIRCLE('',#1714,0.003937007874016);
#1716=EDGE_CURVE('',#1702,#1710,#1715,.T.);
#1717=ORIENTED_EDGE('',*,*,#1716,.T.);
#1718=CARTESIAN_POINT('',(0.074803149606299,0.039370078740157,0.118110236220473));
#1719=DIRECTION('',(0.0,-1.0,0.0));
#1720=VECTOR('',#1719,0.078740157480314);
#1721=LINE('',#1718,#1720);
#1722=EDGE_CURVE('',#1710,#419,#1721,.T.);
#1723=ORIENTED_EDGE('',*,*,#1722,.T.);
#1724=ORIENTED_EDGE('',*,*,#425,.F.);
#1725=EDGE_LOOP('',(#1708,#1717,#1723,#1724));
#1726=FACE_OUTER_BOUND('',#1725,.T.);
#1727=ADVANCED_FACE('',(#1726),#1700,.T.);
#1728=CARTESIAN_POINT('',(-0.030314960629921,0.035433070866142,0.114173228346457));
#1729=DIRECTION('',(1.0,0.0,0.0));
#1730=DIRECTION('',(0.0,-0.707106781186548,-0.707106781186548));
#1731=AXIS2_PLACEMENT_3D('',#1728,#1729,#1730);
#1732=CYLINDRICAL_SURFACE('',#1731,0.003937007874016);
#1733=CARTESIAN_POINT('',(0.02755905511811,0.035433070866142,0.118110236220473));
#1734=DIRECTION('',(-1.0,0.0,0.0));
#1735=VECTOR('',#1734,0.05511811023622);
#1736=LINE('',#1733,#1735);
#1737=EDGE_CURVE('',#487,#453,#1736,.T.);
#1738=ORIENTED_EDGE('',*,*,#1737,.F.);
#1739=CARTESIAN_POINT('',(0.023622047244094,0.039370078740157,0.114173228346457));
#1740=VERTEX_POINT('',#1739);
#1741=CARTESIAN_POINT('',(0.02755905511811,0.035433070866142,0.114173228346457));
#1742=DIRECTION('',(-0.707106781186547,-0.707106781186548,0.0));
#1743=DIRECTION('',(-0.707106781186548,0.707106781186547,0.0));
#1744=AXIS2_PLACEMENT_3D('',#1741,#1742,#1743);
#1745=ELLIPSE('',#1744,0.005567769930603,0.003937007874016);
#1746=EDGE_CURVE('',#487,#1740,#1745,.T.);
#1747=ORIENTED_EDGE('',*,*,#1746,.T.);
#1748=CARTESIAN_POINT('',(0.023622047244094,0.039370078740157,0.114173228346457));
#1749=DIRECTION('',(-1.0,0.0,0.0));
#1750=VECTOR('',#1749,0.047244094488188);
#1751=LINE('',#1748,#1750);
#1752=EDGE_CURVE('',#1740,#1678,#1751,.T.);
#1753=ORIENTED_EDGE('',*,*,#1752,.T.);
#1754=ORIENTED_EDGE('',*,*,#1684,.F.);
#1755=EDGE_LOOP('',(#1738,#1747,#1753,#1754));
#1756=FACE_OUTER_BOUND('',#1755,.T.);
#1757=ADVANCED_FACE('',(#1756),#1732,.T.);
#1758=CARTESIAN_POINT('',(0.074803149606299,0.03937007873986,0.118110236220472));
#1759=CARTESIAN_POINT('',(0.078740157480315,0.039370078739561,0.118110236220472));
#1760=CARTESIAN_POINT('',(0.078740157480315,0.039370078739561,0.114173228346457));
#1761=CARTESIAN_POINT('',(0.078740157480315,0.039370078739561,0.114173228294478));
#1762=CARTESIAN_POINT('',(0.078740157480315,0.039370078739561,0.114173228242498));
#1763=CARTESIAN_POINT('',(0.074803149606422,0.041000840796621,0.118110236220472));
#1764=CARTESIAN_POINT('',(0.078740157480562,0.042631602853085,0.118110236220472));
#1765=CARTESIAN_POINT('',(0.078740157480562,0.042631602853085,0.114173228346457));
#1766=CARTESIAN_POINT('',(0.078740157480562,0.042631602853085,0.114173228294478));
#1767=CARTESIAN_POINT('',(0.078740157480562,0.042631602853085,0.114173228242498));
#1768=CARTESIAN_POINT('',(0.073650026697584,0.042153963705459,0.118110236220472));
#1769=CARTESIAN_POINT('',(0.076433911662886,0.044937848670761,0.118110236220472));
#1770=CARTESIAN_POINT('',(0.076433911662886,0.044937848670761,0.114173228346457));
#1771=CARTESIAN_POINT('',(0.076433911662886,0.044937848670761,0.114173228294478));
#1772=CARTESIAN_POINT('',(0.076433911662886,0.044937848670761,0.114173228242498));
#1773=CARTESIAN_POINT('',(0.07249690378887,0.043307086614173,0.118110236220472));
#1774=CARTESIAN_POINT('',(0.074127665845457,0.04724409448819,0.118110236220472));
#1775=CARTESIAN_POINT('',(0.074127665845457,0.04724409448819,0.114173228346457));
#1776=CARTESIAN_POINT('',(0.074127665845457,0.04724409448819,0.114173228294478));
#1777=CARTESIAN_POINT('',(0.074127665845457,0.04724409448819,0.114173228242498));
#1778=CARTESIAN_POINT('',(0.070866141732283,0.043307086614173,0.118110236220472));
#1779=CARTESIAN_POINT('',(0.070866141732283,0.047244094488189,0.118110236220472));
#1780=CARTESIAN_POINT('',(0.070866141732283,0.047244094488189,0.114173228346457));
#1781=CARTESIAN_POINT('',(0.070866141732283,0.047244094488189,0.114173228294478));
#1782=CARTESIAN_POINT('',(0.070866141732283,0.047244094488189,0.114173228242498));
#1790=(BOUNDED_SURFACE()B_SPLINE_SURFACE(2,2,((#1758,#1763,#1768,#1773,#1778),(#1759,#1764,#1769,#1774,#1779),(#1760,#1765,#1770,#1775,#1780),(#1761,#1766,#1771,#1776,#1781),(#1762,#1767,#1772,#1777,#1782)),.UNSPECIFIED.,.F.,.F.,.U.)B_SPLINE_SURFACE_WITH_KNOTS((3,2,3),(3,2,3),(-1.570796326795052,-1.907363E-013,0.000000029328977),(2.356194490120762,3.141592653590042,3.926990816987505),.UNSPECIFIED.)GEOMETRIC_REPRESENTATION_ITEM()RATIONAL_B_SPLINE_SURFACE(((0.853553390593274,0.853553390579885,1.0,0.853553390593253,0.853553390593274),(0.603553390593279,0.603553390583811,0.707106781186553,0.603553390593264,0.603553390593279),(0.853553390593274,0.853553390579885,1.0,0.853553390593253,0.853553390593274),(0.853553385925392,0.853553385912003,0.999999994531236,0.853553385925371,0.853553385925392),(0.85355338125751,0.853553381244121,0.999999989062472,0.853553381257489,0.85355338125751)))REPRESENTATION_ITEM('')SURFACE());
#1791=CARTESIAN_POINT('',(0.076771653543307,0.044578250612332,0.114173228346457));
#1792=VERTEX_POINT('',#1791);
#1793=CARTESIAN_POINT('',(0.076771653543307,0.044578250612332,0.114173228346457));
#1794=CARTESIAN_POINT('',(0.076771653543307,0.044578250612332,0.114422897973168));
#1795=CARTESIAN_POINT('',(0.076771653543307,0.044542549094881,0.114669210443397));
#1796=CARTESIAN_POINT('',(0.076771653543307,0.04439655405926,0.11517095497574));
#1797=CARTESIAN_POINT('',(0.076771653543307,0.044281345032157,0.115418776179019));
#1798=CARTESIAN_POINT('',(0.076771653543307,0.043909116960632,0.115997039933157));
#1799=CARTESIAN_POINT('',(0.076771653543307,0.043596983402486,0.116323879369663));
#1800=CARTESIAN_POINT('',(0.076771653543307,0.042722879698118,0.116927523612707));
#1801=CARTESIAN_POINT('',(0.076771653543307,0.042192994856533,0.117149871750095));
#1802=CARTESIAN_POINT('',(0.076771653543307,0.041255658963799,0.117407740048965));
#1803=CARTESIAN_POINT('',(0.076771653543307,0.040850959168709,0.117479903694578));
#1804=CARTESIAN_POINT('',(0.076771653543307,0.040092430640405,0.117563950043681));
#1805=CARTESIAN_POINT('',(0.076771653543307,0.039728385667732,0.117582777180253));
#1806=CARTESIAN_POINT('',(0.076771653543307,0.039370078740157,0.117582777180253));
#1807=B_SPLINE_CURVE_WITH_KNOTS('',3,(#1793,#1794,#1795,#1796,#1797,#1798,#1799,#1800,#1801,#1802,#1803,#1804,#1805,#1806),.UNSPECIFIED.,.F.,.U.,(4,2,2,2,2,2,4),(-0.007359856414571,-0.006459894670113,-0.005476808254835,-0.003984095347964,-0.002287770847037,-0.00107571320305,-0.000000999985085),.UNSPECIFIED.);
#1808=EDGE_CURVE('',#1792,#1702,#1807,.T.);
#1809=ORIENTED_EDGE('',*,*,#1808,.F.);
#1810=CARTESIAN_POINT('',(0.070866141732283,0.047244094488189,0.114173228346457));
#1811=VERTEX_POINT('',#1810);
#1812=CARTESIAN_POINT('',(0.070866141732283,0.039370078740157,0.114173228346457));
#1813=DIRECTION('',(0.0,0.0,1.0));
#1814=DIRECTION('',(0.707106781186549,0.707106781186546,0.0));
#1815=AXIS2_PLACEMENT_3D('',#1812,#1813,#1814);
#1816=CIRCLE('',#1815,0.007874015748031);
#1817=EDGE_CURVE('',#1792,#1811,#1816,.T.);
#1818=ORIENTED_EDGE('',*,*,#1817,.T.);
#1819=CARTESIAN_POINT('',(0.070866141732283,0.043307086614173,0.118110236220473));
#1820=VERTEX_POINT('',#1819);
#1821=CARTESIAN_POINT('',(0.070866141732283,0.043307086614173,0.114173228346457));
#1822=DIRECTION('',(1.0,0.0,0.0));
#1823=DIRECTION('',(0.0,1.0,0.0));
#1824=AXIS2_PLACEMENT_3D('',#1821,#1822,#1823);
#1825=CIRCLE('',#1824,0.003937007874016);
#1826=EDGE_CURVE('',#1811,#1820,#1825,.T.);
#1827=ORIENTED_EDGE('',*,*,#1826,.T.);
#1828=CARTESIAN_POINT('',(0.070866141732283,0.039370078740157,0.118110236220473));
#1829=DIRECTION('',(0.0,0.0,-1.0));
#1830=DIRECTION('',(-1.0,0.0,0.0));
#1831=AXIS2_PLACEMENT_3D('',#1828,#1829,#1830);
#1832=CIRCLE('',#1831,0.003937007874016);
#1833=EDGE_CURVE('',#1820,#1710,#1832,.T.);
#1834=ORIENTED_EDGE('',*,*,#1833,.T.);
#1835=ORIENTED_EDGE('',*,*,#1716,.F.);
#1836=EDGE_LOOP('',(#1809,#1818,#1827,#1834,#1835));
#1837=FACE_OUTER_BOUND('',#1836,.T.);
#1838=ADVANCED_FACE('',(#1837),#1790,.T.);
#1839=CARTESIAN_POINT('',(0.02755905511811,0.019991263140354,0.114173228346457));
#1840=DIRECTION('',(0.0,1.0,0.0));
#1841=DIRECTION('',(0.707106533461701,0.0,-0.707107028911307));
#1842=AXIS2_PLACEMENT_3D('',#1839,#1840,#1841);
#1843=CYLINDRICAL_SURFACE('',#1842,0.003937007874016);
#1844=CARTESIAN_POINT('',(0.027559055628952,0.04330708610333,0.118110236220473));
#1845=VERTEX_POINT('',#1844);
#1846=CARTESIAN_POINT('',(0.02755905511811,0.035433070866142,0.118110236220473));
#1847=DIRECTION('',(0.0,1.0,0.0));
#1848=VECTOR('',#1847,0.007874015237189);
#1849=LINE('',#1846,#1848);
#1850=EDGE_CURVE('',#487,#1845,#1849,.T.);
#1851=ORIENTED_EDGE('',*,*,#1850,.T.);
#1852=CARTESIAN_POINT('',(0.023622047244094,0.047244094488189,0.114173228405151));
#1853=VERTEX_POINT('',#1852);
#1854=CARTESIAN_POINT('',(0.02755905511811,0.043307086614173,0.114173228346457));
#1855=DIRECTION('',(-0.707106781186548,-0.707106781186547,0.0));
#1856=DIRECTION('',(0.707106781186547,-0.707106781186548,0.0));
#1857=AXIS2_PLACEMENT_3D('',#1854,#1855,#1856);
#1858=ELLIPSE('',#1857,0.005567769930603,0.003937007874016);
#1859=EDGE_CURVE('',#1845,#1853,#1858,.T.);
#1860=ORIENTED_EDGE('',*,*,#1859,.T.);
#1861=CARTESIAN_POINT('',(0.023622047244094,0.047244094488189,0.114173228346457));
#1862=DIRECTION('',(0.0,-1.0,0.0));
#1863=VECTOR('',#1862,0.007874015748032);
#1864=LINE('',#1861,#1863);
#1865=EDGE_CURVE('',#1853,#1740,#1864,.T.);
#1866=ORIENTED_EDGE('',*,*,#1865,.T.);
#1867=ORIENTED_EDGE('',*,*,#1746,.F.);
#1868=EDGE_LOOP('',(#1851,#1860,#1866,#1867));
#1869=FACE_OUTER_BOUND('',#1868,.T.);
#1870=ADVANCED_FACE('',(#1869),#1843,.T.);
#1871=CARTESIAN_POINT('',(0.011811023622047,0.043307086614173,0.114173228346457));
#1872=DIRECTION('',(1.0,0.0,0.0));
#1873=DIRECTION('',(0.0,-0.707106533461702,-0.707107028911306));
#1874=AXIS2_PLACEMENT_3D('',#1871,#1872,#1873);
#1875=CYLINDRICAL_SURFACE('',#1874,0.003937007874016);
#1876=CARTESIAN_POINT('',(0.027559055628952,0.043307086614173,0.118110236220473));
#1877=DIRECTION('',(1.0,0.0,0.0));
#1878=VECTOR('',#1877,0.043307086103331);
#1879=LINE('',#1876,#1878);
#1880=EDGE_CURVE('',#1845,#1820,#1879,.T.);
#1881=ORIENTED_EDGE('',*,*,#1880,.T.);
#1882=ORIENTED_EDGE('',*,*,#1826,.F.);
#1883=CARTESIAN_POINT('',(0.070866141732283,0.047244094488189,0.114173228346457));
#1884=DIRECTION('',(-1.0,0.0,0.0));
#1885=VECTOR('',#1884,0.047244094488189);
#1886=LINE('',#1883,#1885);
#1887=EDGE_CURVE('',#1811,#1853,#1886,.T.);
#1888=ORIENTED_EDGE('',*,*,#1887,.T.);
#1889=ORIENTED_EDGE('',*,*,#1859,.F.);
#1890=EDGE_LOOP('',(#1881,#1882,#1888,#1889));
#1891=FACE_OUTER_BOUND('',#1890,.T.);
#1892=ADVANCED_FACE('',(#1891),#1875,.T.);
#1893=CARTESIAN_POINT('',(0.070866141732283,0.039370078740157,0.093503937007874));
#1894=DIRECTION('',(0.0,0.0,1.0));
#1895=DIRECTION('',(-1.0,0.0,0.0));
#1896=AXIS2_PLACEMENT_3D('',#1893,#1894,#1895);
#1897=CYLINDRICAL_SURFACE('',#1896,0.007874015748031);
#1898=CARTESIAN_POINT('',(0.076771653543307,0.044578250612332,0.094488188976378));
#1899=VERTEX_POINT('',#1898);
#1900=CARTESIAN_POINT('',(0.076771653543307,0.044578250612332,0.094488188976378));
#1901=DIRECTION('',(0.0,0.0,1.0));
#1902=VECTOR('',#1901,0.019685039370079);
#1903=LINE('',#1900,#1902);
#1904=EDGE_CURVE('',#1899,#1792,#1903,.T.);
#1905=ORIENTED_EDGE('',*,*,#1904,.F.);
#1906=CARTESIAN_POINT('',(0.070866141732283,0.047244094488189,0.094488188976378));
#1907=VERTEX_POINT('',#1906);
#1908=CARTESIAN_POINT('',(0.070866141732283,0.039370078740157,0.094488188976378));
#1909=DIRECTION('',(0.0,0.0,-1.0));
#1910=DIRECTION('',(-1.0,0.0,0.0));
#1911=AXIS2_PLACEMENT_3D('',#1908,#1909,#1910);
#1912=CIRCLE('',#1911,0.007874015748031);
#1913=EDGE_CURVE('',#1907,#1899,#1912,.T.);
#1914=ORIENTED_EDGE('',*,*,#1913,.F.);
#1915=CARTESIAN_POINT('',(0.070866141732283,0.047244094488189,0.094488188976378));
#1916=DIRECTION('',(0.0,0.0,1.0));
#1917=VECTOR('',#1916,0.019685039370079);
#1918=LINE('',#1915,#1917);
#1919=EDGE_CURVE('',#1907,#1811,#1918,.T.);
#1920=ORIENTED_EDGE('',*,*,#1919,.T.);
#1921=ORIENTED_EDGE('',*,*,#1817,.F.);
#1922=EDGE_LOOP('',(#1905,#1914,#1920,#1921));
#1923=FACE_OUTER_BOUND('',#1922,.T.);
#1924=ADVANCED_FACE('',(#1923),#1897,.T.);
#1925=CARTESIAN_POINT('',(-0.077952755905511,-0.047244094488189,0.115157480314961));
#1926=DIRECTION('',(0.0,-1.0,0.0));
#1927=DIRECTION('',(0.0,0.0,-1.0));
#1928=AXIS2_PLACEMENT_3D('',#1925,#1926,#1927);
#1929=PLANE('',#1928);
#1930=ORIENTED_EDGE('',*,*,#1629,.F.);
#1931=CARTESIAN_POINT('',(-0.070866141732283,-0.047244094488189,0.094488188976378));
#1932=VERTEX_POINT('',#1931);
#1933=CARTESIAN_POINT('',(-0.070866141732283,-0.047244094488189,0.094488188976378));
#1934=DIRECTION('',(0.0,0.0,1.0));
#1935=VECTOR('',#1934,0.019685039370079);
#1936=LINE('',#1933,#1935);
#1937=EDGE_CURVE('',#1932,#1584,#1936,.T.);
#1938=ORIENTED_EDGE('',*,*,#1937,.F.);
#1939=CARTESIAN_POINT('',(0.070866141732283,-0.047244094488189,0.094488188976378));
#1940=DIRECTION('',(-1.0,0.0,0.0));
#1941=VECTOR('',#1940,0.141732283464566);
#1942=LINE('',#1939,#1941);
#1943=EDGE_CURVE('',#335,#1932,#1942,.T.);
#1944=ORIENTED_EDGE('',*,*,#1943,.F.);
#1945=ORIENTED_EDGE('',*,*,#340,.T.);
#1946=EDGE_LOOP('',(#1930,#1938,#1944,#1945));
#1947=FACE_OUTER_BOUND('',#1946,.T.);
#1948=ADVANCED_FACE('',(#1947),#1929,.T.);
#1949=CARTESIAN_POINT('',(-0.070866141732283,-0.039370078740157,0.093503937007874));
#1950=DIRECTION('',(0.0,0.0,1.0));
#1951=DIRECTION('',(1.0,0.0,0.0));
#1952=AXIS2_PLACEMENT_3D('',#1949,#1950,#1951);
#1953=CYLINDRICAL_SURFACE('',#1952,0.007874015748031);
#1954=CARTESIAN_POINT('',(-0.076771653543307,-0.044578250612332,0.094488188976378));
#1955=VERTEX_POINT('',#1954);
#1956=CARTESIAN_POINT('',(-0.076771653543307,-0.044578250612332,0.094488188976378));
#1957=DIRECTION('',(0.0,0.0,1.0));
#1958=VECTOR('',#1957,0.019685039370079);
#1959=LINE('',#1956,#1958);
#1960=EDGE_CURVE('',#1955,#1565,#1959,.T.);
#1961=ORIENTED_EDGE('',*,*,#1960,.F.);
#1962=CARTESIAN_POINT('',(-0.070866141732283,-0.039370078740157,0.094488188976378));
#1963=DIRECTION('',(0.0,0.0,-1.0));
#1964=DIRECTION('',(1.0,0.0,0.0));
#1965=AXIS2_PLACEMENT_3D('',#1962,#1963,#1964);
#1966=CIRCLE('',#1965,0.007874015748031);
#1967=EDGE_CURVE('',#1932,#1955,#1966,.T.);
#1968=ORIENTED_EDGE('',*,*,#1967,.F.);
#1969=ORIENTED_EDGE('',*,*,#1937,.T.);
#1970=ORIENTED_EDGE('',*,*,#1590,.F.);
#1971=EDGE_LOOP('',(#1961,#1968,#1969,#1970));
#1972=FACE_OUTER_BOUND('',#1971,.T.);
#1973=ADVANCED_FACE('',(#1972),#1953,.T.);
#1974=CARTESIAN_POINT('',(-0.073228346456694,0.047244094488189,0.093503937007874));
#1975=DIRECTION('',(0.0,1.0,0.0));
#1976=DIRECTION('',(0.0,0.0,1.0));
#1977=AXIS2_PLACEMENT_3D('',#1974,#1975,#1976);
#1978=PLANE('',#1977);
#1979=ORIENTED_EDGE('',*,*,#1645,.F.);
#1980=CARTESIAN_POINT('',(-0.023622047244094,0.047244094488189,0.094488188976378));
#1981=VERTEX_POINT('',#1980);
#1982=CARTESIAN_POINT('',(-0.023622047244094,0.047244094488189,0.094488188976378));
#1983=DIRECTION('',(0.0,0.0,1.0));
#1984=VECTOR('',#1983,0.019685039370079);
#1985=LINE('',#1982,#1984);
#1986=EDGE_CURVE('',#1981,#1640,#1985,.T.);
#1987=ORIENTED_EDGE('',*,*,#1986,.F.);
#1988=CARTESIAN_POINT('',(-0.070866141732284,0.047244094488189,0.094488188976378));
#1989=DIRECTION('',(1.0,0.0,0.0));
#1990=VECTOR('',#1989,0.04724409448819);
#1991=LINE('',#1988,#1990);
#1992=EDGE_CURVE('',#180,#1981,#1991,.T.);
#1993=ORIENTED_EDGE('',*,*,#1992,.F.);
#1994=ORIENTED_EDGE('',*,*,#185,.T.);
#1995=EDGE_LOOP('',(#1979,#1987,#1993,#1994));
#1996=FACE_OUTER_BOUND('',#1995,.T.);
#1997=ADVANCED_FACE('',(#1996),#1978,.T.);
#1998=CARTESIAN_POINT('',(-0.023622047244094,0.038976377952755,0.115157480314961));
#1999=DIRECTION('',(1.0,0.0,0.0));
#2000=DIRECTION('',(0.0,0.0,-1.0));
#2001=AXIS2_PLACEMENT_3D('',#1998,#1999,#2000);
#2002=PLANE('',#2001);
#2003=ORIENTED_EDGE('',*,*,#1690,.F.);
#2004=CARTESIAN_POINT('',(-0.023622047244094,0.039370078740157,0.094488188976378));
#2005=VERTEX_POINT('',#2004);
#2006=CARTESIAN_POINT('',(-0.023622047244094,0.039370078740157,0.094488188976378));
#2007=DIRECTION('',(0.0,0.0,1.0));
#2008=VECTOR('',#2007,0.019685039370079);
#2009=LINE('',#2006,#2008);
#2010=EDGE_CURVE('',#2005,#1678,#2009,.T.);
#2011=ORIENTED_EDGE('',*,*,#2010,.F.);
#2012=CARTESIAN_POINT('',(-0.023622047244094,0.047244094488189,0.094488188976378));
#2013=DIRECTION('',(0.0,-1.0,0.0));
#2014=VECTOR('',#2013,0.007874015748032);
#2015=LINE('',#2012,#2014);
#2016=EDGE_CURVE('',#1981,#2005,#2015,.T.);
#2017=ORIENTED_EDGE('',*,*,#2016,.F.);
#2018=ORIENTED_EDGE('',*,*,#1986,.T.);
#2019=EDGE_LOOP('',(#2003,#2011,#2017,#2018));
#2020=FACE_OUTER_BOUND('',#2019,.T.);
#2021=ADVANCED_FACE('',(#2020),#2002,.T.);
#2022=CARTESIAN_POINT('',(-0.025984251968503,0.039370078740157,0.093503937007874));
#2023=DIRECTION('',(0.0,1.0,0.0));
#2024=DIRECTION('',(0.0,0.0,1.0));
#2025=AXIS2_PLACEMENT_3D('',#2022,#2023,#2024);
#2026=PLANE('',#2025);
#2027=ORIENTED_EDGE('',*,*,#1752,.F.);
#2028=CARTESIAN_POINT('',(0.023622047244094,0.039370078740157,0.094488188976378));
#2029=VERTEX_POINT('',#2028);
#2030=CARTESIAN_POINT('',(0.023622047244094,0.039370078740157,0.094488188976378));
#2031=DIRECTION('',(0.0,0.0,1.0));
#2032=VECTOR('',#2031,0.019685039370079);
#2033=LINE('',#2030,#2032);
#2034=EDGE_CURVE('',#2029,#1740,#2033,.T.);
#2035=ORIENTED_EDGE('',*,*,#2034,.F.);
#2036=CARTESIAN_POINT('',(-0.023622047244094,0.039370078740157,0.094488188976378));
#2037=DIRECTION('',(1.0,0.0,0.0));
#2038=VECTOR('',#2037,0.047244094488188);
#2039=LINE('',#2036,#2038);
#2040=EDGE_CURVE('',#2005,#2029,#2039,.T.);
#2041=ORIENTED_EDGE('',*,*,#2040,.F.);
#2042=ORIENTED_EDGE('',*,*,#2010,.T.);
#2043=EDGE_LOOP('',(#2027,#2035,#2041,#2042));
#2044=FACE_OUTER_BOUND('',#2043,.T.);
#2045=ADVANCED_FACE('',(#2044),#2026,.T.);
#2046=CARTESIAN_POINT('',(0.023622047244094,0.038976377952755,0.093503937002005));
#2047=DIRECTION('',(-1.0,0.0,0.0));
#2048=DIRECTION('',(0.0,0.0,1.0));
#2049=AXIS2_PLACEMENT_3D('',#2046,#2047,#2048);
#2050=PLANE('',#2049);
#2051=ORIENTED_EDGE('',*,*,#1865,.F.);
#2052=CARTESIAN_POINT('',(0.023622047244094,0.047244094488189,0.094488188976378));
#2053=VERTEX_POINT('',#2052);
#2054=CARTESIAN_POINT('',(0.023622047244094,0.047244094488189,0.094488188976378));
#2055=DIRECTION('',(0.0,0.0,1.0));
#2056=VECTOR('',#2055,0.019685039428773);
#2057=LINE('',#2054,#2056);
#2058=EDGE_CURVE('',#2053,#1853,#2057,.T.);
#2059=ORIENTED_EDGE('',*,*,#2058,.F.);
#2060=CARTESIAN_POINT('',(0.023622047244094,0.039370078740157,0.094488188976378));
#2061=DIRECTION('',(0.0,1.0,0.0));
#2062=VECTOR('',#2061,0.007874015748032);
#2063=LINE('',#2060,#2062);
#2064=EDGE_CURVE('',#2029,#2053,#2063,.T.);
#2065=ORIENTED_EDGE('',*,*,#2064,.F.);
#2066=ORIENTED_EDGE('',*,*,#2034,.T.);
#2067=EDGE_LOOP('',(#2051,#2059,#2065,#2066));
#2068=FACE_OUTER_BOUND('',#2067,.T.);
#2069=ADVANCED_FACE('',(#2068),#2050,.T.);
#2070=CARTESIAN_POINT('',(0.021259842519685,0.047244094488189,0.093503937002005));
#2071=DIRECTION('',(0.0,1.0,0.0));
#2072=DIRECTION('',(0.0,0.0,1.0));
#2073=AXIS2_PLACEMENT_3D('',#2070,#2071,#2072);
#2074=PLANE('',#2073);
#2075=ORIENTED_EDGE('',*,*,#1887,.F.);
#2076=ORIENTED_EDGE('',*,*,#1919,.F.);
#2077=CARTESIAN_POINT('',(0.023622047244094,0.047244094488189,0.094488188976378));
#2078=DIRECTION('',(1.0,0.0,0.0));
#2079=VECTOR('',#2078,0.047244094488189);
#2080=LINE('',#2077,#2079);
#2081=EDGE_CURVE('',#2053,#1907,#2080,.T.);
#2082=ORIENTED_EDGE('',*,*,#2081,.F.);
#2083=ORIENTED_EDGE('',*,*,#2058,.T.);
#2084=EDGE_LOOP('',(#2075,#2076,#2082,#2083));
#2085=FACE_OUTER_BOUND('',#2084,.T.);
#2086=ADVANCED_FACE('',(#2085),#2074,.T.);
#2087=CARTESIAN_POINT('',(-0.084448818897638,-0.051968503937008,0.094488188976378));
#2088=DIRECTION('',(0.0,0.0,1.0));
#2089=DIRECTION('',(1.0,0.0,0.0));
#2090=AXIS2_PLACEMENT_3D('',#2087,#2088,#2089);
#2091=PLANE('',#2090);
#2092=CARTESIAN_POINT('',(-0.076771653543307,0.044578250612332,0.094488188976378));
#2093=DIRECTION('',(0.0,-1.0,0.0));
#2094=VECTOR('',#2093,0.089156501224663);
#2095=LINE('',#2092,#2094);
#2096=EDGE_CURVE('',#163,#1955,#2095,.T.);
#2097=ORIENTED_EDGE('',*,*,#2096,.F.);
#2098=ORIENTED_EDGE('',*,*,#192,.T.);
#2099=ORIENTED_EDGE('',*,*,#1992,.T.);
#2100=ORIENTED_EDGE('',*,*,#2016,.T.);
#2101=ORIENTED_EDGE('',*,*,#2040,.T.);
#2102=ORIENTED_EDGE('',*,*,#2064,.T.);
#2103=ORIENTED_EDGE('',*,*,#2081,.T.);
#2104=ORIENTED_EDGE('',*,*,#1913,.T.);
#2105=CARTESIAN_POINT('',(0.076771653543307,-0.044578250612332,0.094488188976378));
#2106=DIRECTION('',(0.0,1.0,0.0));
#2107=VECTOR('',#2106,0.089156501224663);
#2108=LINE('',#2105,#2107);
#2109=EDGE_CURVE('',#318,#1899,#2108,.T.);
#2110=ORIENTED_EDGE('',*,*,#2109,.F.);
#2111=ORIENTED_EDGE('',*,*,#347,.T.);
#2112=ORIENTED_EDGE('',*,*,#1943,.T.);
#2113=ORIENTED_EDGE('',*,*,#1967,.T.);
#2114=EDGE_LOOP('',(#2097,#2098,#2099,#2100,#2101,#2102,#2103,#2104,#2110,#2111,#2112,#2113));
#2115=FACE_OUTER_BOUND('',#2114,.T.);
#2116=ORIENTED_EDGE('',*,*,#1038,.T.);
#2117=ORIENTED_EDGE('',*,*,#1127,.T.);
#2118=ORIENTED_EDGE('',*,*,#1100,.T.);
#2119=ORIENTED_EDGE('',*,*,#1069,.T.);
#2120=EDGE_LOOP('',(#2116,#2117,#2118,#2119));
#2121=FACE_BOUND('',#2120,.T.);
#2122=ADVANCED_FACE('',(#2115,#2121),#2091,.F.);
#2123=CARTESIAN_POINT('',(-0.084448818897638,0.053051181102362,0.118110236220473));
#2124=DIRECTION('',(0.0,0.0,-1.0));
#2125=DIRECTION('',(-1.0,0.0,0.0));
#2126=AXIS2_PLACEMENT_3D('',#2123,#2124,#2125);
#2127=PLANE('',#2126);
#2128=CARTESIAN_POINT('',(0.076771653543307,0.048228346456693,0.118110236220472));
#2129=VERTEX_POINT('',#2128);
#2130=CARTESIAN_POINT('',(0.076771653543307,-0.048228346456693,0.118110236220472));
#2131=VERTEX_POINT('',#2130);
#2132=CARTESIAN_POINT('',(0.076771653543307,0.048228346456693,0.118110236220472));
#2133=DIRECTION('',(0.0,-1.0,0.0));
#2134=VECTOR('',#2133,0.096456692913386);
#2135=LINE('',#2132,#2134);
#2136=EDGE_CURVE('',#2129,#2131,#2135,.T.);
#2137=ORIENTED_EDGE('',*,*,#2136,.T.);
#2138=CARTESIAN_POINT('',(-0.076771653543307,-0.048228346456693,0.118110236220472));
#2139=VERTEX_POINT('',#2138);
#2140=CARTESIAN_POINT('',(0.076771653543307,-0.048228346456693,0.118110236220472));
#2141=DIRECTION('',(-1.0,0.0,0.0));
#2142=VECTOR('',#2141,0.153543307086614);
#2143=LINE('',#2140,#2142);
#2144=EDGE_CURVE('',#2131,#2139,#2143,.T.);
#2145=ORIENTED_EDGE('',*,*,#2144,.T.);
#2146=CARTESIAN_POINT('',(-0.076771653543307,0.048228346456693,0.118110236220472));
#2147=VERTEX_POINT('',#2146);
#2148=CARTESIAN_POINT('',(-0.076771653543307,-0.048228346456693,0.118110236220472));
#2149=DIRECTION('',(0.0,1.0,0.0));
#2150=VECTOR('',#2149,0.096456692913386);
#2151=LINE('',#2148,#2150);
#2152=EDGE_CURVE('',#2139,#2147,#2151,.T.);
#2153=ORIENTED_EDGE('',*,*,#2152,.T.);
#2154=CARTESIAN_POINT('',(-0.076771653543307,0.048228346456693,0.118110236220472));
#2155=DIRECTION('',(1.0,0.0,0.0));
#2156=VECTOR('',#2155,0.153543307086614);
#2157=LINE('',#2154,#2156);
#2158=EDGE_CURVE('',#2147,#2129,#2157,.T.);
#2159=ORIENTED_EDGE('',*,*,#2158,.T.);
#2160=EDGE_LOOP('',(#2137,#2145,#2153,#2159));
#2161=FACE_OUTER_BOUND('',#2160,.T.);
#2162=ORIENTED_EDGE('',*,*,#1675,.F.);
#2163=ORIENTED_EDGE('',*,*,#1654,.F.);
#2164=ORIENTED_EDGE('',*,*,#265,.F.);
#2165=ORIENTED_EDGE('',*,*,#304,.F.);
#2166=ORIENTED_EDGE('',*,*,#1606,.F.);
#2167=ORIENTED_EDGE('',*,*,#1622,.F.);
#2168=ORIENTED_EDGE('',*,*,#434,.T.);
#2169=ORIENTED_EDGE('',*,*,#1722,.F.);
#2170=ORIENTED_EDGE('',*,*,#1833,.F.);
#2171=ORIENTED_EDGE('',*,*,#1880,.F.);
#2172=ORIENTED_EDGE('',*,*,#1850,.F.);
#2173=ORIENTED_EDGE('',*,*,#1737,.T.);
#2174=EDGE_LOOP('',(#2162,#2163,#2164,#2165,#2166,#2167,#2168,#2169,#2170,#2171,#2172,#2173));
#2175=FACE_BOUND('',#2174,.T.);
#2176=ADVANCED_FACE('',(#2161,#2175),#2127,.T.);
#2177=CARTESIAN_POINT('',(-0.116242918144542,-0.019685039370079,-0.134055118110236));
#2178=DIRECTION('',(0.0,1.0,0.0));
#2179=DIRECTION('',(0.0,0.0,1.0));
#2180=AXIS2_PLACEMENT_3D('',#2177,#2178,#2179);
#2181=PLANE('',#2180);
#2182=CARTESIAN_POINT('',(-0.118110236220472,-0.019685039370079,0.035433070866142));
#2183=VERTEX_POINT('',#2182);
#2184=CARTESIAN_POINT('',(-0.118110236220472,-0.019685039370079,0.023622047244095));
#2185=VERTEX_POINT('',#2184);
#2186=CARTESIAN_POINT('',(-0.118110236220472,-0.019685039370079,0.035433070866142));
#2187=DIRECTION('',(0.0,0.0,-1.0));
#2188=VECTOR('',#2187,0.011811023622047);
#2189=LINE('',#2186,#2188);
#2190=EDGE_CURVE('',#2183,#2185,#2189,.T.);
#2191=ORIENTED_EDGE('',*,*,#2190,.F.);
#2192=CARTESIAN_POINT('',(-0.133858267716535,-0.019685039370079,0.019685039370079));
#2193=VERTEX_POINT('',#2192);
#2194=CARTESIAN_POINT('',(-0.118110236220472,-0.019685039370079,0.019685039370079));
#2195=DIRECTION('',(0.0,1.0,0.0));
#2196=DIRECTION('',(1.0,0.0,0.0));
#2197=AXIS2_PLACEMENT_3D('',#2194,#2195,#2196);
#2198=CIRCLE('',#2197,0.015748031496063);
#2199=EDGE_CURVE('',#2193,#2183,#2198,.T.);
#2200=ORIENTED_EDGE('',*,*,#2199,.F.);
#2201=CARTESIAN_POINT('',(-0.133858267716535,-0.019685039370079,-0.036280128991576));
#2202=VERTEX_POINT('',#2201);
#2203=CARTESIAN_POINT('',(-0.133858267716535,-0.019685039370079,-0.036280128991576));
#2204=DIRECTION('',(0.0,0.0,1.0));
#2205=VECTOR('',#2204,0.055965168361655);
#2206=LINE('',#2203,#2205);
#2207=EDGE_CURVE('',#2202,#2193,#2206,.T.);
#2208=ORIENTED_EDGE('',*,*,#2207,.F.);
#2209=CARTESIAN_POINT('',(-0.134449202001132,-0.019685039370079,-0.038354694617016));
#2210=VERTEX_POINT('',#2209);
#2211=CARTESIAN_POINT('',(-0.137795275590551,-0.019685039370079,-0.036280128991576));
#2212=DIRECTION('',(0.0,-1.0,0.0));
#2213=DIRECTION('',(1.0,0.0,0.0));
#2214=AXIS2_PLACEMENT_3D('',#2211,#2212,#2213);
#2215=CIRCLE('',#2214,0.003937007874016);
#2216=EDGE_CURVE('',#2210,#2202,#2215,.T.);
#2217=ORIENTED_EDGE('',*,*,#2216,.F.);
#2218=CARTESIAN_POINT('',(-0.153122793784343,-0.019685039370079,-0.068473391041548));
#2219=VERTEX_POINT('',#2218);
#2220=CARTESIAN_POINT('',(-0.153122793784343,-0.019685039370079,-0.068473391041548));
#2221=DIRECTION('',(0.526939668861677,0.0,0.849902691712379));
#2222=VECTOR('',#2221,0.035437817432781);
#2223=LINE('',#2220,#2222);
#2224=EDGE_CURVE('',#2219,#2210,#2223,.T.);
#2225=ORIENTED_EDGE('',*,*,#2224,.F.);
#2226=CARTESIAN_POINT('',(-0.153122793784343,-0.019685039370079,-0.085069916045066));
#2227=VERTEX_POINT('',#2226);
#2228=CARTESIAN_POINT('',(-0.139738499426667,-0.019685039370079,-0.076771653543307));
#2229=DIRECTION('',(0.0,1.0,0.0));
#2230=DIRECTION('',(0.849902691712379,0.0,0.526939668861676));
#2231=AXIS2_PLACEMENT_3D('',#2228,#2229,#2230);
#2232=CIRCLE('',#2231,0.015748031496063);
#2233=EDGE_CURVE('',#2227,#2219,#2232,.T.);
#2234=ORIENTED_EDGE('',*,*,#2233,.F.);
#2235=CARTESIAN_POINT('',(-0.134449202001132,-0.019685039370079,-0.115188612469599));
#2236=VERTEX_POINT('',#2235);
#2237=CARTESIAN_POINT('',(-0.134449202001132,-0.019685039370079,-0.115188612469599));
#2238=DIRECTION('',(-0.526939668861676,0.0,0.849902691712379));
#2239=VECTOR('',#2238,0.035437817432782);
#2240=LINE('',#2237,#2239);
#2241=EDGE_CURVE('',#2236,#2227,#2240,.T.);
#2242=ORIENTED_EDGE('',*,*,#2241,.F.);
#2243=CARTESIAN_POINT('',(-0.133858267716535,-0.019685039370079,-0.117263178095038));
#2244=VERTEX_POINT('',#2243);
#2245=CARTESIAN_POINT('',(-0.137795275590551,-0.019685039370079,-0.117263178095038));
#2246=DIRECTION('',(0.0,-1.0,0.0));
#2247=DIRECTION('',(0.849902691712378,0.0,0.526939668861677));
#2248=AXIS2_PLACEMENT_3D('',#2245,#2246,#2247);
#2249=CIRCLE('',#2248,0.003937007874016);
#2250=EDGE_CURVE('',#2244,#2236,#2249,.T.);
#2251=ORIENTED_EDGE('',*,*,#2250,.F.);
#2252=CARTESIAN_POINT('',(-0.133858267716535,-0.019685039370079,-0.125984251968504));
#2253=VERTEX_POINT('',#2252);
#2254=CARTESIAN_POINT('',(-0.133858267716535,-0.019685039370079,-0.125984251968504));
#2255=DIRECTION('',(0.0,0.0,1.0));
#2256=VECTOR('',#2255,0.008721073873466);
#2257=LINE('',#2254,#2256);
#2258=EDGE_CURVE('',#2253,#2244,#2257,.T.);
#2259=ORIENTED_EDGE('',*,*,#2258,.F.);
#2260=CARTESIAN_POINT('',(-0.122047244094488,-0.019685039370079,-0.125984251968504));
#2261=VERTEX_POINT('',#2260);
#2262=CARTESIAN_POINT('',(-0.133858267716535,-0.019685039370079,-0.125984251968504));
#2263=DIRECTION('',(1.0,0.0,0.0));
#2264=VECTOR('',#2263,0.011811023622047);
#2265=LINE('',#2262,#2264);
#2266=EDGE_CURVE('',#2253,#2261,#2265,.T.);
#2267=ORIENTED_EDGE('',*,*,#2266,.T.);
#2268=CARTESIAN_POINT('',(-0.122047244094488,-0.019685039370079,-0.117263178095038));
#2269=VERTEX_POINT('',#2268);
#2270=CARTESIAN_POINT('',(-0.122047244094488,-0.019685039370079,-0.117263178095038));
#2271=DIRECTION('',(0.0,0.0,-1.0));
#2272=VECTOR('',#2271,0.008721073873466);
#2273=LINE('',#2270,#2272);
#2274=EDGE_CURVE('',#2269,#2261,#2273,.T.);
#2275=ORIENTED_EDGE('',*,*,#2274,.F.);
#2276=CARTESIAN_POINT('',(-0.124410981232876,-0.019685039370079,-0.10896491559328));
#2277=VERTEX_POINT('',#2276);
#2278=CARTESIAN_POINT('',(-0.137795275590551,-0.019685039370079,-0.117263178095038));
#2279=DIRECTION('',(0.0,1.0,0.0));
#2280=DIRECTION('',(-0.849902691712379,0.0,-0.526939668861676));
#2281=AXIS2_PLACEMENT_3D('',#2278,#2279,#2280);
#2282=CIRCLE('',#2281,0.015748031496063);
#2283=EDGE_CURVE('',#2277,#2269,#2282,.T.);
#2284=ORIENTED_EDGE('',*,*,#2283,.F.);
#2285=CARTESIAN_POINT('',(-0.143084573016086,-0.019685039370079,-0.078846219168747));
#2286=VERTEX_POINT('',#2285);
#2287=CARTESIAN_POINT('',(-0.143084573016086,-0.019685039370079,-0.078846219168747));
#2288=DIRECTION('',(0.526939668861676,0.0,-0.849902691712379));
#2289=VECTOR('',#2288,0.035437817432781);
#2290=LINE('',#2287,#2289);
#2291=EDGE_CURVE('',#2286,#2277,#2290,.T.);
#2292=ORIENTED_EDGE('',*,*,#2291,.F.);
#2293=CARTESIAN_POINT('',(-0.143084573016086,-0.019685039370079,-0.074697087917867));
#2294=VERTEX_POINT('',#2293);
#2295=CARTESIAN_POINT('',(-0.139738499426667,-0.019685039370079,-0.076771653543307));
#2296=DIRECTION('',(0.0,-1.0,0.0));
#2297=DIRECTION('',(-0.84990269171238,0.0,-0.526939668861675));
#2298=AXIS2_PLACEMENT_3D('',#2295,#2296,#2297);
#2299=CIRCLE('',#2298,0.003937007874016);
#2300=EDGE_CURVE('',#2294,#2286,#2299,.T.);
#2301=ORIENTED_EDGE('',*,*,#2300,.F.);
#2302=CARTESIAN_POINT('',(-0.124410981232876,-0.019685039370079,-0.044578391493335));
#2303=VERTEX_POINT('',#2302);
#2304=CARTESIAN_POINT('',(-0.124410981232876,-0.019685039370079,-0.044578391493335));
#2305=DIRECTION('',(-0.526939668861676,0.0,-0.849902691712379));
#2306=VECTOR('',#2305,0.035437817432781);
#2307=LINE('',#2304,#2306);
#2308=EDGE_CURVE('',#2303,#2294,#2307,.T.);
#2309=ORIENTED_EDGE('',*,*,#2308,.F.);
#2310=CARTESIAN_POINT('',(-0.122047244094488,-0.019685039370079,-0.036280128991576));
#2311=VERTEX_POINT('',#2310);
#2312=CARTESIAN_POINT('',(-0.137795275590551,-0.019685039370079,-0.036280128991576));
#2313=DIRECTION('',(0.0,1.0,0.0));
#2314=DIRECTION('',(-1.0,0.0,0.0));
#2315=AXIS2_PLACEMENT_3D('',#2312,#2313,#2314);
#2316=CIRCLE('',#2315,0.015748031496063);
#2317=EDGE_CURVE('',#2311,#2303,#2316,.T.);
#2318=ORIENTED_EDGE('',*,*,#2317,.F.);
#2319=CARTESIAN_POINT('',(-0.122047244094488,-0.019685039370079,0.019685039370079));
#2320=VERTEX_POINT('',#2319);
#2321=CARTESIAN_POINT('',(-0.122047244094488,-0.019685039370079,0.019685039370079));
#2322=DIRECTION('',(0.0,0.0,-1.0));
#2323=VECTOR('',#2322,0.055965168361655);
#2324=LINE('',#2321,#2323);
#2325=EDGE_CURVE('',#2320,#2311,#2324,.T.);
#2326=ORIENTED_EDGE('',*,*,#2325,.F.);
#2327=CARTESIAN_POINT('',(-0.118110236220472,-0.019685039370079,0.019685039370079));
#2328=DIRECTION('',(0.0,-1.0,0.0));
#2329=DIRECTION('',(-1.0,0.0,0.0));
#2330=AXIS2_PLACEMENT_3D('',#2327,#2328,#2329);
#2331=CIRCLE('',#2330,0.003937007874016);
#2332=EDGE_CURVE('',#2185,#2320,#2331,.T.);
#2333=ORIENTED_EDGE('',*,*,#2332,.F.);
#2334=EDGE_LOOP('',(#2191,#2200,#2208,#2217,#2225,#2234,#2242,#2251,#2259,#2267,#2275,#2284,#2292,#2301,#2309,#2318,#2326,#2333));
#2335=FACE_OUTER_BOUND('',#2334,.T.);
#2336=ADVANCED_FACE('',(#2335),#2181,.F.);
#2337=CARTESIAN_POINT('',(-0.121456692913386,-0.011417322834646,-0.150787401574803));
#2338=DIRECTION('',(0.0,0.948683298050514,0.316227766016838));
#2339=DIRECTION('',(0.0,-0.316227766016838,0.948683298050514));
#2340=AXIS2_PLACEMENT_3D('',#2337,#2338,#2339);
#2341=PLANE('',#2340);
#2342=CARTESIAN_POINT('',(-0.122047244094488,-0.011811023622047,-0.149606299212598));
#2343=VERTEX_POINT('',#2342);
#2344=CARTESIAN_POINT('',(-0.122047244094488,-0.019685039370079,-0.125984251968504));
#2345=DIRECTION('',(0.0,0.316227766016838,-0.948683298050514));
#2346=VECTOR('',#2345,0.024899824095814);
#2347=LINE('',#2344,#2346);
#2348=EDGE_CURVE('',#2261,#2343,#2347,.T.);
#2349=ORIENTED_EDGE('',*,*,#2348,.F.);
#2350=ORIENTED_EDGE('',*,*,#2266,.F.);
#2351=CARTESIAN_POINT('',(-0.133858267716535,-0.011811023622047,-0.149606299212598));
#2352=VERTEX_POINT('',#2351);
#2353=CARTESIAN_POINT('',(-0.133858267716535,-0.011811023622047,-0.149606299212598));
#2354=DIRECTION('',(0.0,-0.316227766016838,0.948683298050514));
#2355=VECTOR('',#2354,0.024899824095814);
#2356=LINE('',#2353,#2355);
#2357=EDGE_CURVE('',#2352,#2253,#2356,.T.);
#2358=ORIENTED_EDGE('',*,*,#2357,.F.);
#2359=CARTESIAN_POINT('',(-0.122047244094488,-0.011811023622047,-0.149606299212598));
#2360=DIRECTION('',(-1.0,0.0,0.0));
#2361=VECTOR('',#2360,0.011811023622047);
#2362=LINE('',#2359,#2361);
#2363=EDGE_CURVE('',#2343,#2352,#2362,.T.);
#2364=ORIENTED_EDGE('',*,*,#2363,.F.);
#2365=EDGE_LOOP('',(#2349,#2350,#2358,#2364));
#2366=FACE_OUTER_BOUND('',#2365,.T.);
#2367=ADVANCED_FACE('',(#2366),#2341,.F.);
#2368=CARTESIAN_POINT('',(-0.134448818897637,0.011417322834645,-0.150787401574803));
#2369=DIRECTION('',(0.0,-0.948683298050514,0.316227766016838));
#2370=DIRECTION('',(0.0,-0.316227766016838,-0.948683298050514));
#2371=AXIS2_PLACEMENT_3D('',#2368,#2369,#2370);
#2372=PLANE('',#2371);
#2373=CARTESIAN_POINT('',(-0.122047244094488,0.011811023622047,-0.149606299212598));
#2374=VERTEX_POINT('',#2373);
#2375=CARTESIAN_POINT('',(-0.122047244094488,0.019685039370079,-0.125984251968504));
#2376=VERTEX_POINT('',#2375);
#2377=CARTESIAN_POINT('',(-0.122047244094488,0.011811023622047,-0.149606299212598));
#2378=DIRECTION('',(0.0,0.316227766016838,0.948683298050514));
#2379=VECTOR('',#2378,0.024899824095814);
#2380=LINE('',#2377,#2379);
#2381=EDGE_CURVE('',#2374,#2376,#2380,.T.);
#2382=ORIENTED_EDGE('',*,*,#2381,.F.);
#2383=CARTESIAN_POINT('',(-0.133858267716535,0.011811023622047,-0.149606299212598));
#2384=VERTEX_POINT('',#2383);
#2385=CARTESIAN_POINT('',(-0.133858267716535,0.011811023622047,-0.149606299212598));
#2386=DIRECTION('',(1.0,0.0,0.0));
#2387=VECTOR('',#2386,0.011811023622047);
#2388=LINE('',#2385,#2387);
#2389=EDGE_CURVE('',#2384,#2374,#2388,.T.);
#2390=ORIENTED_EDGE('',*,*,#2389,.F.);
#2391=CARTESIAN_POINT('',(-0.133858267716535,0.019685039370079,-0.125984251968504));
#2392=VERTEX_POINT('',#2391);
#2393=CARTESIAN_POINT('',(-0.133858267716535,0.019685039370079,-0.125984251968504));
#2394=DIRECTION('',(0.0,-0.316227766016838,-0.948683298050514));
#2395=VECTOR('',#2394,0.024899824095814);
#2396=LINE('',#2393,#2395);
#2397=EDGE_CURVE('',#2392,#2384,#2396,.T.);
#2398=ORIENTED_EDGE('',*,*,#2397,.F.);
#2399=CARTESIAN_POINT('',(-0.122047244094488,0.019685039370079,-0.125984251968504));
#2400=DIRECTION('',(-1.0,0.0,0.0));
#2401=VECTOR('',#2400,0.011811023622047);
#2402=LINE('',#2399,#2401);
#2403=EDGE_CURVE('',#2376,#2392,#2402,.T.);
#2404=ORIENTED_EDGE('',*,*,#2403,.F.);
#2405=EDGE_LOOP('',(#2382,#2390,#2398,#2404));
#2406=FACE_OUTER_BOUND('',#2405,.T.);
#2407=ADVANCED_FACE('',(#2406),#2372,.F.);
#2408=CARTESIAN_POINT('',(-0.122047244094488,-0.021653543307087,-0.151223455268476));
#2409=DIRECTION('',(1.0,0.0,0.0));
#2410=DIRECTION('',(0.0,0.0,-1.0));
#2411=AXIS2_PLACEMENT_3D('',#2408,#2409,#2410);
#2412=PLANE('',#2411);
#2413=ORIENTED_EDGE('',*,*,#2348,.T.);
#2414=CARTESIAN_POINT('',(-0.122047244094488,0.011811023622047,-0.149606299212598));
#2415=DIRECTION('',(0.0,-1.0,0.0));
#2416=VECTOR('',#2415,0.023622047244094);
#2417=LINE('',#2414,#2416);
#2418=EDGE_CURVE('',#2374,#2343,#2417,.T.);
#2419=ORIENTED_EDGE('',*,*,#2418,.F.);
#2420=ORIENTED_EDGE('',*,*,#2381,.T.);
#2421=CARTESIAN_POINT('',(-0.122047244094488,0.019685039370079,-0.117263178095038));
#2422=VERTEX_POINT('',#2421);
#2423=CARTESIAN_POINT('',(-0.122047244094488,0.019685039370079,-0.125984251968504));
#2424=DIRECTION('',(0.0,0.0,1.0));
#2425=VECTOR('',#2424,0.008721073873466);
#2426=LINE('',#2423,#2425);
#2427=EDGE_CURVE('',#2376,#2422,#2426,.T.);
#2428=ORIENTED_EDGE('',*,*,#2427,.T.);
#2429=CARTESIAN_POINT('',(-0.122047244094488,0.019685039370079,-0.117263178095038));
#2430=DIRECTION('',(0.0,-1.0,0.0));
#2431=VECTOR('',#2430,0.039370078740158);
#2432=LINE('',#2429,#2431);
#2433=EDGE_CURVE('',#2422,#2269,#2432,.T.);
#2434=ORIENTED_EDGE('',*,*,#2433,.T.);
#2435=ORIENTED_EDGE('',*,*,#2274,.T.);
#2436=EDGE_LOOP('',(#2413,#2419,#2420,#2428,#2434,#2435));
#2437=FACE_OUTER_BOUND('',#2436,.T.);
#2438=ADVANCED_FACE('',(#2437),#2412,.T.);
#2439=CARTESIAN_POINT('',(-0.116242918144542,0.019685039370079,-0.134055118110236));
#2440=DIRECTION('',(0.0,1.0,0.0));
#2441=DIRECTION('',(0.0,0.0,1.0));
#2442=AXIS2_PLACEMENT_3D('',#2439,#2440,#2441);
#2443=PLANE('',#2442);
#2444=CARTESIAN_POINT('',(-0.118110236220472,0.019685039370079,0.023622047244095));
#2445=VERTEX_POINT('',#2444);
#2446=CARTESIAN_POINT('',(-0.118110236220472,0.019685039370079,0.035433070866142));
#2447=VERTEX_POINT('',#2446);
#2448=CARTESIAN_POINT('',(-0.118110236220472,0.019685039370079,0.023622047244095));
#2449=DIRECTION('',(0.0,0.0,1.0));
#2450=VECTOR('',#2449,0.011811023622047);
#2451=LINE('',#2448,#2450);
#2452=EDGE_CURVE('',#2445,#2447,#2451,.T.);
#2453=ORIENTED_EDGE('',*,*,#2452,.F.);
#2454=CARTESIAN_POINT('',(-0.122047244094488,0.019685039370079,0.019685039370079));
#2455=VERTEX_POINT('',#2454);
#2456=CARTESIAN_POINT('',(-0.118110236220472,0.019685039370079,0.019685039370079));
#2457=DIRECTION('',(0.0,1.0,0.0));
#2458=DIRECTION('',(-1.0,0.0,0.0));
#2459=AXIS2_PLACEMENT_3D('',#2456,#2457,#2458);
#2460=CIRCLE('',#2459,0.003937007874016);
#2461=EDGE_CURVE('',#2455,#2445,#2460,.T.);
#2462=ORIENTED_EDGE('',*,*,#2461,.F.);
#2463=CARTESIAN_POINT('',(-0.122047244094488,0.019685039370079,-0.036280128991576));
#2464=VERTEX_POINT('',#2463);
#2465=CARTESIAN_POINT('',(-0.122047244094488,0.019685039370079,-0.036280128991576));
#2466=DIRECTION('',(0.0,0.0,1.0));
#2467=VECTOR('',#2466,0.055965168361655);
#2468=LINE('',#2465,#2467);
#2469=EDGE_CURVE('',#2464,#2455,#2468,.T.);
#2470=ORIENTED_EDGE('',*,*,#2469,.F.);
#2471=CARTESIAN_POINT('',(-0.124410981232876,0.019685039370079,-0.044578391493335));
#2472=VERTEX_POINT('',#2471);
#2473=CARTESIAN_POINT('',(-0.137795275590551,0.019685039370079,-0.036280128991576));
#2474=DIRECTION('',(0.0,-1.0,0.0));
#2475=DIRECTION('',(-1.0,0.0,0.0));
#2476=AXIS2_PLACEMENT_3D('',#2473,#2474,#2475);
#2477=CIRCLE('',#2476,0.015748031496063);
#2478=EDGE_CURVE('',#2472,#2464,#2477,.T.);
#2479=ORIENTED_EDGE('',*,*,#2478,.F.);
#2480=CARTESIAN_POINT('',(-0.143084573016086,0.019685039370079,-0.074697087917867));
#2481=VERTEX_POINT('',#2480);
#2482=CARTESIAN_POINT('',(-0.143084573016086,0.019685039370079,-0.074697087917867));
#2483=DIRECTION('',(0.526939668861676,0.0,0.849902691712379));
#2484=VECTOR('',#2483,0.035437817432781);
#2485=LINE('',#2482,#2484);
#2486=EDGE_CURVE('',#2481,#2472,#2485,.T.);
#2487=ORIENTED_EDGE('',*,*,#2486,.F.);
#2488=CARTESIAN_POINT('',(-0.143084573016086,0.019685039370079,-0.078846219168747));
#2489=VERTEX_POINT('',#2488);
#2490=CARTESIAN_POINT('',(-0.139738499426667,0.019685039370079,-0.076771653543307));
#2491=DIRECTION('',(0.0,1.0,0.0));
#2492=DIRECTION('',(-0.84990269171238,0.0,-0.526939668861675));
#2493=AXIS2_PLACEMENT_3D('',#2490,#2491,#2492);
#2494=CIRCLE('',#2493,0.003937007874016);
#2495=EDGE_CURVE('',#2489,#2481,#2494,.T.);
#2496=ORIENTED_EDGE('',*,*,#2495,.F.);
#2497=CARTESIAN_POINT('',(-0.124410981232876,0.019685039370079,-0.10896491559328));
#2498=VERTEX_POINT('',#2497);
#2499=CARTESIAN_POINT('',(-0.124410981232876,0.019685039370079,-0.10896491559328));
#2500=DIRECTION('',(-0.526939668861676,0.0,0.849902691712379));
#2501=VECTOR('',#2500,0.035437817432781);
#2502=LINE('',#2499,#2501);
#2503=EDGE_CURVE('',#2498,#2489,#2502,.T.);
#2504=ORIENTED_EDGE('',*,*,#2503,.F.);
#2505=CARTESIAN_POINT('',(-0.137795275590551,0.019685039370079,-0.117263178095038));
#2506=DIRECTION('',(0.0,-1.0,0.0));
#2507=DIRECTION('',(-0.849902691712379,0.0,-0.526939668861676));
#2508=AXIS2_PLACEMENT_3D('',#2505,#2506,#2507);
#2509=CIRCLE('',#2508,0.015748031496063);
#2510=EDGE_CURVE('',#2422,#2498,#2509,.T.);
#2511=ORIENTED_EDGE('',*,*,#2510,.F.);
#2512=ORIENTED_EDGE('',*,*,#2427,.F.);
#2513=ORIENTED_EDGE('',*,*,#2403,.T.);
#2514=CARTESIAN_POINT('',(-0.133858267716535,0.019685039370079,-0.117263178095038));
#2515=VERTEX_POINT('',#2514);
#2516=CARTESIAN_POINT('',(-0.133858267716535,0.019685039370079,-0.117263178095038));
#2517=DIRECTION('',(0.0,0.0,-1.0));
#2518=VECTOR('',#2517,0.008721073873466);
#2519=LINE('',#2516,#2518);
#2520=EDGE_CURVE('',#2515,#2392,#2519,.T.);
#2521=ORIENTED_EDGE('',*,*,#2520,.F.);
#2522=CARTESIAN_POINT('',(-0.134449202001132,0.019685039370079,-0.115188612469599));
#2523=VERTEX_POINT('',#2522);
#2524=CARTESIAN_POINT('',(-0.137795275590551,0.019685039370079,-0.117263178095038));
#2525=DIRECTION('',(0.0,1.0,0.0));
#2526=DIRECTION('',(0.849902691712378,0.0,0.526939668861677));
#2527=AXIS2_PLACEMENT_3D('',#2524,#2525,#2526);
#2528=CIRCLE('',#2527,0.003937007874016);
#2529=EDGE_CURVE('',#2523,#2515,#2528,.T.);
#2530=ORIENTED_EDGE('',*,*,#2529,.F.);
#2531=CARTESIAN_POINT('',(-0.153122793784343,0.019685039370079,-0.085069916045066));
#2532=VERTEX_POINT('',#2531);
#2533=CARTESIAN_POINT('',(-0.153122793784343,0.019685039370079,-0.085069916045066));
#2534=DIRECTION('',(0.526939668861676,0.0,-0.849902691712379));
#2535=VECTOR('',#2534,0.035437817432782);
#2536=LINE('',#2533,#2535);
#2537=EDGE_CURVE('',#2532,#2523,#2536,.T.);
#2538=ORIENTED_EDGE('',*,*,#2537,.F.);
#2539=CARTESIAN_POINT('',(-0.153122793784343,0.019685039370079,-0.068473391041548));
#2540=VERTEX_POINT('',#2539);
#2541=CARTESIAN_POINT('',(-0.139738499426667,0.019685039370079,-0.076771653543307));
#2542=DIRECTION('',(0.0,-1.0,0.0));
#2543=DIRECTION('',(0.849902691712379,0.0,0.526939668861676));
#2544=AXIS2_PLACEMENT_3D('',#2541,#2542,#2543);
#2545=CIRCLE('',#2544,0.015748031496063);
#2546=EDGE_CURVE('',#2540,#2532,#2545,.T.);
#2547=ORIENTED_EDGE('',*,*,#2546,.F.);
#2548=CARTESIAN_POINT('',(-0.134449202001132,0.019685039370079,-0.038354694617016));
#2549=VERTEX_POINT('',#2548);
#2550=CARTESIAN_POINT('',(-0.134449202001132,0.019685039370079,-0.038354694617016));
#2551=DIRECTION('',(-0.526939668861677,0.0,-0.849902691712378));
#2552=VECTOR('',#2551,0.035437817432781);
#2553=LINE('',#2550,#2552);
#2554=EDGE_CURVE('',#2549,#2540,#2553,.T.);
#2555=ORIENTED_EDGE('',*,*,#2554,.F.);
#2556=CARTESIAN_POINT('',(-0.133858267716535,0.019685039370079,-0.036280128991576));
#2557=VERTEX_POINT('',#2556);
#2558=CARTESIAN_POINT('',(-0.137795275590551,0.019685039370079,-0.036280128991576));
#2559=DIRECTION('',(0.0,1.0,0.0));
#2560=DIRECTION('',(1.0,0.0,0.0));
#2561=AXIS2_PLACEMENT_3D('',#2558,#2559,#2560);
#2562=CIRCLE('',#2561,0.003937007874016);
#2563=EDGE_CURVE('',#2557,#2549,#2562,.T.);
#2564=ORIENTED_EDGE('',*,*,#2563,.F.);
#2565=CARTESIAN_POINT('',(-0.133858267716535,0.019685039370079,0.019685039370079));
#2566=VERTEX_POINT('',#2565);
#2567=CARTESIAN_POINT('',(-0.133858267716535,0.019685039370079,0.019685039370079));
#2568=DIRECTION('',(0.0,0.0,-1.0));
#2569=VECTOR('',#2568,0.055965168361655);
#2570=LINE('',#2567,#2569);
#2571=EDGE_CURVE('',#2566,#2557,#2570,.T.);
#2572=ORIENTED_EDGE('',*,*,#2571,.F.);
#2573=CARTESIAN_POINT('',(-0.118110236220472,0.019685039370079,0.019685039370079));
#2574=DIRECTION('',(0.0,-1.0,0.0));
#2575=DIRECTION('',(1.0,0.0,0.0));
#2576=AXIS2_PLACEMENT_3D('',#2573,#2574,#2575);
#2577=CIRCLE('',#2576,0.015748031496063);
#2578=EDGE_CURVE('',#2447,#2566,#2577,.T.);
#2579=ORIENTED_EDGE('',*,*,#2578,.F.);
#2580=EDGE_LOOP('',(#2453,#2462,#2470,#2479,#2487,#2496,#2504,#2511,#2512,#2513,#2521,#2530,#2538,#2547,#2555,#2564,#2572,#2579));
#2581=FACE_OUTER_BOUND('',#2580,.T.);
#2582=ADVANCED_FACE('',(#2581),#2443,.T.);
#2583=CARTESIAN_POINT('',(-0.133858267716535,0.021653543307087,-0.151223455268476));
#2584=DIRECTION('',(-1.0,0.0,0.0));
#2585=DIRECTION('',(0.0,0.0,1.0));
#2586=AXIS2_PLACEMENT_3D('',#2583,#2584,#2585);
#2587=PLANE('',#2586);
#2588=ORIENTED_EDGE('',*,*,#2357,.T.);
#2589=ORIENTED_EDGE('',*,*,#2258,.T.);
#2590=CARTESIAN_POINT('',(-0.133858267716535,0.019685039370079,-0.117263178095038));
#2591=DIRECTION('',(0.0,-1.0,0.0));
#2592=VECTOR('',#2591,0.039370078740158);
#2593=LINE('',#2590,#2592);
#2594=EDGE_CURVE('',#2515,#2244,#2593,.T.);
#2595=ORIENTED_EDGE('',*,*,#2594,.F.);
#2596=ORIENTED_EDGE('',*,*,#2520,.T.);
#2597=ORIENTED_EDGE('',*,*,#2397,.T.);
#2598=CARTESIAN_POINT('',(-0.133858267716535,0.011811023622047,-0.149606299212598));
#2599=DIRECTION('',(0.0,-1.0,0.0));
#2600=VECTOR('',#2599,0.023622047244094);
#2601=LINE('',#2598,#2600);
#2602=EDGE_CURVE('',#2384,#2352,#2601,.T.);
#2603=ORIENTED_EDGE('',*,*,#2602,.T.);
#2604=EDGE_LOOP('',(#2588,#2589,#2595,#2596,#2597,#2603));
#2605=FACE_OUTER_BOUND('',#2604,.T.);
#2606=ADVANCED_FACE('',(#2605),#2587,.T.);
#2607=CARTESIAN_POINT('',(-0.118110236220472,-0.021653543307087,0.019685039370079));
#2608=DIRECTION('',(0.0,1.0,0.0));
#2609=DIRECTION('',(1.0,0.0,0.0));
#2610=AXIS2_PLACEMENT_3D('',#2607,#2608,#2609);
#2611=CYLINDRICAL_SURFACE('',#2610,0.015748031496063);
#2612=ORIENTED_EDGE('',*,*,#2578,.T.);
#2613=CARTESIAN_POINT('',(-0.133858267716535,0.019685039370079,0.019685039370079));
#2614=DIRECTION('',(0.0,-1.0,0.0));
#2615=VECTOR('',#2614,0.039370078740158);
#2616=LINE('',#2613,#2615);
#2617=EDGE_CURVE('',#2566,#2193,#2616,.T.);
#2618=ORIENTED_EDGE('',*,*,#2617,.T.);
#2619=ORIENTED_EDGE('',*,*,#2199,.T.);
#2620=CARTESIAN_POINT('',(-0.118110236220472,0.019685039370079,0.035433070866142));
#2621=DIRECTION('',(0.0,-1.0,0.0));
#2622=VECTOR('',#2621,0.039370078740158);
#2623=LINE('',#2620,#2622);
#2624=EDGE_CURVE('',#2447,#2183,#2623,.T.);
#2625=ORIENTED_EDGE('',*,*,#2624,.F.);
#2626=EDGE_LOOP('',(#2612,#2618,#2619,#2625));
#2627=FACE_OUTER_BOUND('',#2626,.T.);
#2628=ADVANCED_FACE('',(#2627),#2611,.T.);
#2629=CARTESIAN_POINT('',(-0.133858267716535,0.021653543307087,-0.039078387409659));
#2630=DIRECTION('',(-1.0,0.0,0.0));
#2631=DIRECTION('',(0.0,0.0,1.0));
#2632=AXIS2_PLACEMENT_3D('',#2629,#2630,#2631);
#2633=PLANE('',#2632);
#2634=ORIENTED_EDGE('',*,*,#2571,.T.);
#2635=CARTESIAN_POINT('',(-0.133858267716535,0.019685039370079,-0.036280128991576));
#2636=DIRECTION('',(0.0,-1.0,0.0));
#2637=VECTOR('',#2636,0.039370078740158);
#2638=LINE('',#2635,#2637);
#2639=EDGE_CURVE('',#2557,#2202,#2638,.T.);
#2640=ORIENTED_EDGE('',*,*,#2639,.T.);
#2641=ORIENTED_EDGE('',*,*,#2207,.T.);
#2642=ORIENTED_EDGE('',*,*,#2617,.F.);
#2643=EDGE_LOOP('',(#2634,#2640,#2641,#2642));
#2644=FACE_OUTER_BOUND('',#2643,.T.);
#2645=ADVANCED_FACE('',(#2644),#2633,.T.);
#2646=CARTESIAN_POINT('',(-0.137795275590551,-0.021653543307087,-0.036280128991576));
#2647=DIRECTION('',(0.0,1.0,0.0));
#2648=DIRECTION('',(-0.961743908666011,0.0,0.273950094257737));
#2649=AXIS2_PLACEMENT_3D('',#2646,#2647,#2648);
#2650=CYLINDRICAL_SURFACE('',#2649,0.003937007874016);
#2651=ORIENTED_EDGE('',*,*,#2563,.T.);
#2652=CARTESIAN_POINT('',(-0.134449202001132,0.019685039370079,-0.038354694617016));
#2653=DIRECTION('',(0.0,-1.0,0.0));
#2654=VECTOR('',#2653,0.039370078740158);
#2655=LINE('',#2652,#2654);
#2656=EDGE_CURVE('',#2549,#2210,#2655,.T.);
#2657=ORIENTED_EDGE('',*,*,#2656,.T.);
#2658=ORIENTED_EDGE('',*,*,#2216,.T.);
#2659=ORIENTED_EDGE('',*,*,#2639,.F.);
#2660=EDGE_LOOP('',(#2651,#2657,#2658,#2659));
#2661=FACE_OUTER_BOUND('',#2660,.T.);
#2662=ADVANCED_FACE('',(#2661),#2650,.F.);
#2663=CARTESIAN_POINT('',(-0.154056473373503,0.021653543307087,-0.069979325862775));
#2664=DIRECTION('',(-0.849902691712379,0.0,0.526939668861676));
#2665=DIRECTION('',(0.526939668861676,0.0,0.849902691712379));
#2666=AXIS2_PLACEMENT_3D('',#2663,#2664,#2665);
#2667=PLANE('',#2666);
#2668=ORIENTED_EDGE('',*,*,#2554,.T.);
#2669=CARTESIAN_POINT('',(-0.153122793784343,0.019685039370079,-0.068473391041548));
#2670=DIRECTION('',(0.0,-1.0,0.0));
#2671=VECTOR('',#2670,0.039370078740158);
#2672=LINE('',#2669,#2671);
#2673=EDGE_CURVE('',#2540,#2219,#2672,.T.);
#2674=ORIENTED_EDGE('',*,*,#2673,.T.);
#2675=ORIENTED_EDGE('',*,*,#2224,.T.);
#2676=ORIENTED_EDGE('',*,*,#2656,.F.);
#2677=EDGE_LOOP('',(#2668,#2674,#2675,#2676));
#2678=FACE_OUTER_BOUND('',#2677,.T.);
#2679=ADVANCED_FACE('',(#2678),#2667,.T.);
#2680=CARTESIAN_POINT('',(-0.139738499426667,-0.021653543307087,-0.076771653543307));
#2681=DIRECTION('',(0.0,1.0,0.0));
#2682=DIRECTION('',(0.849902691712379,0.0,0.526939668861676));
#2683=AXIS2_PLACEMENT_3D('',#2680,#2681,#2682);
#2684=CYLINDRICAL_SURFACE('',#2683,0.015748031496063);
#2685=ORIENTED_EDGE('',*,*,#2546,.T.);
#2686=CARTESIAN_POINT('',(-0.153122793784343,0.019685039370079,-0.085069916045066));
#2687=DIRECTION('',(0.0,-1.0,0.0));
#2688=VECTOR('',#2687,0.039370078740158);
#2689=LINE('',#2686,#2688);
#2690=EDGE_CURVE('',#2532,#2227,#2689,.T.);
#2691=ORIENTED_EDGE('',*,*,#2690,.T.);
#2692=ORIENTED_EDGE('',*,*,#2233,.T.);
#2693=ORIENTED_EDGE('',*,*,#2673,.F.);
#2694=EDGE_LOOP('',(#2685,#2691,#2692,#2693));
#2695=FACE_OUTER_BOUND('',#2694,.T.);
#2696=ADVANCED_FACE('',(#2695),#2684,.T.);
#2697=CARTESIAN_POINT('',(-0.133515522411972,0.021653543307087,-0.116694547290826));
#2698=DIRECTION('',(-0.849902691712379,0.0,-0.526939668861676));
#2699=DIRECTION('',(-0.526939668861676,0.0,0.849902691712379));
#2700=AXIS2_PLACEMENT_3D('',#2697,#2698,#2699);
#2701=PLANE('',#2700);
#2702=ORIENTED_EDGE('',*,*,#2537,.T.);
#2703=CARTESIAN_POINT('',(-0.134449202001132,0.019685039370079,-0.115188612469599));
#2704=DIRECTION('',(0.0,-1.0,0.0));
#2705=VECTOR('',#2704,0.039370078740158);
#2706=LINE('',#2703,#2705);
#2707=EDGE_CURVE('',#2523,#2236,#2706,.T.);
#2708=ORIENTED_EDGE('',*,*,#2707,.T.);
#2709=ORIENTED_EDGE('',*,*,#2241,.T.);
#2710=ORIENTED_EDGE('',*,*,#2690,.F.);
#2711=EDGE_LOOP('',(#2702,#2708,#2709,#2710));
#2712=FACE_OUTER_BOUND('',#2711,.T.);
#2713=ADVANCED_FACE('',(#2712),#2701,.T.);
#2714=CARTESIAN_POINT('',(-0.137795275590551,-0.021653543307087,-0.117263178095038));
#2715=DIRECTION('',(0.0,1.0,0.0));
#2716=DIRECTION('',(-0.961743908666018,0.0,-0.273950094257713));
#2717=AXIS2_PLACEMENT_3D('',#2714,#2715,#2716);
#2718=CYLINDRICAL_SURFACE('',#2717,0.003937007874016);
#2719=ORIENTED_EDGE('',*,*,#2529,.T.);
#2720=ORIENTED_EDGE('',*,*,#2594,.T.);
#2721=ORIENTED_EDGE('',*,*,#2250,.T.);
#2722=ORIENTED_EDGE('',*,*,#2707,.F.);
#2723=EDGE_LOOP('',(#2719,#2720,#2721,#2722));
#2724=FACE_OUTER_BOUND('',#2723,.T.);
#2725=ADVANCED_FACE('',(#2724),#2718,.F.);
#2726=CARTESIAN_POINT('',(-0.121456692913386,0.012992125984252,-0.149606299212598));
#2727=DIRECTION('',(0.0,0.0,-1.0));
#2728=DIRECTION('',(-1.0,0.0,0.0));
#2729=AXIS2_PLACEMENT_3D('',#2726,#2727,#2728);
#2730=PLANE('',#2729);
#2731=ORIENTED_EDGE('',*,*,#2363,.T.);
#2732=ORIENTED_EDGE('',*,*,#2602,.F.);
#2733=ORIENTED_EDGE('',*,*,#2389,.T.);
#2734=ORIENTED_EDGE('',*,*,#2418,.T.);
#2735=EDGE_LOOP('',(#2731,#2732,#2733,#2734));
#2736=FACE_OUTER_BOUND('',#2735,.T.);
#2737=ADVANCED_FACE('',(#2736),#2730,.T.);
#2738=CARTESIAN_POINT('',(-0.137795275590551,-0.021653543307087,-0.117263178095038));
#2739=DIRECTION('',(0.0,1.0,0.0));
#2740=DIRECTION('',(-0.849902691712379,0.0,-0.526939668861676));
#2741=AXIS2_PLACEMENT_3D('',#2738,#2739,#2740);
#2742=CYLINDRICAL_SURFACE('',#2741,0.015748031496063);
#2743=ORIENTED_EDGE('',*,*,#2510,.T.);
#2744=CARTESIAN_POINT('',(-0.124410981232876,0.019685039370079,-0.10896491559328));
#2745=DIRECTION('',(0.0,-1.0,0.0));
#2746=VECTOR('',#2745,0.039370078740158);
#2747=LINE('',#2744,#2746);
#2748=EDGE_CURVE('',#2498,#2277,#2747,.T.);
#2749=ORIENTED_EDGE('',*,*,#2748,.T.);
#2750=ORIENTED_EDGE('',*,*,#2283,.T.);
#2751=ORIENTED_EDGE('',*,*,#2433,.F.);
#2752=EDGE_LOOP('',(#2743,#2749,#2750,#2751));
#2753=FACE_OUTER_BOUND('',#2752,.T.);
#2754=ADVANCED_FACE('',(#2753),#2742,.T.);
#2755=CARTESIAN_POINT('',(-0.123477301643715,-0.021653543307087,-0.110470850414507));
#2756=DIRECTION('',(0.849902691712379,0.0,0.526939668861676));
#2757=DIRECTION('',(0.526939668861676,0.0,-0.849902691712379));
#2758=AXIS2_PLACEMENT_3D('',#2755,#2756,#2757);
#2759=PLANE('',#2758);
#2760=ORIENTED_EDGE('',*,*,#2503,.T.);
#2761=CARTESIAN_POINT('',(-0.143084573016086,0.019685039370079,-0.078846219168747));
#2762=DIRECTION('',(0.0,-1.0,0.0));
#2763=VECTOR('',#2762,0.039370078740158);
#2764=LINE('',#2761,#2763);
#2765=EDGE_CURVE('',#2489,#2286,#2764,.T.);
#2766=ORIENTED_EDGE('',*,*,#2765,.T.);
#2767=ORIENTED_EDGE('',*,*,#2291,.T.);
#2768=ORIENTED_EDGE('',*,*,#2748,.F.);
#2769=EDGE_LOOP('',(#2760,#2766,#2767,#2768));
#2770=FACE_OUTER_BOUND('',#2769,.T.);
#2771=ADVANCED_FACE('',(#2770),#2759,.T.);
#2772=CARTESIAN_POINT('',(-0.139738499426667,-0.021653543307087,-0.076771653543307));
#2773=DIRECTION('',(0.0,1.0,0.0));
#2774=DIRECTION('',(1.0,0.0,0.0));
#2775=AXIS2_PLACEMENT_3D('',#2772,#2773,#2774);
#2776=CYLINDRICAL_SURFACE('',#2775,0.003937007874016);
#2777=ORIENTED_EDGE('',*,*,#2495,.T.);
#2778=CARTESIAN_POINT('',(-0.143084573016086,0.019685039370079,-0.074697087917867));
#2779=DIRECTION('',(0.0,-1.0,0.0));
#2780=VECTOR('',#2779,0.039370078740158);
#2781=LINE('',#2778,#2780);
#2782=EDGE_CURVE('',#2481,#2294,#2781,.T.);
#2783=ORIENTED_EDGE('',*,*,#2782,.T.);
#2784=ORIENTED_EDGE('',*,*,#2300,.T.);
#2785=ORIENTED_EDGE('',*,*,#2765,.F.);
#2786=EDGE_LOOP('',(#2777,#2783,#2784,#2785));
#2787=FACE_OUTER_BOUND('',#2786,.T.);
#2788=ADVANCED_FACE('',(#2787),#2776,.F.);
#2789=CARTESIAN_POINT('',(-0.144018252605247,-0.021653543307087,-0.076203022739094));
#2790=DIRECTION('',(0.849902691712379,0.0,-0.526939668861676));
#2791=DIRECTION('',(-0.526939668861676,0.0,-0.849902691712379));
#2792=AXIS2_PLACEMENT_3D('',#2789,#2790,#2791);
#2793=PLANE('',#2792);
#2794=ORIENTED_EDGE('',*,*,#2486,.T.);
#2795=CARTESIAN_POINT('',(-0.124410981232876,0.019685039370079,-0.044578391493335));
#2796=DIRECTION('',(0.0,-1.0,0.0));
#2797=VECTOR('',#2796,0.039370078740158);
#2798=LINE('',#2795,#2797);
#2799=EDGE_CURVE('',#2472,#2303,#2798,.T.);
#2800=ORIENTED_EDGE('',*,*,#2799,.T.);
#2801=ORIENTED_EDGE('',*,*,#2308,.T.);
#2802=ORIENTED_EDGE('',*,*,#2782,.F.);
#2803=EDGE_LOOP('',(#2794,#2800,#2801,#2802));
#2804=FACE_OUTER_BOUND('',#2803,.T.);
#2805=ADVANCED_FACE('',(#2804),#2793,.T.);
#2806=CARTESIAN_POINT('',(-0.137795275590551,-0.021653543307087,-0.036280128991576));
#2807=DIRECTION('',(0.0,1.0,0.0));
#2808=DIRECTION('',(-1.0,0.0,0.0));
#2809=AXIS2_PLACEMENT_3D('',#2806,#2807,#2808);
#2810=CYLINDRICAL_SURFACE('',#2809,0.015748031496063);
#2811=ORIENTED_EDGE('',*,*,#2478,.T.);
#2812=CARTESIAN_POINT('',(-0.122047244094488,0.019685039370079,-0.036280128991576));
#2813=DIRECTION('',(0.0,-1.0,0.0));
#2814=VECTOR('',#2813,0.039370078740158);
#2815=LINE('',#2812,#2814);
#2816=EDGE_CURVE('',#2464,#2311,#2815,.T.);
#2817=ORIENTED_EDGE('',*,*,#2816,.T.);
#2818=ORIENTED_EDGE('',*,*,#2317,.T.);
#2819=ORIENTED_EDGE('',*,*,#2799,.F.);
#2820=EDGE_LOOP('',(#2811,#2817,#2818,#2819));
#2821=FACE_OUTER_BOUND('',#2820,.T.);
#2822=ADVANCED_FACE('',(#2821),#2810,.T.);
#2823=CARTESIAN_POINT('',(-0.122047244094488,-0.021653543307087,-0.039078387409659));
#2824=DIRECTION('',(1.0,0.0,0.0));
#2825=DIRECTION('',(0.0,0.0,-1.0));
#2826=AXIS2_PLACEMENT_3D('',#2823,#2824,#2825);
#2827=PLANE('',#2826);
#2828=ORIENTED_EDGE('',*,*,#2469,.T.);
#2829=CARTESIAN_POINT('',(-0.122047244094488,0.019685039370079,0.019685039370079));
#2830=DIRECTION('',(0.0,-1.0,0.0));
#2831=VECTOR('',#2830,0.039370078740158);
#2832=LINE('',#2829,#2831);
#2833=EDGE_CURVE('',#2455,#2320,#2832,.T.);
#2834=ORIENTED_EDGE('',*,*,#2833,.T.);
#2835=ORIENTED_EDGE('',*,*,#2325,.T.);
#2836=ORIENTED_EDGE('',*,*,#2816,.F.);
#2837=EDGE_LOOP('',(#2828,#2834,#2835,#2836));
#2838=FACE_OUTER_BOUND('',#2837,.T.);
#2839=ADVANCED_FACE('',(#2838),#2827,.T.);
#2840=CARTESIAN_POINT('',(-0.118110236220472,-0.021653543307087,0.019685039370079));
#2841=DIRECTION('',(0.0,1.0,0.0));
#2842=DIRECTION('',(0.707106781186547,0.0,-0.707106781186548));
#2843=AXIS2_PLACEMENT_3D('',#2840,#2841,#2842);
#2844=CYLINDRICAL_SURFACE('',#2843,0.003937007874016);
#2845=ORIENTED_EDGE('',*,*,#2461,.T.);
#2846=CARTESIAN_POINT('',(-0.118110236220472,-0.019685039370079,0.023622047244095));
#2847=DIRECTION('',(0.0,1.0,0.0));
#2848=VECTOR('',#2847,0.039370078740158);
#2849=LINE('',#2846,#2848);
#2850=EDGE_CURVE('',#2185,#2445,#2849,.T.);
#2851=ORIENTED_EDGE('',*,*,#2850,.F.);
#2852=ORIENTED_EDGE('',*,*,#2332,.T.);
#2853=ORIENTED_EDGE('',*,*,#2833,.F.);
#2854=EDGE_LOOP('',(#2845,#2851,#2852,#2853));
#2855=FACE_OUTER_BOUND('',#2854,.T.);
#2856=ADVANCED_FACE('',(#2855),#2844,.F.);
#2857=CARTESIAN_POINT('',(0.116242918144541,0.019685039370079,-0.134055118110236));
#2858=DIRECTION('',(0.0,-1.0,0.0));
#2859=DIRECTION('',(0.0,0.0,-1.0));
#2860=AXIS2_PLACEMENT_3D('',#2857,#2858,#2859);
#2861=PLANE('',#2860);
#2862=CARTESIAN_POINT('',(0.118110236220472,0.019685039370079,0.035433070866142));
#2863=VERTEX_POINT('',#2862);
#2864=CARTESIAN_POINT('',(0.118110236220472,0.019685039370079,0.023622047244094));
#2865=VERTEX_POINT('',#2864);
#2866=CARTESIAN_POINT('',(0.118110236220472,0.019685039370079,0.035433070866142));
#2867=DIRECTION('',(0.0,0.0,-1.0));
#2868=VECTOR('',#2867,0.011811023622048);
#2869=LINE('',#2866,#2868);
#2870=EDGE_CURVE('',#2863,#2865,#2869,.T.);
#2871=ORIENTED_EDGE('',*,*,#2870,.F.);
#2872=CARTESIAN_POINT('',(0.133858267716535,0.019685039370079,0.019685039370079));
#2873=VERTEX_POINT('',#2872);
#2874=CARTESIAN_POINT('',(0.118110236220472,0.019685039370079,0.019685039370079));
#2875=DIRECTION('',(0.0,-1.0,0.0));
#2876=DIRECTION('',(-1.0,0.0,0.0));
#2877=AXIS2_PLACEMENT_3D('',#2874,#2875,#2876);
#2878=CIRCLE('',#2877,0.015748031496063);
#2879=EDGE_CURVE('',#2873,#2863,#2878,.T.);
#2880=ORIENTED_EDGE('',*,*,#2879,.F.);
#2881=CARTESIAN_POINT('',(0.133858267716535,0.019685039370079,-0.036280128991576));
#2882=VERTEX_POINT('',#2881);
#2883=CARTESIAN_POINT('',(0.133858267716535,0.019685039370079,-0.036280128991576));
#2884=DIRECTION('',(0.0,0.0,1.0));
#2885=VECTOR('',#2884,0.055965168361655);
#2886=LINE('',#2883,#2885);
#2887=EDGE_CURVE('',#2882,#2873,#2886,.T.);
#2888=ORIENTED_EDGE('',*,*,#2887,.F.);
#2889=CARTESIAN_POINT('',(0.134449202001132,0.019685039370079,-0.038354694617016));
#2890=VERTEX_POINT('',#2889);
#2891=CARTESIAN_POINT('',(0.137795275590551,0.019685039370079,-0.036280128991576));
#2892=DIRECTION('',(0.0,1.0,0.0));
#2893=DIRECTION('',(-1.0,0.0,0.0));
#2894=AXIS2_PLACEMENT_3D('',#2891,#2892,#2893);
#2895=CIRCLE('',#2894,0.003937007874016);
#2896=EDGE_CURVE('',#2890,#2882,#2895,.T.);
#2897=ORIENTED_EDGE('',*,*,#2896,.F.);
#2898=CARTESIAN_POINT('',(0.153122793784343,0.019685039370079,-0.068473391041548));
#2899=VERTEX_POINT('',#2898);
#2900=CARTESIAN_POINT('',(0.153122793784343,0.019685039370079,-0.068473391041548));
#2901=DIRECTION('',(-0.526939668861677,0.0,0.849902691712378));
#2902=VECTOR('',#2901,0.035437817432781);
#2903=LINE('',#2900,#2902);
#2904=EDGE_CURVE('',#2899,#2890,#2903,.T.);
#2905=ORIENTED_EDGE('',*,*,#2904,.F.);
#2906=CARTESIAN_POINT('',(0.153122793784343,0.019685039370079,-0.085069916045066));
#2907=VERTEX_POINT('',#2906);
#2908=CARTESIAN_POINT('',(0.139738499426668,0.019685039370079,-0.076771653543307));
#2909=DIRECTION('',(0.0,-1.0,0.0));
#2910=DIRECTION('',(-0.849902691712379,0.0,0.526939668861676));
#2911=AXIS2_PLACEMENT_3D('',#2908,#2909,#2910);
#2912=CIRCLE('',#2911,0.015748031496063);
#2913=EDGE_CURVE('',#2907,#2899,#2912,.T.);
#2914=ORIENTED_EDGE('',*,*,#2913,.F.);
#2915=CARTESIAN_POINT('',(0.134449202001132,0.019685039370079,-0.115188612469598));
#2916=VERTEX_POINT('',#2915);
#2917=CARTESIAN_POINT('',(0.134449202001132,0.019685039370079,-0.115188612469598));
#2918=DIRECTION('',(0.526939668861676,0.0,0.849902691712379));
#2919=VECTOR('',#2918,0.035437817432781);
#2920=LINE('',#2917,#2919);
#2921=EDGE_CURVE('',#2916,#2907,#2920,.T.);
#2922=ORIENTED_EDGE('',*,*,#2921,.F.);
#2923=CARTESIAN_POINT('',(0.133858267716535,0.019685039370079,-0.117263178095038));
#2924=VERTEX_POINT('',#2923);
#2925=CARTESIAN_POINT('',(0.137795275590551,0.019685039370079,-0.117263178095038));
#2926=DIRECTION('',(0.0,1.0,0.0));
#2927=DIRECTION('',(-0.849902691712378,0.0,0.526939668861677));
#2928=AXIS2_PLACEMENT_3D('',#2925,#2926,#2927);
#2929=CIRCLE('',#2928,0.003937007874016);
#2930=EDGE_CURVE('',#2924,#2916,#2929,.T.);
#2931=ORIENTED_EDGE('',*,*,#2930,.F.);
#2932=CARTESIAN_POINT('',(0.133858267716535,0.019685039370079,-0.125984251968504));
#2933=VERTEX_POINT('',#2932);
#2934=CARTESIAN_POINT('',(0.133858267716535,0.019685039370079,-0.125984251968504));
#2935=DIRECTION('',(0.0,0.0,1.0));
#2936=VECTOR('',#2935,0.008721073873466);
#2937=LINE('',#2934,#2936);
#2938=EDGE_CURVE('',#2933,#2924,#2937,.T.);
#2939=ORIENTED_EDGE('',*,*,#2938,.F.);
#2940=CARTESIAN_POINT('',(0.122047244094488,0.019685039370079,-0.125984251968504));
#2941=VERTEX_POINT('',#2940);
#2942=CARTESIAN_POINT('',(0.133858267716535,0.019685039370079,-0.125984251968504));
#2943=DIRECTION('',(-1.0,0.0,0.0));
#2944=VECTOR('',#2943,0.011811023622047);
#2945=LINE('',#2942,#2944);
#2946=EDGE_CURVE('',#2933,#2941,#2945,.T.);
#2947=ORIENTED_EDGE('',*,*,#2946,.T.);
#2948=CARTESIAN_POINT('',(0.122047244094488,0.019685039370079,-0.117263178095038));
#2949=VERTEX_POINT('',#2948);
#2950=CARTESIAN_POINT('',(0.122047244094488,0.019685039370079,-0.117263178095038));
#2951=DIRECTION('',(0.0,0.0,-1.0));
#2952=VECTOR('',#2951,0.008721073873466);
#2953=LINE('',#2950,#2952);
#2954=EDGE_CURVE('',#2949,#2941,#2953,.T.);
#2955=ORIENTED_EDGE('',*,*,#2954,.F.);
#2956=CARTESIAN_POINT('',(0.124410981232876,0.019685039370079,-0.108964915593279));
#2957=VERTEX_POINT('',#2956);
#2958=CARTESIAN_POINT('',(0.137795275590551,0.019685039370079,-0.117263178095038));
#2959=DIRECTION('',(0.0,-1.0,0.0));
#2960=DIRECTION('',(0.849902691712379,0.0,-0.526939668861676));
#2961=AXIS2_PLACEMENT_3D('',#2958,#2959,#2960);
#2962=CIRCLE('',#2961,0.015748031496063);
#2963=EDGE_CURVE('',#2957,#2949,#2962,.T.);
#2964=ORIENTED_EDGE('',*,*,#2963,.F.);
#2965=CARTESIAN_POINT('',(0.143084573016086,0.019685039370079,-0.078846219168747));
#2966=VERTEX_POINT('',#2965);
#2967=CARTESIAN_POINT('',(0.143084573016086,0.019685039370079,-0.078846219168747));
#2968=DIRECTION('',(-0.526939668861676,0.0,-0.849902691712379));
#2969=VECTOR('',#2968,0.035437817432781);
#2970=LINE('',#2967,#2969);
#2971=EDGE_CURVE('',#2966,#2957,#2970,.T.);
#2972=ORIENTED_EDGE('',*,*,#2971,.F.);
#2973=CARTESIAN_POINT('',(0.143084573016086,0.019685039370079,-0.074697087917867));
#2974=VERTEX_POINT('',#2973);
#2975=CARTESIAN_POINT('',(0.139738499426668,0.019685039370079,-0.076771653543307));
#2976=DIRECTION('',(0.0,1.0,0.0));
#2977=DIRECTION('',(0.84990269171238,0.0,-0.526939668861675));
#2978=AXIS2_PLACEMENT_3D('',#2975,#2976,#2977);
#2979=CIRCLE('',#2978,0.003937007874016);
#2980=EDGE_CURVE('',#2974,#2966,#2979,.T.);
#2981=ORIENTED_EDGE('',*,*,#2980,.F.);
#2982=CARTESIAN_POINT('',(0.124410981232876,0.019685039370079,-0.044578391493335));
#2983=VERTEX_POINT('',#2982);
#2984=CARTESIAN_POINT('',(0.124410981232876,0.019685039370079,-0.044578391493335));
#2985=DIRECTION('',(0.526939668861676,0.0,-0.849902691712379));
#2986=VECTOR('',#2985,0.035437817432781);
#2987=LINE('',#2984,#2986);
#2988=EDGE_CURVE('',#2983,#2974,#2987,.T.);
#2989=ORIENTED_EDGE('',*,*,#2988,.F.);
#2990=CARTESIAN_POINT('',(0.122047244094488,0.019685039370079,-0.036280128991576));
#2991=VERTEX_POINT('',#2990);
#2992=CARTESIAN_POINT('',(0.137795275590551,0.019685039370079,-0.036280128991576));
#2993=DIRECTION('',(0.0,-1.0,0.0));
#2994=DIRECTION('',(1.0,0.0,0.0));
#2995=AXIS2_PLACEMENT_3D('',#2992,#2993,#2994);
#2996=CIRCLE('',#2995,0.015748031496063);
#2997=EDGE_CURVE('',#2991,#2983,#2996,.T.);
#2998=ORIENTED_EDGE('',*,*,#2997,.F.);
#2999=CARTESIAN_POINT('',(0.122047244094488,0.019685039370079,0.019685039370079));
#3000=VERTEX_POINT('',#2999);
#3001=CARTESIAN_POINT('',(0.122047244094488,0.019685039370079,0.019685039370079));
#3002=DIRECTION('',(0.0,0.0,-1.0));
#3003=VECTOR('',#3002,0.055965168361655);
#3004=LINE('',#3001,#3003);
#3005=EDGE_CURVE('',#3000,#2991,#3004,.T.);
#3006=ORIENTED_EDGE('',*,*,#3005,.F.);
#3007=CARTESIAN_POINT('',(0.118110236220472,0.019685039370079,0.019685039370079));
#3008=DIRECTION('',(0.0,1.0,0.0));
#3009=DIRECTION('',(1.0,0.0,0.0));
#3010=AXIS2_PLACEMENT_3D('',#3007,#3008,#3009);
#3011=CIRCLE('',#3010,0.003937007874016);
#3012=EDGE_CURVE('',#2865,#3000,#3011,.T.);
#3013=ORIENTED_EDGE('',*,*,#3012,.F.);
#3014=EDGE_LOOP('',(#2871,#2880,#2888,#2897,#2905,#2914,#2922,#2931,#2939,#2947,#2955,#2964,#2972,#2981,#2989,#2998,#3006,#3013));
#3015=FACE_OUTER_BOUND('',#3014,.T.);
#3016=ADVANCED_FACE('',(#3015),#2861,.F.);
#3017=CARTESIAN_POINT('',(0.121456692913386,0.011417322834646,-0.150787401574803));
#3018=DIRECTION('',(0.0,-0.948683298050514,0.316227766016838));
#3019=DIRECTION('',(0.0,-0.316227766016838,-0.948683298050514));
#3020=AXIS2_PLACEMENT_3D('',#3017,#3018,#3019);
#3021=PLANE('',#3020);
#3022=CARTESIAN_POINT('',(0.122047244094488,0.011811023622047,-0.149606299212598));
#3023=VERTEX_POINT('',#3022);
#3024=CARTESIAN_POINT('',(0.122047244094488,0.019685039370079,-0.125984251968504));
#3025=DIRECTION('',(0.0,-0.316227766016838,-0.948683298050514));
#3026=VECTOR('',#3025,0.024899824095814);
#3027=LINE('',#3024,#3026);
#3028=EDGE_CURVE('',#2941,#3023,#3027,.T.);
#3029=ORIENTED_EDGE('',*,*,#3028,.F.);
#3030=ORIENTED_EDGE('',*,*,#2946,.F.);
#3031=CARTESIAN_POINT('',(0.133858267716535,0.011811023622047,-0.149606299212598));
#3032=VERTEX_POINT('',#3031);
#3033=CARTESIAN_POINT('',(0.133858267716535,0.011811023622047,-0.149606299212598));
#3034=DIRECTION('',(0.0,0.316227766016838,0.948683298050514));
#3035=VECTOR('',#3034,0.024899824095814);
#3036=LINE('',#3033,#3035);
#3037=EDGE_CURVE('',#3032,#2933,#3036,.T.);
#3038=ORIENTED_EDGE('',*,*,#3037,.F.);
#3039=CARTESIAN_POINT('',(0.122047244094488,0.011811023622047,-0.149606299212598));
#3040=DIRECTION('',(1.0,0.0,0.0));
#3041=VECTOR('',#3040,0.011811023622047);
#3042=LINE('',#3039,#3041);
#3043=EDGE_CURVE('',#3023,#3032,#3042,.T.);
#3044=ORIENTED_EDGE('',*,*,#3043,.F.);
#3045=EDGE_LOOP('',(#3029,#3030,#3038,#3044));
#3046=FACE_OUTER_BOUND('',#3045,.T.);
#3047=ADVANCED_FACE('',(#3046),#3021,.F.);
#3048=CARTESIAN_POINT('',(0.134448818897637,-0.011417322834645,-0.150787401574803));
#3049=DIRECTION('',(0.0,0.948683298050514,0.316227766016838));
#3050=DIRECTION('',(0.0,-0.316227766016838,0.948683298050514));
#3051=AXIS2_PLACEMENT_3D('',#3048,#3049,#3050);
#3052=PLANE('',#3051);
#3053=CARTESIAN_POINT('',(0.122047244094488,-0.011811023622047,-0.149606299212598));
#3054=VERTEX_POINT('',#3053);
#3055=CARTESIAN_POINT('',(0.122047244094488,-0.019685039370079,-0.125984251968504));
#3056=VERTEX_POINT('',#3055);
#3057=CARTESIAN_POINT('',(0.122047244094488,-0.011811023622047,-0.149606299212598));
#3058=DIRECTION('',(0.0,-0.316227766016838,0.948683298050514));
#3059=VECTOR('',#3058,0.024899824095814);
#3060=LINE('',#3057,#3059);
#3061=EDGE_CURVE('',#3054,#3056,#3060,.T.);
#3062=ORIENTED_EDGE('',*,*,#3061,.F.);
#3063=CARTESIAN_POINT('',(0.133858267716535,-0.011811023622047,-0.149606299212598));
#3064=VERTEX_POINT('',#3063);
#3065=CARTESIAN_POINT('',(0.133858267716535,-0.011811023622047,-0.149606299212598));
#3066=DIRECTION('',(-1.0,0.0,0.0));
#3067=VECTOR('',#3066,0.011811023622047);
#3068=LINE('',#3065,#3067);
#3069=EDGE_CURVE('',#3064,#3054,#3068,.T.);
#3070=ORIENTED_EDGE('',*,*,#3069,.F.);
#3071=CARTESIAN_POINT('',(0.133858267716535,-0.019685039370079,-0.125984251968504));
#3072=VERTEX_POINT('',#3071);
#3073=CARTESIAN_POINT('',(0.133858267716535,-0.019685039370079,-0.125984251968504));
#3074=DIRECTION('',(0.0,0.316227766016838,-0.948683298050514));
#3075=VECTOR('',#3074,0.024899824095814);
#3076=LINE('',#3073,#3075);
#3077=EDGE_CURVE('',#3072,#3064,#3076,.T.);
#3078=ORIENTED_EDGE('',*,*,#3077,.F.);
#3079=CARTESIAN_POINT('',(0.122047244094488,-0.019685039370079,-0.125984251968504));
#3080=DIRECTION('',(1.0,0.0,0.0));
#3081=VECTOR('',#3080,0.011811023622047);
#3082=LINE('',#3079,#3081);
#3083=EDGE_CURVE('',#3056,#3072,#3082,.T.);
#3084=ORIENTED_EDGE('',*,*,#3083,.F.);
#3085=EDGE_LOOP('',(#3062,#3070,#3078,#3084));
#3086=FACE_OUTER_BOUND('',#3085,.T.);
#3087=ADVANCED_FACE('',(#3086),#3052,.F.);
#3088=CARTESIAN_POINT('',(0.122047244094488,0.021653543307087,-0.151223455268476));
#3089=DIRECTION('',(-1.0,0.0,0.0));
#3090=DIRECTION('',(0.0,0.0,1.0));
#3091=AXIS2_PLACEMENT_3D('',#3088,#3089,#3090);
#3092=PLANE('',#3091);
#3093=ORIENTED_EDGE('',*,*,#3028,.T.);
#3094=CARTESIAN_POINT('',(0.122047244094488,-0.011811023622047,-0.149606299212598));
#3095=DIRECTION('',(0.0,1.0,0.0));
#3096=VECTOR('',#3095,0.023622047244094);
#3097=LINE('',#3094,#3096);
#3098=EDGE_CURVE('',#3054,#3023,#3097,.T.);
#3099=ORIENTED_EDGE('',*,*,#3098,.F.);
#3100=ORIENTED_EDGE('',*,*,#3061,.T.);
#3101=CARTESIAN_POINT('',(0.122047244094488,-0.019685039370079,-0.117263178095038));
#3102=VERTEX_POINT('',#3101);
#3103=CARTESIAN_POINT('',(0.122047244094488,-0.019685039370079,-0.125984251968504));
#3104=DIRECTION('',(0.0,0.0,1.0));
#3105=VECTOR('',#3104,0.008721073873466);
#3106=LINE('',#3103,#3105);
#3107=EDGE_CURVE('',#3056,#3102,#3106,.T.);
#3108=ORIENTED_EDGE('',*,*,#3107,.T.);
#3109=CARTESIAN_POINT('',(0.122047244094488,-0.019685039370079,-0.117263178095038));
#3110=DIRECTION('',(0.0,1.0,0.0));
#3111=VECTOR('',#3110,0.039370078740158);
#3112=LINE('',#3109,#3111);
#3113=EDGE_CURVE('',#3102,#2949,#3112,.T.);
#3114=ORIENTED_EDGE('',*,*,#3113,.T.);
#3115=ORIENTED_EDGE('',*,*,#2954,.T.);
#3116=EDGE_LOOP('',(#3093,#3099,#3100,#3108,#3114,#3115));
#3117=FACE_OUTER_BOUND('',#3116,.T.);
#3118=ADVANCED_FACE('',(#3117),#3092,.T.);
#3119=CARTESIAN_POINT('',(0.116242918144541,-0.019685039370079,-0.134055118110236));
#3120=DIRECTION('',(0.0,-1.0,0.0));
#3121=DIRECTION('',(0.0,0.0,-1.0));
#3122=AXIS2_PLACEMENT_3D('',#3119,#3120,#3121);
#3123=PLANE('',#3122);
#3124=CARTESIAN_POINT('',(0.118110236220472,-0.019685039370079,0.023622047244095));
#3125=VERTEX_POINT('',#3124);
#3126=CARTESIAN_POINT('',(0.118110236220472,-0.019685039370079,0.035433070866142));
#3127=VERTEX_POINT('',#3126);
#3128=CARTESIAN_POINT('',(0.118110236220472,-0.019685039370079,0.023622047244095));
#3129=DIRECTION('',(0.0,0.0,1.0));
#3130=VECTOR('',#3129,0.011811023622047);
#3131=LINE('',#3128,#3130);
#3132=EDGE_CURVE('',#3125,#3127,#3131,.T.);
#3133=ORIENTED_EDGE('',*,*,#3132,.F.);
#3134=CARTESIAN_POINT('',(0.122047244094488,-0.019685039370079,0.019685039370079));
#3135=VERTEX_POINT('',#3134);
#3136=CARTESIAN_POINT('',(0.118110236220472,-0.019685039370079,0.019685039370079));
#3137=DIRECTION('',(0.0,-1.0,0.0));
#3138=DIRECTION('',(1.0,0.0,0.0));
#3139=AXIS2_PLACEMENT_3D('',#3136,#3137,#3138);
#3140=CIRCLE('',#3139,0.003937007874016);
#3141=EDGE_CURVE('',#3135,#3125,#3140,.T.);
#3142=ORIENTED_EDGE('',*,*,#3141,.F.);
#3143=CARTESIAN_POINT('',(0.122047244094488,-0.019685039370079,-0.036280128991576));
#3144=VERTEX_POINT('',#3143);
#3145=CARTESIAN_POINT('',(0.122047244094488,-0.019685039370079,-0.036280128991576));
#3146=DIRECTION('',(0.0,0.0,1.0));
#3147=VECTOR('',#3146,0.055965168361655);
#3148=LINE('',#3145,#3147);
#3149=EDGE_CURVE('',#3144,#3135,#3148,.T.);
#3150=ORIENTED_EDGE('',*,*,#3149,.F.);
#3151=CARTESIAN_POINT('',(0.124410981232876,-0.019685039370079,-0.044578391493335));
#3152=VERTEX_POINT('',#3151);
#3153=CARTESIAN_POINT('',(0.137795275590551,-0.019685039370079,-0.036280128991576));
#3154=DIRECTION('',(0.0,1.0,0.0));
#3155=DIRECTION('',(1.0,0.0,0.0));
#3156=AXIS2_PLACEMENT_3D('',#3153,#3154,#3155);
#3157=CIRCLE('',#3156,0.015748031496063);
#3158=EDGE_CURVE('',#3152,#3144,#3157,.T.);
#3159=ORIENTED_EDGE('',*,*,#3158,.F.);
#3160=CARTESIAN_POINT('',(0.143084573016086,-0.019685039370079,-0.074697087917867));
#3161=VERTEX_POINT('',#3160);
#3162=CARTESIAN_POINT('',(0.143084573016086,-0.019685039370079,-0.074697087917867));
#3163=DIRECTION('',(-0.526939668861676,0.0,0.849902691712379));
#3164=VECTOR('',#3163,0.035437817432781);
#3165=LINE('',#3162,#3164);
#3166=EDGE_CURVE('',#3161,#3152,#3165,.T.);
#3167=ORIENTED_EDGE('',*,*,#3166,.F.);
#3168=CARTESIAN_POINT('',(0.143084573016086,-0.019685039370079,-0.078846219168747));
#3169=VERTEX_POINT('',#3168);
#3170=CARTESIAN_POINT('',(0.139738499426668,-0.019685039370079,-0.076771653543307));
#3171=DIRECTION('',(0.0,-1.0,0.0));
#3172=DIRECTION('',(0.84990269171238,0.0,-0.526939668861675));
#3173=AXIS2_PLACEMENT_3D('',#3170,#3171,#3172);
#3174=CIRCLE('',#3173,0.003937007874016);
#3175=EDGE_CURVE('',#3169,#3161,#3174,.T.);
#3176=ORIENTED_EDGE('',*,*,#3175,.F.);
#3177=CARTESIAN_POINT('',(0.124410981232876,-0.019685039370079,-0.108964915593279));
#3178=VERTEX_POINT('',#3177);
#3179=CARTESIAN_POINT('',(0.124410981232876,-0.019685039370079,-0.108964915593279));
#3180=DIRECTION('',(0.526939668861677,0.0,0.849902691712379));
#3181=VECTOR('',#3180,0.035437817432781);
#3182=LINE('',#3179,#3181);
#3183=EDGE_CURVE('',#3178,#3169,#3182,.T.);
#3184=ORIENTED_EDGE('',*,*,#3183,.F.);
#3185=CARTESIAN_POINT('',(0.137795275590551,-0.019685039370079,-0.117263178095038));
#3186=DIRECTION('',(0.0,1.0,0.0));
#3187=DIRECTION('',(0.849902691712379,0.0,-0.526939668861676));
#3188=AXIS2_PLACEMENT_3D('',#3185,#3186,#3187);
#3189=CIRCLE('',#3188,0.015748031496063);
#3190=EDGE_CURVE('',#3102,#3178,#3189,.T.);
#3191=ORIENTED_EDGE('',*,*,#3190,.F.);
#3192=ORIENTED_EDGE('',*,*,#3107,.F.);
#3193=ORIENTED_EDGE('',*,*,#3083,.T.);
#3194=CARTESIAN_POINT('',(0.133858267716535,-0.019685039370079,-0.117263178095038));
#3195=VERTEX_POINT('',#3194);
#3196=CARTESIAN_POINT('',(0.133858267716535,-0.019685039370079,-0.117263178095038));
#3197=DIRECTION('',(0.0,0.0,-1.0));
#3198=VECTOR('',#3197,0.008721073873466);
#3199=LINE('',#3196,#3198);
#3200=EDGE_CURVE('',#3195,#3072,#3199,.T.);
#3201=ORIENTED_EDGE('',*,*,#3200,.F.);
#3202=CARTESIAN_POINT('',(0.134449202001132,-0.019685039370079,-0.115188612469598));
#3203=VERTEX_POINT('',#3202);
#3204=CARTESIAN_POINT('',(0.137795275590551,-0.019685039370079,-0.117263178095038));
#3205=DIRECTION('',(0.0,-1.0,0.0));
#3206=DIRECTION('',(-0.849902691712378,0.0,0.526939668861677));
#3207=AXIS2_PLACEMENT_3D('',#3204,#3205,#3206);
#3208=CIRCLE('',#3207,0.003937007874016);
#3209=EDGE_CURVE('',#3203,#3195,#3208,.T.);
#3210=ORIENTED_EDGE('',*,*,#3209,.F.);
#3211=CARTESIAN_POINT('',(0.153122793784343,-0.019685039370079,-0.085069916045066));
#3212=VERTEX_POINT('',#3211);
#3213=CARTESIAN_POINT('',(0.153122793784343,-0.019685039370079,-0.085069916045066));
#3214=DIRECTION('',(-0.526939668861677,0.0,-0.849902691712379));
#3215=VECTOR('',#3214,0.035437817432781);
#3216=LINE('',#3213,#3215);
#3217=EDGE_CURVE('',#3212,#3203,#3216,.T.);
#3218=ORIENTED_EDGE('',*,*,#3217,.F.);
#3219=CARTESIAN_POINT('',(0.153122793784343,-0.019685039370079,-0.068473391041548));
#3220=VERTEX_POINT('',#3219);
#3221=CARTESIAN_POINT('',(0.139738499426668,-0.019685039370079,-0.076771653543307));
#3222=DIRECTION('',(0.0,1.0,0.0));
#3223=DIRECTION('',(-0.849902691712379,0.0,0.526939668861676));
#3224=AXIS2_PLACEMENT_3D('',#3221,#3222,#3223);
#3225=CIRCLE('',#3224,0.015748031496063);
#3226=EDGE_CURVE('',#3220,#3212,#3225,.T.);
#3227=ORIENTED_EDGE('',*,*,#3226,.F.);
#3228=CARTESIAN_POINT('',(0.134449202001132,-0.019685039370079,-0.038354694617016));
#3229=VERTEX_POINT('',#3228);
#3230=CARTESIAN_POINT('',(0.134449202001132,-0.019685039370079,-0.038354694617016));
#3231=DIRECTION('',(0.526939668861677,0.0,-0.849902691712378));
#3232=VECTOR('',#3231,0.035437817432781);
#3233=LINE('',#3230,#3232);
#3234=EDGE_CURVE('',#3229,#3220,#3233,.T.);
#3235=ORIENTED_EDGE('',*,*,#3234,.F.);
#3236=CARTESIAN_POINT('',(0.133858267716535,-0.019685039370079,-0.036280128991576));
#3237=VERTEX_POINT('',#3236);
#3238=CARTESIAN_POINT('',(0.137795275590551,-0.019685039370079,-0.036280128991576));
#3239=DIRECTION('',(0.0,-1.0,0.0));
#3240=DIRECTION('',(-1.0,0.0,0.0));
#3241=AXIS2_PLACEMENT_3D('',#3238,#3239,#3240);
#3242=CIRCLE('',#3241,0.003937007874016);
#3243=EDGE_CURVE('',#3237,#3229,#3242,.T.);
#3244=ORIENTED_EDGE('',*,*,#3243,.F.);
#3245=CARTESIAN_POINT('',(0.133858267716535,-0.019685039370079,0.019685039370079));
#3246=VERTEX_POINT('',#3245);
#3247=CARTESIAN_POINT('',(0.133858267716535,-0.019685039370079,0.019685039370079));
#3248=DIRECTION('',(0.0,0.0,-1.0));
#3249=VECTOR('',#3248,0.055965168361655);
#3250=LINE('',#3247,#3249);
#3251=EDGE_CURVE('',#3246,#3237,#3250,.T.);
#3252=ORIENTED_EDGE('',*,*,#3251,.F.);
#3253=CARTESIAN_POINT('',(0.118110236220472,-0.019685039370079,0.019685039370079));
#3254=DIRECTION('',(0.0,1.0,0.0));
#3255=DIRECTION('',(-1.0,0.0,0.0));
#3256=AXIS2_PLACEMENT_3D('',#3253,#3254,#3255);
#3257=CIRCLE('',#3256,0.015748031496063);
#3258=EDGE_CURVE('',#3127,#3246,#3257,.T.);
#3259=ORIENTED_EDGE('',*,*,#3258,.F.);
#3260=EDGE_LOOP('',(#3133,#3142,#3150,#3159,#3167,#3176,#3184,#3191,#3192,#3193,#3201,#3210,#3218,#3227,#3235,#3244,#3252,#3259));
#3261=FACE_OUTER_BOUND('',#3260,.T.);
#3262=ADVANCED_FACE('',(#3261),#3123,.T.);
#3263=CARTESIAN_POINT('',(0.133858267716535,-0.021653543307087,-0.151223455268476));
#3264=DIRECTION('',(1.0,0.0,0.0));
#3265=DIRECTION('',(0.0,0.0,-1.0));
#3266=AXIS2_PLACEMENT_3D('',#3263,#3264,#3265);
#3267=PLANE('',#3266);
#3268=ORIENTED_EDGE('',*,*,#3037,.T.);
#3269=ORIENTED_EDGE('',*,*,#2938,.T.);
#3270=CARTESIAN_POINT('',(0.133858267716535,-0.019685039370079,-0.117263178095038));
#3271=DIRECTION('',(0.0,1.0,0.0));
#3272=VECTOR('',#3271,0.039370078740158);
#3273=LINE('',#3270,#3272);
#3274=EDGE_CURVE('',#3195,#2924,#3273,.T.);
#3275=ORIENTED_EDGE('',*,*,#3274,.F.);
#3276=ORIENTED_EDGE('',*,*,#3200,.T.);
#3277=ORIENTED_EDGE('',*,*,#3077,.T.);
#3278=CARTESIAN_POINT('',(0.133858267716535,-0.011811023622047,-0.149606299212598));
#3279=DIRECTION('',(0.0,1.0,0.0));
#3280=VECTOR('',#3279,0.023622047244094);
#3281=LINE('',#3278,#3280);
#3282=EDGE_CURVE('',#3064,#3032,#3281,.T.);
#3283=ORIENTED_EDGE('',*,*,#3282,.T.);
#3284=EDGE_LOOP('',(#3268,#3269,#3275,#3276,#3277,#3283));
#3285=FACE_OUTER_BOUND('',#3284,.T.);
#3286=ADVANCED_FACE('',(#3285),#3267,.T.);
#3287=CARTESIAN_POINT('',(0.118110236220472,0.021653543307087,0.019685039370079));
#3288=DIRECTION('',(0.0,-1.0,0.0));
#3289=DIRECTION('',(-1.0,0.0,0.0));
#3290=AXIS2_PLACEMENT_3D('',#3287,#3288,#3289);
#3291=CYLINDRICAL_SURFACE('',#3290,0.015748031496063);
#3292=ORIENTED_EDGE('',*,*,#3258,.T.);
#3293=CARTESIAN_POINT('',(0.133858267716535,-0.019685039370079,0.019685039370079));
#3294=DIRECTION('',(0.0,1.0,0.0));
#3295=VECTOR('',#3294,0.039370078740158);
#3296=LINE('',#3293,#3295);
#3297=EDGE_CURVE('',#3246,#2873,#3296,.T.);
#3298=ORIENTED_EDGE('',*,*,#3297,.T.);
#3299=ORIENTED_EDGE('',*,*,#2879,.T.);
#3300=CARTESIAN_POINT('',(0.118110236220472,-0.019685039370079,0.035433070866142));
#3301=DIRECTION('',(0.0,1.0,0.0));
#3302=VECTOR('',#3301,0.039370078740158);
#3303=LINE('',#3300,#3302);
#3304=EDGE_CURVE('',#3127,#2863,#3303,.T.);
#3305=ORIENTED_EDGE('',*,*,#3304,.F.);
#3306=EDGE_LOOP('',(#3292,#3298,#3299,#3305));
#3307=FACE_OUTER_BOUND('',#3306,.T.);
#3308=ADVANCED_FACE('',(#3307),#3291,.T.);
#3309=CARTESIAN_POINT('',(0.133858267716535,-0.021653543307087,-0.039078387409659));
#3310=DIRECTION('',(1.0,0.0,0.0));
#3311=DIRECTION('',(0.0,0.0,-1.0));
#3312=AXIS2_PLACEMENT_3D('',#3309,#3310,#3311);
#3313=PLANE('',#3312);
#3314=ORIENTED_EDGE('',*,*,#3251,.T.);
#3315=CARTESIAN_POINT('',(0.133858267716535,-0.019685039370079,-0.036280128991576));
#3316=DIRECTION('',(0.0,1.0,0.0));
#3317=VECTOR('',#3316,0.039370078740158);
#3318=LINE('',#3315,#3317);
#3319=EDGE_CURVE('',#3237,#2882,#3318,.T.);
#3320=ORIENTED_EDGE('',*,*,#3319,.T.);
#3321=ORIENTED_EDGE('',*,*,#2887,.T.);
#3322=ORIENTED_EDGE('',*,*,#3297,.F.);
#3323=EDGE_LOOP('',(#3314,#3320,#3321,#3322));
#3324=FACE_OUTER_BOUND('',#3323,.T.);
#3325=ADVANCED_FACE('',(#3324),#3313,.T.);
#3326=CARTESIAN_POINT('',(0.137795275590551,0.021653543307087,-0.036280128991576));
#3327=DIRECTION('',(0.0,-1.0,0.0));
#3328=DIRECTION('',(0.961743908666011,0.0,0.273950094257737));
#3329=AXIS2_PLACEMENT_3D('',#3326,#3327,#3328);
#3330=CYLINDRICAL_SURFACE('',#3329,0.003937007874016);
#3331=ORIENTED_EDGE('',*,*,#3243,.T.);
#3332=CARTESIAN_POINT('',(0.134449202001132,-0.019685039370079,-0.038354694617016));
#3333=DIRECTION('',(0.0,1.0,0.0));
#3334=VECTOR('',#3333,0.039370078740158);
#3335=LINE('',#3332,#3334);
#3336=EDGE_CURVE('',#3229,#2890,#3335,.T.);
#3337=ORIENTED_EDGE('',*,*,#3336,.T.);
#3338=ORIENTED_EDGE('',*,*,#2896,.T.);
#3339=ORIENTED_EDGE('',*,*,#3319,.F.);
#3340=EDGE_LOOP('',(#3331,#3337,#3338,#3339));
#3341=FACE_OUTER_BOUND('',#3340,.T.);
#3342=ADVANCED_FACE('',(#3341),#3330,.F.);
#3343=CARTESIAN_POINT('',(0.154056473373503,-0.021653543307087,-0.069979325862775));
#3344=DIRECTION('',(0.849902691712379,0.0,0.526939668861676));
#3345=DIRECTION('',(0.526939668861676,0.0,-0.849902691712379));
#3346=AXIS2_PLACEMENT_3D('',#3343,#3344,#3345);
#3347=PLANE('',#3346);
#3348=ORIENTED_EDGE('',*,*,#3234,.T.);
#3349=CARTESIAN_POINT('',(0.153122793784343,-0.019685039370079,-0.068473391041548));
#3350=DIRECTION('',(0.0,1.0,0.0));
#3351=VECTOR('',#3350,0.039370078740158);
#3352=LINE('',#3349,#3351);
#3353=EDGE_CURVE('',#3220,#2899,#3352,.T.);
#3354=ORIENTED_EDGE('',*,*,#3353,.T.);
#3355=ORIENTED_EDGE('',*,*,#2904,.T.);
#3356=ORIENTED_EDGE('',*,*,#3336,.F.);
#3357=EDGE_LOOP('',(#3348,#3354,#3355,#3356));
#3358=FACE_OUTER_BOUND('',#3357,.T.);
#3359=ADVANCED_FACE('',(#3358),#3347,.T.);
#3360=CARTESIAN_POINT('',(0.139738499426668,0.021653543307087,-0.076771653543307));
#3361=DIRECTION('',(0.0,-1.0,0.0));
#3362=DIRECTION('',(-0.849902691712379,0.0,0.526939668861676));
#3363=AXIS2_PLACEMENT_3D('',#3360,#3361,#3362);
#3364=CYLINDRICAL_SURFACE('',#3363,0.015748031496063);
#3365=ORIENTED_EDGE('',*,*,#3226,.T.);
#3366=CARTESIAN_POINT('',(0.153122793784343,-0.019685039370079,-0.085069916045066));
#3367=DIRECTION('',(0.0,1.0,0.0));
#3368=VECTOR('',#3367,0.039370078740158);
#3369=LINE('',#3366,#3368);
#3370=EDGE_CURVE('',#3212,#2907,#3369,.T.);
#3371=ORIENTED_EDGE('',*,*,#3370,.T.);
#3372=ORIENTED_EDGE('',*,*,#2913,.T.);
#3373=ORIENTED_EDGE('',*,*,#3353,.F.);
#3374=EDGE_LOOP('',(#3365,#3371,#3372,#3373));
#3375=FACE_OUTER_BOUND('',#3374,.T.);
#3376=ADVANCED_FACE('',(#3375),#3364,.T.);
#3377=CARTESIAN_POINT('',(0.133515522411972,-0.021653543307087,-0.116694547290825));
#3378=DIRECTION('',(0.849902691712379,0.0,-0.526939668861676));
#3379=DIRECTION('',(-0.526939668861676,0.0,-0.849902691712379));
#3380=AXIS2_PLACEMENT_3D('',#3377,#3378,#3379);
#3381=PLANE('',#3380);
#3382=ORIENTED_EDGE('',*,*,#3217,.T.);
#3383=CARTESIAN_POINT('',(0.134449202001132,-0.019685039370079,-0.115188612469598));
#3384=DIRECTION('',(0.0,1.0,0.0));
#3385=VECTOR('',#3384,0.039370078740158);
#3386=LINE('',#3383,#3385);
#3387=EDGE_CURVE('',#3203,#2916,#3386,.T.);
#3388=ORIENTED_EDGE('',*,*,#3387,.T.);
#3389=ORIENTED_EDGE('',*,*,#2921,.T.);
#3390=ORIENTED_EDGE('',*,*,#3370,.F.);
#3391=EDGE_LOOP('',(#3382,#3388,#3389,#3390));
#3392=FACE_OUTER_BOUND('',#3391,.T.);
#3393=ADVANCED_FACE('',(#3392),#3381,.T.);
#3394=CARTESIAN_POINT('',(0.137795275590551,0.021653543307087,-0.117263178095038));
#3395=DIRECTION('',(0.0,-1.0,0.0));
#3396=DIRECTION('',(0.961743908666018,0.0,-0.273950094257713));
#3397=AXIS2_PLACEMENT_3D('',#3394,#3395,#3396);
#3398=CYLINDRICAL_SURFACE('',#3397,0.003937007874016);
#3399=ORIENTED_EDGE('',*,*,#3209,.T.);
#3400=ORIENTED_EDGE('',*,*,#3274,.T.);
#3401=ORIENTED_EDGE('',*,*,#2930,.T.);
#3402=ORIENTED_EDGE('',*,*,#3387,.F.);
#3403=EDGE_LOOP('',(#3399,#3400,#3401,#3402));
#3404=FACE_OUTER_BOUND('',#3403,.T.);
#3405=ADVANCED_FACE('',(#3404),#3398,.F.);
#3406=CARTESIAN_POINT('',(0.121456692913386,-0.012992125984252,-0.149606299212598));
#3407=DIRECTION('',(0.0,0.0,-1.0));
#3408=DIRECTION('',(-1.0,0.0,0.0));
#3409=AXIS2_PLACEMENT_3D('',#3406,#3407,#3408);
#3410=PLANE('',#3409);
#3411=ORIENTED_EDGE('',*,*,#3043,.T.);
#3412=ORIENTED_EDGE('',*,*,#3282,.F.);
#3413=ORIENTED_EDGE('',*,*,#3069,.T.);
#3414=ORIENTED_EDGE('',*,*,#3098,.T.);
#3415=EDGE_LOOP('',(#3411,#3412,#3413,#3414));
#3416=FACE_OUTER_BOUND('',#3415,.T.);
#3417=ADVANCED_FACE('',(#3416),#3410,.T.);
#3418=CARTESIAN_POINT('',(0.137795275590551,0.021653543307087,-0.117263178095038));
#3419=DIRECTION('',(0.0,-1.0,0.0));
#3420=DIRECTION('',(0.849902691712379,0.0,-0.526939668861676));
#3421=AXIS2_PLACEMENT_3D('',#3418,#3419,#3420);
#3422=CYLINDRICAL_SURFACE('',#3421,0.015748031496063);
#3423=ORIENTED_EDGE('',*,*,#3190,.T.);
#3424=CARTESIAN_POINT('',(0.124410981232876,-0.019685039370079,-0.108964915593279));
#3425=DIRECTION('',(0.0,1.0,0.0));
#3426=VECTOR('',#3425,0.039370078740158);
#3427=LINE('',#3424,#3426);
#3428=EDGE_CURVE('',#3178,#2957,#3427,.T.);
#3429=ORIENTED_EDGE('',*,*,#3428,.T.);
#3430=ORIENTED_EDGE('',*,*,#2963,.T.);
#3431=ORIENTED_EDGE('',*,*,#3113,.F.);
#3432=EDGE_LOOP('',(#3423,#3429,#3430,#3431));
#3433=FACE_OUTER_BOUND('',#3432,.T.);
#3434=ADVANCED_FACE('',(#3433),#3422,.T.);
#3435=CARTESIAN_POINT('',(0.123477301643716,0.021653543307087,-0.110470850414506));
#3436=DIRECTION('',(-0.849902691712379,0.0,0.526939668861676));
#3437=DIRECTION('',(0.526939668861676,0.0,0.849902691712379));
#3438=AXIS2_PLACEMENT_3D('',#3435,#3436,#3437);
#3439=PLANE('',#3438);
#3440=ORIENTED_EDGE('',*,*,#3183,.T.);
#3441=CARTESIAN_POINT('',(0.143084573016086,-0.019685039370079,-0.078846219168747));
#3442=DIRECTION('',(0.0,1.0,0.0));
#3443=VECTOR('',#3442,0.039370078740158);
#3444=LINE('',#3441,#3443);
#3445=EDGE_CURVE('',#3169,#2966,#3444,.T.);
#3446=ORIENTED_EDGE('',*,*,#3445,.T.);
#3447=ORIENTED_EDGE('',*,*,#2971,.T.);
#3448=ORIENTED_EDGE('',*,*,#3428,.F.);
#3449=EDGE_LOOP('',(#3440,#3446,#3447,#3448));
#3450=FACE_OUTER_BOUND('',#3449,.T.);
#3451=ADVANCED_FACE('',(#3450),#3439,.T.);
#3452=CARTESIAN_POINT('',(0.139738499426668,0.021653543307087,-0.076771653543307));
#3453=DIRECTION('',(0.0,-1.0,0.0));
#3454=DIRECTION('',(-1.0,0.0,0.0));
#3455=AXIS2_PLACEMENT_3D('',#3452,#3453,#3454);
#3456=CYLINDRICAL_SURFACE('',#3455,0.003937007874016);
#3457=ORIENTED_EDGE('',*,*,#3175,.T.);
#3458=CARTESIAN_POINT('',(0.143084573016086,-0.019685039370079,-0.074697087917867));
#3459=DIRECTION('',(0.0,1.0,0.0));
#3460=VECTOR('',#3459,0.039370078740158);
#3461=LINE('',#3458,#3460);
#3462=EDGE_CURVE('',#3161,#2974,#3461,.T.);
#3463=ORIENTED_EDGE('',*,*,#3462,.T.);
#3464=ORIENTED_EDGE('',*,*,#2980,.T.);
#3465=ORIENTED_EDGE('',*,*,#3445,.F.);
#3466=EDGE_LOOP('',(#3457,#3463,#3464,#3465));
#3467=FACE_OUTER_BOUND('',#3466,.T.);
#3468=ADVANCED_FACE('',(#3467),#3456,.F.);
#3469=CARTESIAN_POINT('',(0.144018252605247,0.021653543307087,-0.076203022739094));
#3470=DIRECTION('',(-0.849902691712379,0.0,-0.526939668861676));
#3471=DIRECTION('',(-0.526939668861676,0.0,0.849902691712379));
#3472=AXIS2_PLACEMENT_3D('',#3469,#3470,#3471);
#3473=PLANE('',#3472);
#3474=ORIENTED_EDGE('',*,*,#3166,.T.);
#3475=CARTESIAN_POINT('',(0.124410981232876,-0.019685039370079,-0.044578391493335));
#3476=DIRECTION('',(0.0,1.0,0.0));
#3477=VECTOR('',#3476,0.039370078740158);
#3478=LINE('',#3475,#3477);
#3479=EDGE_CURVE('',#3152,#2983,#3478,.T.);
#3480=ORIENTED_EDGE('',*,*,#3479,.T.);
#3481=ORIENTED_EDGE('',*,*,#2988,.T.);
#3482=ORIENTED_EDGE('',*,*,#3462,.F.);
#3483=EDGE_LOOP('',(#3474,#3480,#3481,#3482));
#3484=FACE_OUTER_BOUND('',#3483,.T.);
#3485=ADVANCED_FACE('',(#3484),#3473,.T.);
#3486=CARTESIAN_POINT('',(0.137795275590551,0.021653543307087,-0.036280128991576));
#3487=DIRECTION('',(0.0,-1.0,0.0));
#3488=DIRECTION('',(1.0,0.0,0.0));
#3489=AXIS2_PLACEMENT_3D('',#3486,#3487,#3488);
#3490=CYLINDRICAL_SURFACE('',#3489,0.015748031496063);
#3491=ORIENTED_EDGE('',*,*,#3158,.T.);
#3492=CARTESIAN_POINT('',(0.122047244094488,-0.019685039370079,-0.036280128991576));
#3493=DIRECTION('',(0.0,1.0,0.0));
#3494=VECTOR('',#3493,0.039370078740158);
#3495=LINE('',#3492,#3494);
#3496=EDGE_CURVE('',#3144,#2991,#3495,.T.);
#3497=ORIENTED_EDGE('',*,*,#3496,.T.);
#3498=ORIENTED_EDGE('',*,*,#2997,.T.);
#3499=ORIENTED_EDGE('',*,*,#3479,.F.);
#3500=EDGE_LOOP('',(#3491,#3497,#3498,#3499));
#3501=FACE_OUTER_BOUND('',#3500,.T.);
#3502=ADVANCED_FACE('',(#3501),#3490,.T.);
#3503=CARTESIAN_POINT('',(0.122047244094488,0.021653543307087,-0.039078387409659));
#3504=DIRECTION('',(-1.0,0.0,0.0));
#3505=DIRECTION('',(0.0,0.0,1.0));
#3506=AXIS2_PLACEMENT_3D('',#3503,#3504,#3505);
#3507=PLANE('',#3506);
#3508=ORIENTED_EDGE('',*,*,#3149,.T.);
#3509=CARTESIAN_POINT('',(0.122047244094488,-0.019685039370079,0.019685039370079));
#3510=DIRECTION('',(0.0,1.0,0.0));
#3511=VECTOR('',#3510,0.039370078740158);
#3512=LINE('',#3509,#3511);
#3513=EDGE_CURVE('',#3135,#3000,#3512,.T.);
#3514=ORIENTED_EDGE('',*,*,#3513,.T.);
#3515=ORIENTED_EDGE('',*,*,#3005,.T.);
#3516=ORIENTED_EDGE('',*,*,#3496,.F.);
#3517=EDGE_LOOP('',(#3508,#3514,#3515,#3516));
#3518=FACE_OUTER_BOUND('',#3517,.T.);
#3519=ADVANCED_FACE('',(#3518),#3507,.T.);
#3520=CARTESIAN_POINT('',(0.118110236220472,0.021653543307087,0.019685039370079));
#3521=DIRECTION('',(0.0,-1.0,0.0));
#3522=DIRECTION('',(-0.707106781186547,0.0,-0.707106781186548));
#3523=AXIS2_PLACEMENT_3D('',#3520,#3521,#3522);
#3524=CYLINDRICAL_SURFACE('',#3523,0.003937007874016);
#3525=ORIENTED_EDGE('',*,*,#3141,.T.);
#3526=CARTESIAN_POINT('',(0.118110236220472,0.019685039370079,0.023622047244094));
#3527=DIRECTION('',(0.0,-1.0,0.0));
#3528=VECTOR('',#3527,0.039370078740158);
#3529=LINE('',#3526,#3528);
#3530=EDGE_CURVE('',#2865,#3125,#3529,.T.);
#3531=ORIENTED_EDGE('',*,*,#3530,.F.);
#3532=ORIENTED_EDGE('',*,*,#3012,.T.);
#3533=ORIENTED_EDGE('',*,*,#3513,.F.);
#3534=EDGE_LOOP('',(#3525,#3531,#3532,#3533));
#3535=FACE_OUTER_BOUND('',#3534,.T.);
#3536=ADVANCED_FACE('',(#3535),#3524,.F.);
#3537=CARTESIAN_POINT('',(-0.12992125984252,0.075787401574804,0.125984251968504));
#3538=DIRECTION('',(0.0,0.0,-1.0));
#3539=DIRECTION('',(-1.0,0.0,0.0));
#3540=AXIS2_PLACEMENT_3D('',#3537,#3538,#3539);
#3541=PLANE('',#3540);
#3542=CARTESIAN_POINT('',(0.098425196850394,0.068897637795276,0.125984251968504));
#3543=VERTEX_POINT('',#3542);
#3544=CARTESIAN_POINT('',(0.118110236220472,0.049212598425197,0.125984251968504));
#3545=VERTEX_POINT('',#3544);
#3546=CARTESIAN_POINT('',(0.098425196850394,0.049212598425197,0.125984251968504));
#3547=DIRECTION('',(0.0,0.0,-1.0));
#3548=DIRECTION('',(0.707106781186547,0.707106781186548,0.0));
#3549=AXIS2_PLACEMENT_3D('',#3546,#3547,#3548);
#3550=CIRCLE('',#3549,0.019685039370079);
#3551=EDGE_CURVE('',#3543,#3545,#3550,.T.);
#3552=ORIENTED_EDGE('',*,*,#3551,.F.);
#3553=CARTESIAN_POINT('',(-0.098425196850394,0.068897637795276,0.125984251968504));
#3554=VERTEX_POINT('',#3553);
#3555=CARTESIAN_POINT('',(0.098425196850394,0.068897637795276,0.125984251968504));
#3556=DIRECTION('',(-1.0,0.0,0.0));
#3557=VECTOR('',#3556,0.196850393700788);
#3558=LINE('',#3555,#3557);
#3559=EDGE_CURVE('',#3543,#3554,#3558,.T.);
#3560=ORIENTED_EDGE('',*,*,#3559,.T.);
#3561=CARTESIAN_POINT('',(-0.118110236220472,0.049212598425197,0.125984251968504));
#3562=VERTEX_POINT('',#3561);
#3563=CARTESIAN_POINT('',(-0.098425196850394,0.049212598425197,0.125984251968504));
#3564=DIRECTION('',(0.0,0.0,-1.0));
#3565=DIRECTION('',(-0.707106781186548,0.707106781186547,0.0));
#3566=AXIS2_PLACEMENT_3D('',#3563,#3564,#3565);
#3567=CIRCLE('',#3566,0.019685039370079);
#3568=EDGE_CURVE('',#3562,#3554,#3567,.T.);
#3569=ORIENTED_EDGE('',*,*,#3568,.F.);
#3570=CARTESIAN_POINT('',(-0.118110236220472,0.03740157480315,0.125984251968504));
#3571=VERTEX_POINT('',#3570);
#3572=CARTESIAN_POINT('',(-0.118110236220472,0.049212598425197,0.125984251968504));
#3573=DIRECTION('',(0.0,-1.0,0.0));
#3574=VECTOR('',#3573,0.011811023622047);
#3575=LINE('',#3572,#3574);
#3576=EDGE_CURVE('',#3562,#3571,#3575,.T.);
#3577=ORIENTED_EDGE('',*,*,#3576,.T.);
#3578=CARTESIAN_POINT('',(-0.090551181102362,0.03740157480315,0.125984251968504));
#3579=VERTEX_POINT('',#3578);
#3580=CARTESIAN_POINT('',(-0.090551181102362,0.03740157480315,0.125984251968504));
#3581=DIRECTION('',(-1.0,0.0,0.0));
#3582=VECTOR('',#3581,0.02755905511811);
#3583=LINE('',#3580,#3582);
#3584=EDGE_CURVE('',#3579,#3571,#3583,.T.);
#3585=ORIENTED_EDGE('',*,*,#3584,.F.);
#3586=CARTESIAN_POINT('',(-0.080708661417323,0.02755905511811,0.125984251968504));
#3587=VERTEX_POINT('',#3586);
#3588=CARTESIAN_POINT('',(-0.090551181102362,0.02755905511811,0.125984251968504));
#3589=DIRECTION('',(0.0,0.0,1.0));
#3590=DIRECTION('',(1.0,0.0,0.0));
#3591=AXIS2_PLACEMENT_3D('',#3588,#3589,#3590);
#3592=CIRCLE('',#3591,0.009842519685039);
#3593=EDGE_CURVE('',#3587,#3579,#3592,.T.);
#3594=ORIENTED_EDGE('',*,*,#3593,.F.);
#3595=CARTESIAN_POINT('',(-0.080708661417323,-0.02755905511811,0.125984251968504));
#3596=VERTEX_POINT('',#3595);
#3597=CARTESIAN_POINT('',(-0.080708661417323,-0.02755905511811,0.125984251968504));
#3598=DIRECTION('',(0.0,1.0,0.0));
#3599=VECTOR('',#3598,0.05511811023622);
#3600=LINE('',#3597,#3599);
#3601=EDGE_CURVE('',#3596,#3587,#3600,.T.);
#3602=ORIENTED_EDGE('',*,*,#3601,.F.);
#3603=CARTESIAN_POINT('',(-0.090551181102362,-0.03740157480315,0.125984251968504));
#3604=VERTEX_POINT('',#3603);
#3605=CARTESIAN_POINT('',(-0.090551181102362,-0.02755905511811,0.125984251968504));
#3606=DIRECTION('',(0.0,0.0,1.0));
#3607=DIRECTION('',(0.0,-1.0,0.0));
#3608=AXIS2_PLACEMENT_3D('',#3605,#3606,#3607);
#3609=CIRCLE('',#3608,0.009842519685039);
#3610=EDGE_CURVE('',#3604,#3596,#3609,.T.);
#3611=ORIENTED_EDGE('',*,*,#3610,.F.);
#3612=CARTESIAN_POINT('',(-0.118110236220472,-0.03740157480315,0.125984251968504));
#3613=VERTEX_POINT('',#3612);
#3614=CARTESIAN_POINT('',(-0.118110236220472,-0.03740157480315,0.125984251968504));
#3615=DIRECTION('',(1.0,0.0,0.0));
#3616=VECTOR('',#3615,0.02755905511811);
#3617=LINE('',#3614,#3616);
#3618=EDGE_CURVE('',#3613,#3604,#3617,.T.);
#3619=ORIENTED_EDGE('',*,*,#3618,.F.);
#3620=CARTESIAN_POINT('',(-0.118110236220472,-0.049212598425197,0.125984251968504));
#3621=VERTEX_POINT('',#3620);
#3622=CARTESIAN_POINT('',(-0.118110236220472,-0.03740157480315,0.125984251968504));
#3623=DIRECTION('',(0.0,-1.0,0.0));
#3624=VECTOR('',#3623,0.011811023622047);
#3625=LINE('',#3622,#3624);
#3626=EDGE_CURVE('',#3613,#3621,#3625,.T.);
#3627=ORIENTED_EDGE('',*,*,#3626,.T.);
#3628=CARTESIAN_POINT('',(-0.098425196850394,-0.068897637795276,0.125984251968504));
#3629=VERTEX_POINT('',#3628);
#3630=CARTESIAN_POINT('',(-0.098425196850394,-0.049212598425197,0.125984251968504));
#3631=DIRECTION('',(0.0,0.0,-1.0));
#3632=DIRECTION('',(-0.707106781186547,-0.707106781186548,0.0));
#3633=AXIS2_PLACEMENT_3D('',#3630,#3631,#3632);
#3634=CIRCLE('',#3633,0.019685039370079);
#3635=EDGE_CURVE('',#3629,#3621,#3634,.T.);
#3636=ORIENTED_EDGE('',*,*,#3635,.F.);
#3637=CARTESIAN_POINT('',(0.098425196850394,-0.068897637795276,0.125984251968504));
#3638=VERTEX_POINT('',#3637);
#3639=CARTESIAN_POINT('',(-0.098425196850394,-0.068897637795276,0.125984251968504));
#3640=DIRECTION('',(1.0,0.0,0.0));
#3641=VECTOR('',#3640,0.196850393700788);
#3642=LINE('',#3639,#3641);
#3643=EDGE_CURVE('',#3629,#3638,#3642,.T.);
#3644=ORIENTED_EDGE('',*,*,#3643,.T.);
#3645=CARTESIAN_POINT('',(0.118110236220472,-0.049212598425197,0.125984251968504));
#3646=VERTEX_POINT('',#3645);
#3647=CARTESIAN_POINT('',(0.098425196850394,-0.049212598425197,0.125984251968504));
#3648=DIRECTION('',(0.0,0.0,-1.0));
#3649=DIRECTION('',(0.707106781186547,-0.707106781186547,0.0));
#3650=AXIS2_PLACEMENT_3D('',#3647,#3648,#3649);
#3651=CIRCLE('',#3650,0.019685039370079);
#3652=EDGE_CURVE('',#3646,#3638,#3651,.T.);
#3653=ORIENTED_EDGE('',*,*,#3652,.F.);
#3654=CARTESIAN_POINT('',(0.118110236220472,-0.03740157480315,0.125984251968504));
#3655=VERTEX_POINT('',#3654);
#3656=CARTESIAN_POINT('',(0.118110236220472,-0.049212598425197,0.125984251968504));
#3657=DIRECTION('',(0.0,1.0,0.0));
#3658=VECTOR('',#3657,0.011811023622047);
#3659=LINE('',#3656,#3658);
#3660=EDGE_CURVE('',#3646,#3655,#3659,.T.);
#3661=ORIENTED_EDGE('',*,*,#3660,.T.);
#3662=CARTESIAN_POINT('',(0.090551181102362,-0.03740157480315,0.125984251968504));
#3663=VERTEX_POINT('',#3662);
#3664=CARTESIAN_POINT('',(0.090551181102362,-0.03740157480315,0.125984251968504));
#3665=DIRECTION('',(1.0,0.0,0.0));
#3666=VECTOR('',#3665,0.02755905511811);
#3667=LINE('',#3664,#3666);
#3668=EDGE_CURVE('',#3663,#3655,#3667,.T.);
#3669=ORIENTED_EDGE('',*,*,#3668,.F.);
#3670=CARTESIAN_POINT('',(0.080708661417323,-0.02755905511811,0.125984251968504));
#3671=VERTEX_POINT('',#3670);
#3672=CARTESIAN_POINT('',(0.090551181102362,-0.02755905511811,0.125984251968504));
#3673=DIRECTION('',(0.0,0.0,1.0));
#3674=DIRECTION('',(-1.0,0.0,0.0));
#3675=AXIS2_PLACEMENT_3D('',#3672,#3673,#3674);
#3676=CIRCLE('',#3675,0.009842519685039);
#3677=EDGE_CURVE('',#3671,#3663,#3676,.T.);
#3678=ORIENTED_EDGE('',*,*,#3677,.F.);
#3679=CARTESIAN_POINT('',(0.080708661417323,0.02755905511811,0.125984251968504));
#3680=VERTEX_POINT('',#3679);
#3681=CARTESIAN_POINT('',(0.080708661417323,0.02755905511811,0.125984251968504));
#3682=DIRECTION('',(0.0,-1.0,0.0));
#3683=VECTOR('',#3682,0.05511811023622);
#3684=LINE('',#3681,#3683);
#3685=EDGE_CURVE('',#3680,#3671,#3684,.T.);
#3686=ORIENTED_EDGE('',*,*,#3685,.F.);
#3687=CARTESIAN_POINT('',(0.090551181102362,0.03740157480315,0.125984251968504));
#3688=VERTEX_POINT('',#3687);
#3689=CARTESIAN_POINT('',(0.090551181102362,0.02755905511811,0.125984251968504));
#3690=DIRECTION('',(0.0,0.0,1.0));
#3691=DIRECTION('',(0.0,1.0,0.0));
#3692=AXIS2_PLACEMENT_3D('',#3689,#3690,#3691);
#3693=CIRCLE('',#3692,0.009842519685039);
#3694=EDGE_CURVE('',#3688,#3680,#3693,.T.);
#3695=ORIENTED_EDGE('',*,*,#3694,.F.);
#3696=CARTESIAN_POINT('',(0.118110236220472,0.03740157480315,0.125984251968504));
#3697=VERTEX_POINT('',#3696);
#3698=CARTESIAN_POINT('',(0.118110236220472,0.03740157480315,0.125984251968504));
#3699=DIRECTION('',(-1.0,0.0,0.0));
#3700=VECTOR('',#3699,0.02755905511811);
#3701=LINE('',#3698,#3700);
#3702=EDGE_CURVE('',#3697,#3688,#3701,.T.);
#3703=ORIENTED_EDGE('',*,*,#3702,.F.);
#3704=CARTESIAN_POINT('',(0.118110236220472,0.03740157480315,0.125984251968504));
#3705=DIRECTION('',(0.0,1.0,0.0));
#3706=VECTOR('',#3705,0.011811023622047);
#3707=LINE('',#3704,#3706);
#3708=EDGE_CURVE('',#3697,#3545,#3707,.T.);
#3709=ORIENTED_EDGE('',*,*,#3708,.T.);
#3710=EDGE_LOOP('',(#3552,#3560,#3569,#3577,#3585,#3594,#3602,#3611,#3619,#3627,#3636,#3644,#3653,#3661,#3669,#3678,#3686,#3695,#3703,#3709));
#3711=FACE_OUTER_BOUND('',#3710,.T.);
#3712=CARTESIAN_POINT('',(0.063976377952756,0.035433070866142,0.125984251968504));
#3713=VERTEX_POINT('',#3712);
#3714=CARTESIAN_POINT('',(0.063976377952756,-0.035433070866142,0.125984251968504));
#3715=VERTEX_POINT('',#3714);
#3716=CARTESIAN_POINT('',(0.063976377952756,0.035433070866142,0.125984251968504));
#3717=DIRECTION('',(0.0,-1.0,0.0));
#3718=VECTOR('',#3717,0.070866141732284);
#3719=LINE('',#3716,#3718);
#3720=EDGE_CURVE('',#3713,#3715,#3719,.T.);
#3721=ORIENTED_EDGE('',*,*,#3720,.T.);
#3722=CARTESIAN_POINT('',(-0.063976377952756,-0.035433070866142,0.125984251968504));
#3723=VERTEX_POINT('',#3722);
#3724=CARTESIAN_POINT('',(0.063976377952756,-0.035433070866142,0.125984251968504));
#3725=DIRECTION('',(-1.0,0.0,0.0));
#3726=VECTOR('',#3725,0.127952755905512);
#3727=LINE('',#3724,#3726);
#3728=EDGE_CURVE('',#3715,#3723,#3727,.T.);
#3729=ORIENTED_EDGE('',*,*,#3728,.T.);
#3730=CARTESIAN_POINT('',(-0.063976377952756,0.035433070866142,0.125984251968504));
#3731=VERTEX_POINT('',#3730);
#3732=CARTESIAN_POINT('',(-0.063976377952756,-0.035433070866142,0.125984251968504));
#3733=DIRECTION('',(0.0,1.0,0.0));
#3734=VECTOR('',#3733,0.070866141732284);
#3735=LINE('',#3732,#3734);
#3736=EDGE_CURVE('',#3723,#3731,#3735,.T.);
#3737=ORIENTED_EDGE('',*,*,#3736,.T.);
#3738=CARTESIAN_POINT('',(-0.063976377952756,0.035433070866142,0.125984251968504));
#3739=DIRECTION('',(1.0,0.0,0.0));
#3740=VECTOR('',#3739,0.127952755905512);
#3741=LINE('',#3738,#3740);
#3742=EDGE_CURVE('',#3731,#3713,#3741,.T.);
#3743=ORIENTED_EDGE('',*,*,#3742,.T.);
#3744=EDGE_LOOP('',(#3721,#3729,#3737,#3743));
#3745=FACE_BOUND('',#3744,.T.);
#3746=ADVANCED_FACE('',(#3711,#3745),#3541,.F.);
#3747=CARTESIAN_POINT('',(0.063976377952756,0.038976377952756,0.117716535433071));
#3748=DIRECTION('',(1.0,0.0,0.0));
#3749=DIRECTION('',(0.0,0.0,-1.0));
#3750=AXIS2_PLACEMENT_3D('',#3747,#3748,#3749);
#3751=PLANE('',#3750);
#3752=ORIENTED_EDGE('',*,*,#484,.F.);
#3753=CARTESIAN_POINT('',(0.063976377952756,-0.035433070866142,0.125984251968504));
#3754=DIRECTION('',(0.0,0.0,-1.0));
#3755=VECTOR('',#3754,0.007874015748031);
#3756=LINE('',#3753,#3755);
#3757=EDGE_CURVE('',#3715,#471,#3756,.T.);
#3758=ORIENTED_EDGE('',*,*,#3757,.F.);
#3759=ORIENTED_EDGE('',*,*,#3720,.F.);
#3760=CARTESIAN_POINT('',(0.063976377952756,0.035433070866142,0.125984251968504));
#3761=DIRECTION('',(0.0,0.0,-1.0));
#3762=VECTOR('',#3761,0.007874015748031);
#3763=LINE('',#3760,#3762);
#3764=EDGE_CURVE('',#3713,#479,#3763,.T.);
#3765=ORIENTED_EDGE('',*,*,#3764,.T.);
#3766=EDGE_LOOP('',(#3752,#3758,#3759,#3765));
#3767=FACE_OUTER_BOUND('',#3766,.T.);
#3768=ADVANCED_FACE('',(#3767),#3751,.F.);
#3769=CARTESIAN_POINT('',(-0.070374015748032,0.035433070866142,0.11771653543307));
#3770=DIRECTION('',(0.0,1.0,0.0));
#3771=DIRECTION('',(0.0,0.0,1.0));
#3772=AXIS2_PLACEMENT_3D('',#3769,#3770,#3771);
#3773=PLANE('',#3772);
#3774=ORIENTED_EDGE('',*,*,#492,.F.);
#3775=ORIENTED_EDGE('',*,*,#3764,.F.);
#3776=ORIENTED_EDGE('',*,*,#3742,.F.);
#3777=CARTESIAN_POINT('',(-0.063976377952756,0.035433070866142,0.125984251968504));
#3778=DIRECTION('',(0.0,0.0,-1.0));
#3779=VECTOR('',#3778,0.007874015748031);
#3780=LINE('',#3777,#3779);
#3781=EDGE_CURVE('',#3731,#455,#3780,.T.);
#3782=ORIENTED_EDGE('',*,*,#3781,.T.);
#3783=ORIENTED_EDGE('',*,*,#460,.F.);
#3784=ORIENTED_EDGE('',*,*,#498,.F.);
#3785=EDGE_LOOP('',(#3774,#3775,#3776,#3782,#3783,#3784));
#3786=FACE_OUTER_BOUND('',#3785,.T.);
#3787=ADVANCED_FACE('',(#3786),#3773,.F.);
#3788=CARTESIAN_POINT('',(-0.063976377952756,0.038976377952756,0.126377952755906));
#3789=DIRECTION('',(-1.0,0.0,0.0));
#3790=DIRECTION('',(0.0,0.0,1.0));
#3791=AXIS2_PLACEMENT_3D('',#3788,#3789,#3790);
#3792=PLANE('',#3791);
#3793=ORIENTED_EDGE('',*,*,#468,.F.);
#3794=ORIENTED_EDGE('',*,*,#3781,.F.);
#3795=ORIENTED_EDGE('',*,*,#3736,.F.);
#3796=CARTESIAN_POINT('',(-0.063976377952756,-0.035433070866142,0.125984251968504));
#3797=DIRECTION('',(0.0,0.0,-1.0));
#3798=VECTOR('',#3797,0.007874015748031);
#3799=LINE('',#3796,#3798);
#3800=EDGE_CURVE('',#3723,#463,#3799,.T.);
#3801=ORIENTED_EDGE('',*,*,#3800,.T.);
#3802=EDGE_LOOP('',(#3793,#3794,#3795,#3801));
#3803=FACE_OUTER_BOUND('',#3802,.T.);
#3804=ADVANCED_FACE('',(#3803),#3792,.F.);
#3805=CARTESIAN_POINT('',(-0.070374015748032,-0.035433070866142,0.126377952755906));
#3806=DIRECTION('',(0.0,-1.0,0.0));
#3807=DIRECTION('',(0.0,0.0,-1.0));
#3808=AXIS2_PLACEMENT_3D('',#3805,#3806,#3807);
#3809=PLANE('',#3808);
#3810=ORIENTED_EDGE('',*,*,#476,.F.);
#3811=ORIENTED_EDGE('',*,*,#3800,.F.);
#3812=ORIENTED_EDGE('',*,*,#3728,.F.);
#3813=ORIENTED_EDGE('',*,*,#3757,.T.);
#3814=EDGE_LOOP('',(#3810,#3811,#3812,#3813));
#3815=FACE_OUTER_BOUND('',#3814,.T.);
#3816=ADVANCED_FACE('',(#3815),#3809,.F.);
#3817=CARTESIAN_POINT('',(-0.119488188976378,-0.03740157480315,0.132185039370079));
#3818=DIRECTION('',(0.0,-1.0,0.0));
#3819=DIRECTION('',(0.0,0.0,-1.0));
#3820=AXIS2_PLACEMENT_3D('',#3817,#3818,#3819);
#3821=PLANE('',#3820);
#3822=ORIENTED_EDGE('',*,*,#3618,.T.);
#3823=CARTESIAN_POINT('',(-0.090551181102362,-0.037401574803149,0.131889763779528));
#3824=VERTEX_POINT('',#3823);
#3825=CARTESIAN_POINT('',(-0.090551181102362,-0.03740157480315,0.125984251968504));
#3826=DIRECTION('',(0.0,0.0,1.0));
#3827=VECTOR('',#3826,0.005905511811024);
#3828=LINE('',#3825,#3827);
#3829=EDGE_CURVE('',#3604,#3824,#3828,.T.);
#3830=ORIENTED_EDGE('',*,*,#3829,.T.);
#3831=CARTESIAN_POINT('',(-0.118110236220472,-0.03740157480315,0.131889763779528));
#3832=VERTEX_POINT('',#3831);
#3833=CARTESIAN_POINT('',(-0.118110236220472,-0.03740157480315,0.131889763779528));
#3834=DIRECTION('',(1.0,0.0,0.0));
#3835=VECTOR('',#3834,0.02755905511811);
#3836=LINE('',#3833,#3835);
#3837=EDGE_CURVE('',#3832,#3824,#3836,.T.);
#3838=ORIENTED_EDGE('',*,*,#3837,.F.);
#3839=CARTESIAN_POINT('',(-0.118110236220472,-0.03740157480315,0.125984251968504));
#3840=DIRECTION('',(0.0,0.0,1.0));
#3841=VECTOR('',#3840,0.005905511811024);
#3842=LINE('',#3839,#3841);
#3843=EDGE_CURVE('',#3613,#3832,#3842,.T.);
#3844=ORIENTED_EDGE('',*,*,#3843,.F.);
#3845=EDGE_LOOP('',(#3822,#3830,#3838,#3844));
#3846=FACE_OUTER_BOUND('',#3845,.T.);
#3847=ADVANCED_FACE('',(#3846),#3821,.T.);
#3848=CARTESIAN_POINT('',(-0.090551181102362,-0.02755905511811,0.118110236220472));
#3849=DIRECTION('',(0.0,0.0,1.0));
#3850=DIRECTION('',(-0.707106781186548,0.707106781186547,0.0));
#3851=AXIS2_PLACEMENT_3D('',#3848,#3849,#3850);
#3852=CYLINDRICAL_SURFACE('',#3851,0.009842519685039);
#3853=ORIENTED_EDGE('',*,*,#3610,.T.);
#3854=CARTESIAN_POINT('',(-0.080708661417323,-0.02755905511811,0.131889763779528));
#3855=VERTEX_POINT('',#3854);
#3856=CARTESIAN_POINT('',(-0.080708661417323,-0.02755905511811,0.125984251968504));
#3857=DIRECTION('',(0.0,0.0,1.0));
#3858=VECTOR('',#3857,0.005905511811024);
#3859=LINE('',#3856,#3858);
#3860=EDGE_CURVE('',#3596,#3855,#3859,.T.);
#3861=ORIENTED_EDGE('',*,*,#3860,.T.);
#3862=CARTESIAN_POINT('',(-0.090551181102362,-0.02755905511811,0.131889763779528));
#3863=DIRECTION('',(0.0,0.0,1.0));
#3864=DIRECTION('',(0.0,-1.0,0.0));
#3865=AXIS2_PLACEMENT_3D('',#3862,#3863,#3864);
#3866=CIRCLE('',#3865,0.009842519685039);
#3867=EDGE_CURVE('',#3824,#3855,#3866,.T.);
#3868=ORIENTED_EDGE('',*,*,#3867,.F.);
#3869=ORIENTED_EDGE('',*,*,#3829,.F.);
#3870=EDGE_LOOP('',(#3853,#3861,#3868,#3869));
#3871=FACE_OUTER_BOUND('',#3870,.T.);
#3872=ADVANCED_FACE('',(#3871),#3852,.T.);
#3873=CARTESIAN_POINT('',(-0.080708661417323,-0.030314960629921,0.132185039370079));
#3874=DIRECTION('',(1.0,0.0,0.0));
#3875=DIRECTION('',(0.0,0.0,-1.0));
#3876=AXIS2_PLACEMENT_3D('',#3873,#3874,#3875);
#3877=PLANE('',#3876);
#3878=ORIENTED_EDGE('',*,*,#3601,.T.);
#3879=CARTESIAN_POINT('',(-0.080708661417323,0.02755905511811,0.131889763779528));
#3880=VERTEX_POINT('',#3879);
#3881=CARTESIAN_POINT('',(-0.080708661417323,0.02755905511811,0.125984251968504));
#3882=DIRECTION('',(0.0,0.0,1.0));
#3883=VECTOR('',#3882,0.005905511811024);
#3884=LINE('',#3881,#3883);
#3885=EDGE_CURVE('',#3587,#3880,#3884,.T.);
#3886=ORIENTED_EDGE('',*,*,#3885,.T.);
#3887=CARTESIAN_POINT('',(-0.080708661417323,-0.02755905511811,0.131889763779528));
#3888=DIRECTION('',(0.0,1.0,0.0));
#3889=VECTOR('',#3888,0.05511811023622);
#3890=LINE('',#3887,#3889);
#3891=EDGE_CURVE('',#3855,#3880,#3890,.T.);
#3892=ORIENTED_EDGE('',*,*,#3891,.F.);
#3893=ORIENTED_EDGE('',*,*,#3860,.F.);
#3894=EDGE_LOOP('',(#3878,#3886,#3892,#3893));
#3895=FACE_OUTER_BOUND('',#3894,.T.);
#3896=ADVANCED_FACE('',(#3895),#3877,.T.);
#3897=CARTESIAN_POINT('',(-0.090551181102362,0.02755905511811,0.118110236220472));
#3898=DIRECTION('',(0.0,0.0,1.0));
#3899=DIRECTION('',(-0.707106781186547,-0.707106781186548,0.0));
#3900=AXIS2_PLACEMENT_3D('',#3897,#3898,#3899);
#3901=CYLINDRICAL_SURFACE('',#3900,0.009842519685039);
#3902=ORIENTED_EDGE('',*,*,#3593,.T.);
#3903=CARTESIAN_POINT('',(-0.090551181102362,0.037401574803149,0.131889763779528));
#3904=VERTEX_POINT('',#3903);
#3905=CARTESIAN_POINT('',(-0.090551181102362,0.03740157480315,0.125984251968504));
#3906=DIRECTION('',(0.0,0.0,1.0));
#3907=VECTOR('',#3906,0.005905511811024);
#3908=LINE('',#3905,#3907);
#3909=EDGE_CURVE('',#3579,#3904,#3908,.T.);
#3910=ORIENTED_EDGE('',*,*,#3909,.T.);
#3911=CARTESIAN_POINT('',(-0.090551181102362,0.02755905511811,0.131889763779528));
#3912=DIRECTION('',(0.0,0.0,1.0));
#3913=DIRECTION('',(1.0,0.0,0.0));
#3914=AXIS2_PLACEMENT_3D('',#3911,#3912,#3913);
#3915=CIRCLE('',#3914,0.009842519685039);
#3916=EDGE_CURVE('',#3880,#3904,#3915,.T.);
#3917=ORIENTED_EDGE('',*,*,#3916,.F.);
#3918=ORIENTED_EDGE('',*,*,#3885,.F.);
#3919=EDGE_LOOP('',(#3902,#3910,#3917,#3918));
#3920=FACE_OUTER_BOUND('',#3919,.T.);
#3921=ADVANCED_FACE('',(#3920),#3901,.T.);
#3922=CARTESIAN_POINT('',(-0.119488188976378,0.03740157480315,0.125688976377953));
#3923=DIRECTION('',(0.0,1.0,0.0));
#3924=DIRECTION('',(0.0,0.0,1.0));
#3925=AXIS2_PLACEMENT_3D('',#3922,#3923,#3924);
#3926=PLANE('',#3925);
#3927=ORIENTED_EDGE('',*,*,#3584,.T.);
#3928=CARTESIAN_POINT('',(-0.118110236220472,0.03740157480315,0.131889763779528));
#3929=VERTEX_POINT('',#3928);
#3930=CARTESIAN_POINT('',(-0.118110236220472,0.03740157480315,0.125984251968504));
#3931=DIRECTION('',(0.0,0.0,1.0));
#3932=VECTOR('',#3931,0.005905511811024);
#3933=LINE('',#3930,#3932);
#3934=EDGE_CURVE('',#3571,#3929,#3933,.T.);
#3935=ORIENTED_EDGE('',*,*,#3934,.T.);
#3936=CARTESIAN_POINT('',(-0.090551181102362,0.03740157480315,0.131889763779528));
#3937=DIRECTION('',(-1.0,0.0,0.0));
#3938=VECTOR('',#3937,0.02755905511811);
#3939=LINE('',#3936,#3938);
#3940=EDGE_CURVE('',#3904,#3929,#3939,.T.);
#3941=ORIENTED_EDGE('',*,*,#3940,.F.);
#3942=ORIENTED_EDGE('',*,*,#3909,.F.);
#3943=EDGE_LOOP('',(#3927,#3935,#3941,#3942));
#3944=FACE_OUTER_BOUND('',#3943,.T.);
#3945=ADVANCED_FACE('',(#3944),#3926,.T.);
#3946=CARTESIAN_POINT('',(-0.119488188976378,0.02755905511811,0.131889763779528));
#3947=DIRECTION('',(1.0,0.0,0.0));
#3948=DIRECTION('',(0.0,-0.707106781186547,-0.707106781186547));
#3949=AXIS2_PLACEMENT_3D('',#3946,#3947,#3948);
#3950=CYLINDRICAL_SURFACE('',#3949,0.009842519685039);
#3951=CARTESIAN_POINT('',(-0.118110236220472,0.02755905511811,0.141732283464567));
#3952=VERTEX_POINT('',#3951);
#3953=CARTESIAN_POINT('',(-0.118110236220472,0.02755905511811,0.131889763779528));
#3954=DIRECTION('',(1.0,0.0,0.0));
#3955=DIRECTION('',(0.0,0.707106781186547,0.707106781186548));
#3956=AXIS2_PLACEMENT_3D('',#3953,#3954,#3955);
#3957=CIRCLE('',#3956,0.009842519685039);
#3958=EDGE_CURVE('',#3929,#3952,#3957,.T.);
#3959=ORIENTED_EDGE('',*,*,#3958,.T.);
#3960=CARTESIAN_POINT('',(-0.090551181102362,0.02755905511811,0.141732283464567));
#3961=VERTEX_POINT('',#3960);
#3962=CARTESIAN_POINT('',(-0.118110236220472,0.02755905511811,0.141732283464567));
#3963=DIRECTION('',(1.0,0.0,0.0));
#3964=VECTOR('',#3963,0.02755905511811);
#3965=LINE('',#3962,#3964);
#3966=EDGE_CURVE('',#3952,#3961,#3965,.T.);
#3967=ORIENTED_EDGE('',*,*,#3966,.T.);
#3968=CARTESIAN_POINT('',(-0.090551181102362,0.02755905511811,0.131889763779528));
#3969=DIRECTION('',(-1.0,0.0,0.0));
#3970=DIRECTION('',(0.0,0.0,1.0));
#3971=AXIS2_PLACEMENT_3D('',#3968,#3969,#3970);
#3972=CIRCLE('',#3971,0.009842519685039);
#3973=EDGE_CURVE('',#3961,#3904,#3972,.T.);
#3974=ORIENTED_EDGE('',*,*,#3973,.T.);
#3975=ORIENTED_EDGE('',*,*,#3940,.T.);
#3976=EDGE_LOOP('',(#3959,#3967,#3974,#3975));
#3977=FACE_OUTER_BOUND('',#3976,.T.);
#3978=ADVANCED_FACE('',(#3977),#3950,.T.);
#3979=CARTESIAN_POINT('',(-0.090551181102362,0.030314960629921,0.131889763779528));
#3980=DIRECTION('',(0.0,-1.0,0.0));
#3981=DIRECTION('',(-0.707106781186548,0.0,-0.707106781186547));
#3982=AXIS2_PLACEMENT_3D('',#3979,#3980,#3981);
#3983=CYLINDRICAL_SURFACE('',#3982,0.009842519685039);
#3984=CARTESIAN_POINT('',(-0.090551181102362,0.02755905511811,0.131889763779528));
#3985=DIRECTION('',(0.0,-1.0,0.0));
#3986=DIRECTION('',(1.0,0.0,0.0));
#3987=AXIS2_PLACEMENT_3D('',#3984,#3985,#3986);
#3988=CIRCLE('',#3987,0.009842519685039);
#3989=EDGE_CURVE('',#3880,#3961,#3988,.T.);
#3990=ORIENTED_EDGE('',*,*,#3989,.T.);
#3991=CARTESIAN_POINT('',(-0.090551181102362,-0.02755905511811,0.141732283464567));
#3992=VERTEX_POINT('',#3991);
#3993=CARTESIAN_POINT('',(-0.090551181102362,0.02755905511811,0.141732283464567));
#3994=DIRECTION('',(0.0,-1.0,0.0));
#3995=VECTOR('',#3994,0.05511811023622);
#3996=LINE('',#3993,#3995);
#3997=EDGE_CURVE('',#3961,#3992,#3996,.T.);
#3998=ORIENTED_EDGE('',*,*,#3997,.T.);
#3999=CARTESIAN_POINT('',(-0.090551181102362,-0.02755905511811,0.131889763779528));
#4000=DIRECTION('',(0.0,1.0,0.0));
#4001=DIRECTION('',(0.0,0.0,1.0));
#4002=AXIS2_PLACEMENT_3D('',#3999,#4000,#4001);
#4003=CIRCLE('',#4002,0.009842519685039);
#4004=EDGE_CURVE('',#3992,#3855,#4003,.T.);
#4005=ORIENTED_EDGE('',*,*,#4004,.T.);
#4006=ORIENTED_EDGE('',*,*,#3891,.T.);
#4007=EDGE_LOOP('',(#3990,#3998,#4005,#4006));
#4008=FACE_OUTER_BOUND('',#4007,.T.);
#4009=ADVANCED_FACE('',(#4008),#3983,.T.);
#4010=CARTESIAN_POINT('',(-0.090551181102362,0.02755905511811,0.131889763779528));
#4011=DIRECTION('',(0.577350269189626,0.577350269189626,0.577350269189626));
#4012=DIRECTION('',(-0.707106781186548,0.0,0.707106781186548));
#4013=AXIS2_PLACEMENT_3D('',#4010,#4011,#4012);
#4014=SPHERICAL_SURFACE('',#4013,0.009842519685039);
#4015=ORIENTED_EDGE('',*,*,#3989,.F.);
#4016=ORIENTED_EDGE('',*,*,#3916,.T.);
#4017=ORIENTED_EDGE('',*,*,#3973,.F.);
#4018=EDGE_LOOP('',(#4015,#4016,#4017));
#4019=FACE_OUTER_BOUND('',#4018,.T.);
#4020=ADVANCED_FACE('',(#4019),#4014,.T.);
#4021=CARTESIAN_POINT('',(-0.089173228346457,-0.02755905511811,0.131889763779528));
#4022=DIRECTION('',(-1.0,0.0,0.0));
#4023=DIRECTION('',(0.0,0.707106781186548,-0.707106781186547));
#4024=AXIS2_PLACEMENT_3D('',#4021,#4022,#4023);
#4025=CYLINDRICAL_SURFACE('',#4024,0.009842519685039);
#4026=CARTESIAN_POINT('',(-0.118110236220472,-0.02755905511811,0.141732283464567));
#4027=VERTEX_POINT('',#4026);
#4028=CARTESIAN_POINT('',(-0.118110236220472,-0.02755905511811,0.131889763779528));
#4029=DIRECTION('',(1.0,0.0,0.0));
#4030=DIRECTION('',(0.0,-0.707106781186547,0.707106781186548));
#4031=AXIS2_PLACEMENT_3D('',#4028,#4029,#4030);
#4032=CIRCLE('',#4031,0.009842519685039);
#4033=EDGE_CURVE('',#4027,#3832,#4032,.T.);
#4034=ORIENTED_EDGE('',*,*,#4033,.T.);
#4035=ORIENTED_EDGE('',*,*,#3837,.T.);
#4036=CARTESIAN_POINT('',(-0.090551181102362,-0.02755905511811,0.131889763779528));
#4037=DIRECTION('',(-1.0,0.0,0.0));
#4038=DIRECTION('',(0.0,-1.0,0.0));
#4039=AXIS2_PLACEMENT_3D('',#4036,#4037,#4038);
#4040=CIRCLE('',#4039,0.009842519685039);
#4041=EDGE_CURVE('',#3824,#3992,#4040,.T.);
#4042=ORIENTED_EDGE('',*,*,#4041,.T.);
#4043=CARTESIAN_POINT('',(-0.090551181102362,-0.02755905511811,0.141732283464567));
#4044=DIRECTION('',(-1.0,0.0,0.0));
#4045=VECTOR('',#4044,0.02755905511811);
#4046=LINE('',#4043,#4045);
#4047=EDGE_CURVE('',#3992,#4027,#4046,.T.);
#4048=ORIENTED_EDGE('',*,*,#4047,.T.);
#4049=EDGE_LOOP('',(#4034,#4035,#4042,#4048));
#4050=FACE_OUTER_BOUND('',#4049,.T.);
#4051=ADVANCED_FACE('',(#4050),#4025,.T.);
#4052=CARTESIAN_POINT('',(-0.090551181102362,-0.02755905511811,0.131889763779528));
#4053=DIRECTION('',(0.577350269189626,0.577350269189626,0.577350269189626));
#4054=DIRECTION('',(-0.707106781186548,0.0,0.707106781186548));
#4055=AXIS2_PLACEMENT_3D('',#4052,#4053,#4054);
#4056=SPHERICAL_SURFACE('',#4055,0.009842519685039);
#4057=ORIENTED_EDGE('',*,*,#4041,.F.);
#4058=ORIENTED_EDGE('',*,*,#3867,.T.);
#4059=ORIENTED_EDGE('',*,*,#4004,.F.);
#4060=EDGE_LOOP('',(#4057,#4058,#4059));
#4061=FACE_OUTER_BOUND('',#4060,.T.);
#4062=ADVANCED_FACE('',(#4061),#4056,.T.);
#4063=CARTESIAN_POINT('',(0.119488188976378,-0.02755905511811,0.131889763779528));
#4064=DIRECTION('',(-1.0,0.0,0.0));
#4065=DIRECTION('',(0.0,0.707106781186547,-0.707106781186547));
#4066=AXIS2_PLACEMENT_3D('',#4063,#4064,#4065);
#4067=CYLINDRICAL_SURFACE('',#4066,0.009842519685039);
#4068=CARTESIAN_POINT('',(0.118110236220472,-0.03740157480315,0.131889763779528));
#4069=VERTEX_POINT('',#4068);
#4070=CARTESIAN_POINT('',(0.118110236220472,-0.02755905511811,0.141732283464567));
#4071=VERTEX_POINT('',#4070);
#4072=CARTESIAN_POINT('',(0.118110236220472,-0.02755905511811,0.131889763779528));
#4073=DIRECTION('',(-1.0,0.0,0.0));
#4074=DIRECTION('',(0.0,-0.707106781186547,0.707106781186548));
#4075=AXIS2_PLACEMENT_3D('',#4072,#4073,#4074);
#4076=CIRCLE('',#4075,0.009842519685039);
#4077=EDGE_CURVE('',#4069,#4071,#4076,.T.);
#4078=ORIENTED_EDGE('',*,*,#4077,.T.);
#4079=CARTESIAN_POINT('',(0.090551181102362,-0.02755905511811,0.141732283464567));
#4080=VERTEX_POINT('',#4079);
#4081=CARTESIAN_POINT('',(0.118110236220472,-0.02755905511811,0.141732283464567));
#4082=DIRECTION('',(-1.0,0.0,0.0));
#4083=VECTOR('',#4082,0.02755905511811);
#4084=LINE('',#4081,#4083);
#4085=EDGE_CURVE('',#4071,#4080,#4084,.T.);
#4086=ORIENTED_EDGE('',*,*,#4085,.T.);
#4087=CARTESIAN_POINT('',(0.090551181102362,-0.037401574803149,0.131889763779528));
#4088=VERTEX_POINT('',#4087);
#4089=CARTESIAN_POINT('',(0.090551181102362,-0.02755905511811,0.131889763779528));
#4090=DIRECTION('',(1.0,0.0,0.0));
#4091=DIRECTION('',(0.0,0.0,1.0));
#4092=AXIS2_PLACEMENT_3D('',#4089,#4090,#4091);
#4093=CIRCLE('',#4092,0.009842519685039);
#4094=EDGE_CURVE('',#4080,#4088,#4093,.T.);
#4095=ORIENTED_EDGE('',*,*,#4094,.T.);
#4096=CARTESIAN_POINT('',(0.090551181102362,-0.03740157480315,0.131889763779528));
#4097=DIRECTION('',(1.0,0.0,0.0));
#4098=VECTOR('',#4097,0.02755905511811);
#4099=LINE('',#4096,#4098);
#4100=EDGE_CURVE('',#4088,#4069,#4099,.T.);
#4101=ORIENTED_EDGE('',*,*,#4100,.T.);
#4102=EDGE_LOOP('',(#4078,#4086,#4095,#4101));
#4103=FACE_OUTER_BOUND('',#4102,.T.);
#4104=ADVANCED_FACE('',(#4103),#4067,.T.);
#4105=CARTESIAN_POINT('',(0.090551181102362,-0.030314960629921,0.131889763779528));
#4106=DIRECTION('',(0.0,1.0,0.0));
#4107=DIRECTION('',(0.707106781186548,0.0,-0.707106781186547));
#4108=AXIS2_PLACEMENT_3D('',#4105,#4106,#4107);
#4109=CYLINDRICAL_SURFACE('',#4108,0.009842519685039);
#4110=CARTESIAN_POINT('',(0.080708661417323,-0.02755905511811,0.131889763779528));
#4111=VERTEX_POINT('',#4110);
#4112=CARTESIAN_POINT('',(0.090551181102362,-0.02755905511811,0.131889763779528));
#4113=DIRECTION('',(0.0,1.0,0.0));
#4114=DIRECTION('',(-1.0,0.0,0.0));
#4115=AXIS2_PLACEMENT_3D('',#4112,#4113,#4114);
#4116=CIRCLE('',#4115,0.009842519685039);
#4117=EDGE_CURVE('',#4111,#4080,#4116,.T.);
#4118=ORIENTED_EDGE('',*,*,#4117,.T.);
#4119=CARTESIAN_POINT('',(0.090551181102362,0.02755905511811,0.141732283464567));
#4120=VERTEX_POINT('',#4119);
#4121=CARTESIAN_POINT('',(0.090551181102362,-0.02755905511811,0.141732283464567));
#4122=DIRECTION('',(0.0,1.0,0.0));
#4123=VECTOR('',#4122,0.05511811023622);
#4124=LINE('',#4121,#4123);
#4125=EDGE_CURVE('',#4080,#4120,#4124,.T.);
#4126=ORIENTED_EDGE('',*,*,#4125,.T.);
#4127=CARTESIAN_POINT('',(0.080708661417323,0.02755905511811,0.131889763779528));
#4128=VERTEX_POINT('',#4127);
#4129=CARTESIAN_POINT('',(0.090551181102362,0.02755905511811,0.131889763779528));
#4130=DIRECTION('',(0.0,-1.0,0.0));
#4131=DIRECTION('',(0.0,0.0,1.0));
#4132=AXIS2_PLACEMENT_3D('',#4129,#4130,#4131);
#4133=CIRCLE('',#4132,0.009842519685039);
#4134=EDGE_CURVE('',#4120,#4128,#4133,.T.);
#4135=ORIENTED_EDGE('',*,*,#4134,.T.);
#4136=CARTESIAN_POINT('',(0.080708661417323,0.02755905511811,0.131889763779528));
#4137=DIRECTION('',(0.0,-1.0,0.0));
#4138=VECTOR('',#4137,0.05511811023622);
#4139=LINE('',#4136,#4138);
#4140=EDGE_CURVE('',#4128,#4111,#4139,.T.);
#4141=ORIENTED_EDGE('',*,*,#4140,.T.);
#4142=EDGE_LOOP('',(#4118,#4126,#4135,#4141));
#4143=FACE_OUTER_BOUND('',#4142,.T.);
#4144=ADVANCED_FACE('',(#4143),#4109,.T.);
#4145=CARTESIAN_POINT('',(0.090551181102362,-0.02755905511811,0.131889763779528));
#4146=DIRECTION('',(0.577350269189626,0.577350269189626,0.577350269189626));
#4147=DIRECTION('',(-0.707106781186548,0.0,0.707106781186548));
#4148=AXIS2_PLACEMENT_3D('',#4145,#4146,#4147);
#4149=SPHERICAL_SURFACE('',#4148,0.009842519685039);
#4150=ORIENTED_EDGE('',*,*,#4117,.F.);
#4151=CARTESIAN_POINT('',(0.090551181102362,-0.02755905511811,0.131889763779528));
#4152=DIRECTION('',(0.0,0.0,1.0));
#4153=DIRECTION('',(-1.0,0.0,0.0));
#4154=AXIS2_PLACEMENT_3D('',#4151,#4152,#4153);
#4155=CIRCLE('',#4154,0.009842519685039);
#4156=EDGE_CURVE('',#4111,#4088,#4155,.T.);
#4157=ORIENTED_EDGE('',*,*,#4156,.T.);
#4158=ORIENTED_EDGE('',*,*,#4094,.F.);
#4159=EDGE_LOOP('',(#4150,#4157,#4158));
#4160=FACE_OUTER_BOUND('',#4159,.T.);
#4161=ADVANCED_FACE('',(#4160),#4149,.T.);
#4162=CARTESIAN_POINT('',(0.089173228346457,0.02755905511811,0.131889763779528));
#4163=DIRECTION('',(1.0,0.0,0.0));
#4164=DIRECTION('',(0.0,-0.707106781186548,-0.707106781186547));
#4165=AXIS2_PLACEMENT_3D('',#4162,#4163,#4164);
#4166=CYLINDRICAL_SURFACE('',#4165,0.009842519685039);
#4167=CARTESIAN_POINT('',(0.118110236220472,0.02755905511811,0.141732283464567));
#4168=VERTEX_POINT('',#4167);
#4169=CARTESIAN_POINT('',(0.118110236220472,0.03740157480315,0.131889763779528));
#4170=VERTEX_POINT('',#4169);
#4171=CARTESIAN_POINT('',(0.118110236220472,0.02755905511811,0.131889763779528));
#4172=DIRECTION('',(-1.0,0.0,0.0));
#4173=DIRECTION('',(0.0,0.707106781186547,0.707106781186548));
#4174=AXIS2_PLACEMENT_3D('',#4171,#4172,#4173);
#4175=CIRCLE('',#4174,0.009842519685039);
#4176=EDGE_CURVE('',#4168,#4170,#4175,.T.);
#4177=ORIENTED_EDGE('',*,*,#4176,.T.);
#4178=CARTESIAN_POINT('',(0.090551181102362,0.037401574803149,0.131889763779528));
#4179=VERTEX_POINT('',#4178);
#4180=CARTESIAN_POINT('',(0.118110236220472,0.03740157480315,0.131889763779528));
#4181=DIRECTION('',(-1.0,0.0,0.0));
#4182=VECTOR('',#4181,0.02755905511811);
#4183=LINE('',#4180,#4182);
#4184=EDGE_CURVE('',#4170,#4179,#4183,.T.);
#4185=ORIENTED_EDGE('',*,*,#4184,.T.);
#4186=CARTESIAN_POINT('',(0.090551181102362,0.02755905511811,0.131889763779528));
#4187=DIRECTION('',(1.0,0.0,0.0));
#4188=DIRECTION('',(0.0,1.0,0.0));
#4189=AXIS2_PLACEMENT_3D('',#4186,#4187,#4188);
#4190=CIRCLE('',#4189,0.009842519685039);
#4191=EDGE_CURVE('',#4179,#4120,#4190,.T.);
#4192=ORIENTED_EDGE('',*,*,#4191,.T.);
#4193=CARTESIAN_POINT('',(0.090551181102362,0.02755905511811,0.141732283464567));
#4194=DIRECTION('',(1.0,0.0,0.0));
#4195=VECTOR('',#4194,0.02755905511811);
#4196=LINE('',#4193,#4195);
#4197=EDGE_CURVE('',#4120,#4168,#4196,.T.);
#4198=ORIENTED_EDGE('',*,*,#4197,.T.);
#4199=EDGE_LOOP('',(#4177,#4185,#4192,#4198));
#4200=FACE_OUTER_BOUND('',#4199,.T.);
#4201=ADVANCED_FACE('',(#4200),#4166,.T.);
#4202=CARTESIAN_POINT('',(0.090551181102362,0.02755905511811,0.131889763779528));
#4203=DIRECTION('',(0.577350269189626,0.577350269189626,0.577350269189626));
#4204=DIRECTION('',(-0.707106781186548,0.0,0.707106781186548));
#4205=AXIS2_PLACEMENT_3D('',#4202,#4203,#4204);
#4206=SPHERICAL_SURFACE('',#4205,0.009842519685039);
#4207=ORIENTED_EDGE('',*,*,#4191,.F.);
#4208=CARTESIAN_POINT('',(0.090551181102362,0.02755905511811,0.131889763779528));
#4209=DIRECTION('',(0.0,0.0,1.0));
#4210=DIRECTION('',(0.0,1.0,0.0));
#4211=AXIS2_PLACEMENT_3D('',#4208,#4209,#4210);
#4212=CIRCLE('',#4211,0.009842519685039);
#4213=EDGE_CURVE('',#4179,#4128,#4212,.T.);
#4214=ORIENTED_EDGE('',*,*,#4213,.T.);
#4215=ORIENTED_EDGE('',*,*,#4134,.F.);
#4216=EDGE_LOOP('',(#4207,#4214,#4215));
#4217=FACE_OUTER_BOUND('',#4216,.T.);
#4218=ADVANCED_FACE('',(#4217),#4206,.T.);
#4219=CARTESIAN_POINT('',(0.089173228346457,-0.03740157480315,0.132185039370079));
#4220=DIRECTION('',(0.0,-1.0,0.0));
#4221=DIRECTION('',(0.0,0.0,-1.0));
#4222=AXIS2_PLACEMENT_3D('',#4219,#4220,#4221);
#4223=PLANE('',#4222);
#4224=ORIENTED_EDGE('',*,*,#3668,.T.);
#4225=CARTESIAN_POINT('',(0.118110236220472,-0.03740157480315,0.125984251968504));
#4226=DIRECTION('',(0.0,0.0,1.0));
#4227=VECTOR('',#4226,0.005905511811024);
#4228=LINE('',#4225,#4227);
#4229=EDGE_CURVE('',#3655,#4069,#4228,.T.);
#4230=ORIENTED_EDGE('',*,*,#4229,.T.);
#4231=ORIENTED_EDGE('',*,*,#4100,.F.);
#4232=CARTESIAN_POINT('',(0.090551181102362,-0.03740157480315,0.125984251968504));
#4233=DIRECTION('',(0.0,0.0,1.0));
#4234=VECTOR('',#4233,0.005905511811024);
#4235=LINE('',#4232,#4234);
#4236=EDGE_CURVE('',#3663,#4088,#4235,.T.);
#4237=ORIENTED_EDGE('',*,*,#4236,.F.);
#4238=EDGE_LOOP('',(#4224,#4230,#4231,#4237));
#4239=FACE_OUTER_BOUND('',#4238,.T.);
#4240=ADVANCED_FACE('',(#4239),#4223,.T.);
#4241=CARTESIAN_POINT('',(0.090551181102362,-0.02755905511811,0.118110236220472));
#4242=DIRECTION('',(0.0,0.0,1.0));
#4243=DIRECTION('',(0.707106781186547,0.707106781186548,0.0));
#4244=AXIS2_PLACEMENT_3D('',#4241,#4242,#4243);
#4245=CYLINDRICAL_SURFACE('',#4244,0.009842519685039);
#4246=ORIENTED_EDGE('',*,*,#3677,.T.);
#4247=ORIENTED_EDGE('',*,*,#4236,.T.);
#4248=ORIENTED_EDGE('',*,*,#4156,.F.);
#4249=CARTESIAN_POINT('',(0.080708661417323,-0.02755905511811,0.125984251968504));
#4250=DIRECTION('',(0.0,0.0,1.0));
#4251=VECTOR('',#4250,0.005905511811024);
#4252=LINE('',#4249,#4251);
#4253=EDGE_CURVE('',#3671,#4111,#4252,.T.);
#4254=ORIENTED_EDGE('',*,*,#4253,.F.);
#4255=EDGE_LOOP('',(#4246,#4247,#4248,#4254));
#4256=FACE_OUTER_BOUND('',#4255,.T.);
#4257=ADVANCED_FACE('',(#4256),#4245,.T.);
#4258=CARTESIAN_POINT('',(0.080708661417323,-0.030314960629921,0.125688976377953));
#4259=DIRECTION('',(-1.0,0.0,0.0));
#4260=DIRECTION('',(0.0,0.0,1.0));
#4261=AXIS2_PLACEMENT_3D('',#4258,#4259,#4260);
#4262=PLANE('',#4261);
#4263=ORIENTED_EDGE('',*,*,#3685,.T.);
#4264=ORIENTED_EDGE('',*,*,#4253,.T.);
#4265=ORIENTED_EDGE('',*,*,#4140,.F.);
#4266=CARTESIAN_POINT('',(0.080708661417323,0.02755905511811,0.125984251968504));
#4267=DIRECTION('',(0.0,0.0,1.0));
#4268=VECTOR('',#4267,0.005905511811024);
#4269=LINE('',#4266,#4268);
#4270=EDGE_CURVE('',#3680,#4128,#4269,.T.);
#4271=ORIENTED_EDGE('',*,*,#4270,.F.);
#4272=EDGE_LOOP('',(#4263,#4264,#4265,#4271));
#4273=FACE_OUTER_BOUND('',#4272,.T.);
#4274=ADVANCED_FACE('',(#4273),#4262,.T.);
#4275=CARTESIAN_POINT('',(0.090551181102362,0.02755905511811,0.118110236220472));
#4276=DIRECTION('',(0.0,0.0,1.0));
#4277=DIRECTION('',(0.707106781186548,-0.707106781186547,0.0));
#4278=AXIS2_PLACEMENT_3D('',#4275,#4276,#4277);
#4279=CYLINDRICAL_SURFACE('',#4278,0.009842519685039);
#4280=ORIENTED_EDGE('',*,*,#3694,.T.);
#4281=ORIENTED_EDGE('',*,*,#4270,.T.);
#4282=ORIENTED_EDGE('',*,*,#4213,.F.);
#4283=CARTESIAN_POINT('',(0.090551181102362,0.03740157480315,0.125984251968504));
#4284=DIRECTION('',(0.0,0.0,1.0));
#4285=VECTOR('',#4284,0.005905511811024);
#4286=LINE('',#4283,#4285);
#4287=EDGE_CURVE('',#3688,#4179,#4286,.T.);
#4288=ORIENTED_EDGE('',*,*,#4287,.F.);
#4289=EDGE_LOOP('',(#4280,#4281,#4282,#4288));
#4290=FACE_OUTER_BOUND('',#4289,.T.);
#4291=ADVANCED_FACE('',(#4290),#4279,.T.);
#4292=CARTESIAN_POINT('',(0.089173228346457,0.03740157480315,0.125688976377953));
#4293=DIRECTION('',(0.0,1.0,0.0));
#4294=DIRECTION('',(0.0,0.0,1.0));
#4295=AXIS2_PLACEMENT_3D('',#4292,#4293,#4294);
#4296=PLANE('',#4295);
#4297=ORIENTED_EDGE('',*,*,#3702,.T.);
#4298=ORIENTED_EDGE('',*,*,#4287,.T.);
#4299=ORIENTED_EDGE('',*,*,#4184,.F.);
#4300=CARTESIAN_POINT('',(0.118110236220472,0.03740157480315,0.125984251968504));
#4301=DIRECTION('',(0.0,0.0,1.0));
#4302=VECTOR('',#4301,0.005905511811024);
#4303=LINE('',#4300,#4302);
#4304=EDGE_CURVE('',#3697,#4170,#4303,.T.);
#4305=ORIENTED_EDGE('',*,*,#4304,.F.);
#4306=EDGE_LOOP('',(#4297,#4298,#4299,#4305));
#4307=FACE_OUTER_BOUND('',#4306,.T.);
#4308=ADVANCED_FACE('',(#4307),#4296,.T.);
#4309=CARTESIAN_POINT('',(-0.119488188976378,-0.030314960629921,0.141732283464567));
#4310=DIRECTION('',(0.0,0.0,1.0));
#4311=DIRECTION('',(1.0,0.0,0.0));
#4312=AXIS2_PLACEMENT_3D('',#4309,#4310,#4311);
#4313=PLANE('',#4312);
#4314=ORIENTED_EDGE('',*,*,#3966,.F.);
#4315=CARTESIAN_POINT('',(-0.118110236220472,-0.02755905511811,0.141732283464567));
#4316=DIRECTION('',(0.0,1.0,0.0));
#4317=VECTOR('',#4316,0.05511811023622);
#4318=LINE('',#4315,#4317);
#4319=EDGE_CURVE('',#4027,#3952,#4318,.T.);
#4320=ORIENTED_EDGE('',*,*,#4319,.F.);
#4321=ORIENTED_EDGE('',*,*,#4047,.F.);
#4322=ORIENTED_EDGE('',*,*,#3997,.F.);
#4323=EDGE_LOOP('',(#4314,#4320,#4321,#4322));
#4324=FACE_OUTER_BOUND('',#4323,.T.);
#4325=ADVANCED_FACE('',(#4324),#4313,.T.);
#4326=CARTESIAN_POINT('',(0.089173228346457,-0.030314960629921,0.141732283464567));
#4327=DIRECTION('',(0.0,0.0,1.0));
#4328=DIRECTION('',(1.0,0.0,0.0));
#4329=AXIS2_PLACEMENT_3D('',#4326,#4327,#4328);
#4330=PLANE('',#4329);
#4331=ORIENTED_EDGE('',*,*,#4085,.F.);
#4332=CARTESIAN_POINT('',(0.118110236220472,0.02755905511811,0.141732283464567));
#4333=DIRECTION('',(0.0,-1.0,0.0));
#4334=VECTOR('',#4333,0.05511811023622);
#4335=LINE('',#4332,#4334);
#4336=EDGE_CURVE('',#4168,#4071,#4335,.T.);
#4337=ORIENTED_EDGE('',*,*,#4336,.F.);
#4338=ORIENTED_EDGE('',*,*,#4197,.F.);
#4339=ORIENTED_EDGE('',*,*,#4125,.F.);
#4340=EDGE_LOOP('',(#4331,#4337,#4338,#4339));
#4341=FACE_OUTER_BOUND('',#4340,.T.);
#4342=ADVANCED_FACE('',(#4341),#4330,.T.);
#4343=CARTESIAN_POINT('',(-0.02992125984252,0.023720472440944,-0.000393700787402));
#4344=DIRECTION('',(-0.707106781186548,4.361368E-016,0.707106781186547));
#4345=DIRECTION('',(0.707106781186547,0.0,0.707106781186548));
#4346=AXIS2_PLACEMENT_3D('',#4343,#4344,#4345);
#4347=PLANE('',#4346);
#4348=CARTESIAN_POINT('',(-0.021653543307087,0.024606299212598,0.007874015748031));
#4349=VERTEX_POINT('',#4348);
#4350=CARTESIAN_POINT('',(-0.021653543307087,0.042322834645669,0.007874015748031));
#4351=VERTEX_POINT('',#4350);
#4352=CARTESIAN_POINT('',(-0.021653543307087,0.024606299212598,0.007874015748031));
#4353=DIRECTION('',(0.0,1.0,0.0));
#4354=VECTOR('',#4353,0.017716535433071);
#4355=LINE('',#4352,#4354);
#4356=EDGE_CURVE('',#4349,#4351,#4355,.T.);
#4357=ORIENTED_EDGE('',*,*,#4356,.F.);
#4358=CARTESIAN_POINT('',(-0.029527559055118,0.024606299212598,0.0));
#4359=VERTEX_POINT('',#4358);
#4360=CARTESIAN_POINT('',(-0.029527559055118,0.024606299212598,-7.643534E-034));
#4361=DIRECTION('',(0.707106781186548,-3.115652E-016,0.707106781186547));
#4362=VECTOR('',#4361,0.011135539861205);
#4363=LINE('',#4360,#4362);
#4364=EDGE_CURVE('',#4359,#4349,#4363,.T.);
#4365=ORIENTED_EDGE('',*,*,#4364,.F.);
#4366=CARTESIAN_POINT('',(-0.029527559055118,0.042322834645669,-1.734723E-018));
#4367=VERTEX_POINT('',#4366);
#4368=CARTESIAN_POINT('',(-0.029527559055118,0.042322834645669,0.0));
#4369=DIRECTION('',(0.0,-1.0,0.0));
#4370=VECTOR('',#4369,0.017716535433071);
#4371=LINE('',#4368,#4370);
#4372=EDGE_CURVE('',#4367,#4359,#4371,.T.);
#4373=ORIENTED_EDGE('',*,*,#4372,.F.);
#4374=CARTESIAN_POINT('',(-0.029527559055118,0.042322834645669,-5.204170E-018));
#4375=DIRECTION('',(0.707106781186547,0.0,0.707106781186548));
#4376=VECTOR('',#4375,0.011135539861205);
#4377=LINE('',#4374,#4376);
#4378=EDGE_CURVE('',#4367,#4351,#4377,.T.);
#4379=ORIENTED_EDGE('',*,*,#4378,.T.);
#4380=EDGE_LOOP('',(#4357,#4365,#4373,#4379));
#4381=FACE_OUTER_BOUND('',#4380,.T.);
#4382=ADVANCED_FACE('',(#4381),#4347,.F.);
#4383=CARTESIAN_POINT('',(-0.03248031496063,0.042322834645669,-0.000393700787402));
#4384=DIRECTION('',(0.0,1.0,0.0));
#4385=DIRECTION('',(0.0,0.0,1.0));
#4386=AXIS2_PLACEMENT_3D('',#4383,#4384,#4385);
#4387=PLANE('',#4386);
#4388=CARTESIAN_POINT('',(0.021653543307087,0.042322834645669,0.007874015748031));
#4389=VERTEX_POINT('',#4388);
#4390=CARTESIAN_POINT('',(-0.021653543307087,0.042322834645669,0.007874015748031));
#4391=DIRECTION('',(1.0,0.0,0.0));
#4392=VECTOR('',#4391,0.043307086614174);
#4393=LINE('',#4390,#4392);
#4394=EDGE_CURVE('',#4351,#4389,#4393,.T.);
#4395=ORIENTED_EDGE('',*,*,#4394,.F.);
#4396=ORIENTED_EDGE('',*,*,#4378,.F.);
#4397=CARTESIAN_POINT('',(0.029527559055118,0.042322834645669,-9.106160E-020));
#4398=VERTEX_POINT('',#4397);
#4399=CARTESIAN_POINT('',(0.029527559055118,0.042322834645669,0.0));
#4400=DIRECTION('',(-1.0,0.0,0.0));
#4401=VECTOR('',#4400,0.059055118110236);
#4402=LINE('',#4399,#4401);
#4403=EDGE_CURVE('',#4398,#4367,#4402,.T.);
#4404=ORIENTED_EDGE('',*,*,#4403,.F.);
#4405=CARTESIAN_POINT('',(0.029527559055118,0.042322834645669,-1.821232E-019));
#4406=DIRECTION('',(-0.707106781186547,0.0,0.707106781186548));
#4407=VECTOR('',#4406,0.011135539861205);
#4408=LINE('',#4405,#4407);
#4409=EDGE_CURVE('',#4398,#4389,#4408,.T.);
#4410=ORIENTED_EDGE('',*,*,#4409,.T.);
#4411=EDGE_LOOP('',(#4395,#4396,#4404,#4410));
#4412=FACE_OUTER_BOUND('',#4411,.T.);
#4413=ADVANCED_FACE('',(#4412),#4387,.F.);
#4414=CARTESIAN_POINT('',(0.021259842519685,0.023720472440944,0.008267716535433));
#4415=DIRECTION('',(0.707106781186548,-2.180684E-016,0.707106781186547));
#4416=DIRECTION('',(0.707106781186547,0.0,-0.707106781186548));
#4417=AXIS2_PLACEMENT_3D('',#4414,#4415,#4416);
#4418=PLANE('',#4417);
#4419=CARTESIAN_POINT('',(0.021653543307087,0.024606299212598,0.007874015748031));
#4420=VERTEX_POINT('',#4419);
#4421=CARTESIAN_POINT('',(0.021653543307087,0.042322834645669,0.007874015748031));
#4422=DIRECTION('',(0.0,-1.0,0.0));
#4423=VECTOR('',#4422,0.017716535433071);
#4424=LINE('',#4421,#4423);
#4425=EDGE_CURVE('',#4389,#4420,#4424,.T.);
#4426=ORIENTED_EDGE('',*,*,#4425,.F.);
#4427=ORIENTED_EDGE('',*,*,#4409,.F.);
#4428=CARTESIAN_POINT('',(0.029527559055118,0.024606299212598,1.156482E-018));
#4429=VERTEX_POINT('',#4428);
#4430=CARTESIAN_POINT('',(0.029527559055118,0.024606299212598,0.0));
#4431=DIRECTION('',(0.0,1.0,0.0));
#4432=VECTOR('',#4431,0.017716535433071);
#4433=LINE('',#4430,#4432);
#4434=EDGE_CURVE('',#4429,#4398,#4433,.T.);
#4435=ORIENTED_EDGE('',*,*,#4434,.F.);
#4436=CARTESIAN_POINT('',(0.029527559055118,0.024606299212598,5.782412E-018));
#4437=DIRECTION('',(-0.707106781186548,0.0,0.707106781186547));
#4438=VECTOR('',#4437,0.011135539861205);
#4439=LINE('',#4436,#4438);
#4440=EDGE_CURVE('',#4429,#4420,#4439,.T.);
#4441=ORIENTED_EDGE('',*,*,#4440,.T.);
#4442=EDGE_LOOP('',(#4426,#4427,#4435,#4441));
#4443=FACE_OUTER_BOUND('',#4442,.T.);
#4444=ADVANCED_FACE('',(#4443),#4418,.F.);
#4445=CARTESIAN_POINT('',(-0.03248031496063,0.024606299212598,0.008267716535433));
#4446=DIRECTION('',(0.0,-1.0,0.0));
#4447=DIRECTION('',(0.0,0.0,-1.0));
#4448=AXIS2_PLACEMENT_3D('',#4445,#4446,#4447);
#4449=PLANE('',#4448);
#4450=CARTESIAN_POINT('',(0.021653543307087,0.024606299212598,0.007874015748031));
#4451=DIRECTION('',(-1.0,0.0,0.0));
#4452=VECTOR('',#4451,0.043307086614174);
#4453=LINE('',#4450,#4452);
#4454=EDGE_CURVE('',#4420,#4349,#4453,.T.);
#4455=ORIENTED_EDGE('',*,*,#4454,.F.);
#4456=ORIENTED_EDGE('',*,*,#4440,.F.);
#4457=CARTESIAN_POINT('',(-0.029527559055118,0.024606299212598,0.0));
#4458=DIRECTION('',(1.0,0.0,0.0));
#4459=VECTOR('',#4458,0.059055118110236);
#4460=LINE('',#4457,#4459);
#4461=EDGE_CURVE('',#4359,#4429,#4460,.T.);
#4462=ORIENTED_EDGE('',*,*,#4461,.F.);
#4463=ORIENTED_EDGE('',*,*,#4364,.T.);
#4464=EDGE_LOOP('',(#4455,#4456,#4462,#4463));
#4465=FACE_OUTER_BOUND('',#4464,.T.);
#4466=ADVANCED_FACE('',(#4465),#4449,.F.);
#4467=CARTESIAN_POINT('',(-0.023818897637796,0.023720472440944,0.007874015748031));
#4468=DIRECTION('',(0.0,0.0,1.0));
#4469=DIRECTION('',(1.0,0.0,0.0));
#4470=AXIS2_PLACEMENT_3D('',#4467,#4468,#4469);
#4471=PLANE('',#4470);
#4472=ORIENTED_EDGE('',*,*,#4356,.T.);
#4473=ORIENTED_EDGE('',*,*,#4394,.T.);
#4474=ORIENTED_EDGE('',*,*,#4425,.T.);
#4475=ORIENTED_EDGE('',*,*,#4454,.T.);
#4476=EDGE_LOOP('',(#4472,#4473,#4474,#4475));
#4477=FACE_OUTER_BOUND('',#4476,.T.);
#4478=ADVANCED_FACE('',(#4477),#4471,.F.);
#4479=CARTESIAN_POINT('',(-0.02992125984252,-0.009744094488189,-0.000393700787402));
#4480=DIRECTION('',(-0.707106781186548,4.361368E-016,0.707106781186547));
#4481=DIRECTION('',(0.707106781186547,0.0,0.707106781186548));
#4482=AXIS2_PLACEMENT_3D('',#4479,#4480,#4481);
#4483=PLANE('',#4482);
#4484=CARTESIAN_POINT('',(-0.021653543307087,-0.008858267716535,0.007874015748031));
#4485=VERTEX_POINT('',#4484);
#4486=CARTESIAN_POINT('',(-0.021653543307087,0.008858267716535,0.007874015748031));
#4487=VERTEX_POINT('',#4486);
#4488=CARTESIAN_POINT('',(-0.021653543307087,-0.008858267716535,0.007874015748031));
#4489=DIRECTION('',(0.0,1.0,0.0));
#4490=VECTOR('',#4489,0.01771653543307);
#4491=LINE('',#4488,#4490);
#4492=EDGE_CURVE('',#4485,#4487,#4491,.T.);
#4493=ORIENTED_EDGE('',*,*,#4492,.F.);
#4494=CARTESIAN_POINT('',(-0.029527559055118,-0.008858267716535,0.0));
#4495=VERTEX_POINT('',#4494);
#4496=CARTESIAN_POINT('',(-0.029527559055118,-0.008858267716535,0.0));
#4497=DIRECTION('',(0.707106781186548,-1.557826E-016,0.707106781186547));
#4498=VECTOR('',#4497,0.011135539861205);
#4499=LINE('',#4496,#4498);
#4500=EDGE_CURVE('',#4495,#4485,#4499,.T.);
#4501=ORIENTED_EDGE('',*,*,#4500,.F.);
#4502=CARTESIAN_POINT('',(-0.029527559055118,0.008858267716535,-1.734723E-018));
#4503=VERTEX_POINT('',#4502);
#4504=CARTESIAN_POINT('',(-0.029527559055118,0.008858267716535,0.0));
#4505=DIRECTION('',(0.0,-1.0,0.0));
#4506=VECTOR('',#4505,0.01771653543307);
#4507=LINE('',#4504,#4506);
#4508=EDGE_CURVE('',#4503,#4495,#4507,.T.);
#4509=ORIENTED_EDGE('',*,*,#4508,.F.);
#4510=CARTESIAN_POINT('',(-0.029527559055118,0.008858267716535,-5.204170E-018));
#4511=DIRECTION('',(0.707106781186547,-1.557826E-016,0.707106781186548));
#4512=VECTOR('',#4511,0.011135539861205);
#4513=LINE('',#4510,#4512);
#4514=EDGE_CURVE('',#4503,#4487,#4513,.T.);
#4515=ORIENTED_EDGE('',*,*,#4514,.T.);
#4516=EDGE_LOOP('',(#4493,#4501,#4509,#4515));
#4517=FACE_OUTER_BOUND('',#4516,.T.);
#4518=ADVANCED_FACE('',(#4517),#4483,.F.);
#4519=CARTESIAN_POINT('',(-0.03248031496063,0.008858267716535,-0.000393700787402));
#4520=DIRECTION('',(0.0,1.0,0.0));
#4521=DIRECTION('',(0.0,0.0,1.0));
#4522=AXIS2_PLACEMENT_3D('',#4519,#4520,#4521);
#4523=PLANE('',#4522);
#4524=CARTESIAN_POINT('',(0.021653543307087,0.008858267716535,0.007874015748031));
#4525=VERTEX_POINT('',#4524);
#4526=CARTESIAN_POINT('',(-0.021653543307087,0.008858267716535,0.007874015748031));
#4527=DIRECTION('',(1.0,0.0,0.0));
#4528=VECTOR('',#4527,0.043307086614174);
#4529=LINE('',#4526,#4528);
#4530=EDGE_CURVE('',#4487,#4525,#4529,.T.);
#4531=ORIENTED_EDGE('',*,*,#4530,.F.);
#4532=ORIENTED_EDGE('',*,*,#4514,.F.);
#4533=CARTESIAN_POINT('',(0.029527559055118,0.008858267716535,0.0));
#4534=VERTEX_POINT('',#4533);
#4535=CARTESIAN_POINT('',(0.029527559055118,0.008858267716535,0.0));
#4536=DIRECTION('',(-1.0,0.0,0.0));
#4537=VECTOR('',#4536,0.059055118110236);
#4538=LINE('',#4535,#4537);
#4539=EDGE_CURVE('',#4534,#4503,#4538,.T.);
#4540=ORIENTED_EDGE('',*,*,#4539,.F.);
#4541=CARTESIAN_POINT('',(0.029527559055118,0.008858267716535,0.0));
#4542=DIRECTION('',(-0.707106781186548,1.557826E-016,0.707106781186547));
#4543=VECTOR('',#4542,0.011135539861205);
#4544=LINE('',#4541,#4543);
#4545=EDGE_CURVE('',#4534,#4525,#4544,.T.);
#4546=ORIENTED_EDGE('',*,*,#4545,.T.);
#4547=EDGE_LOOP('',(#4531,#4532,#4540,#4546));
#4548=FACE_OUTER_BOUND('',#4547,.T.);
#4549=ADVANCED_FACE('',(#4548),#4523,.F.);
#4550=CARTESIAN_POINT('',(0.021259842519685,-0.009744094488189,0.008267716535433));
#4551=DIRECTION('',(0.707106781186548,0.0,0.707106781186547));
#4552=DIRECTION('',(0.707106781186547,0.0,-0.707106781186548));
#4553=AXIS2_PLACEMENT_3D('',#4550,#4551,#4552);
#4554=PLANE('',#4553);
#4555=CARTESIAN_POINT('',(0.021653543307087,-0.008858267716535,0.007874015748031));
#4556=VERTEX_POINT('',#4555);
#4557=CARTESIAN_POINT('',(0.021653543307087,0.008858267716535,0.007874015748031));
#4558=DIRECTION('',(0.0,-1.0,0.0));
#4559=VECTOR('',#4558,0.01771653543307);
#4560=LINE('',#4557,#4559);
#4561=EDGE_CURVE('',#4525,#4556,#4560,.T.);
#4562=ORIENTED_EDGE('',*,*,#4561,.F.);
#4563=ORIENTED_EDGE('',*,*,#4545,.F.);
#4564=CARTESIAN_POINT('',(0.029527559055118,-0.008858267716535,-1.734723E-018));
#4565=VERTEX_POINT('',#4564);
#4566=CARTESIAN_POINT('',(0.029527559055118,-0.008858267716535,0.0));
#4567=DIRECTION('',(0.0,1.0,0.0));
#4568=VECTOR('',#4567,0.01771653543307);
#4569=LINE('',#4566,#4568);
#4570=EDGE_CURVE('',#4565,#4534,#4569,.T.);
#4571=ORIENTED_EDGE('',*,*,#4570,.F.);
#4572=CARTESIAN_POINT('',(0.029527559055118,-0.008858267716535,-5.204170E-018));
#4573=DIRECTION('',(-0.707106781186547,1.557826E-016,0.707106781186548));
#4574=VECTOR('',#4573,0.011135539861205);
#4575=LINE('',#4572,#4574);
#4576=EDGE_CURVE('',#4565,#4556,#4575,.T.);
#4577=ORIENTED_EDGE('',*,*,#4576,.T.);
#4578=EDGE_LOOP('',(#4562,#4563,#4571,#4577));
#4579=FACE_OUTER_BOUND('',#4578,.T.);
#4580=ADVANCED_FACE('',(#4579),#4554,.F.);
#4581=CARTESIAN_POINT('',(-0.03248031496063,-0.008858267716535,0.008267716535433));
#4582=DIRECTION('',(0.0,-1.0,0.0));
#4583=DIRECTION('',(0.0,0.0,-1.0));
#4584=AXIS2_PLACEMENT_3D('',#4581,#4582,#4583);
#4585=PLANE('',#4584);
#4586=CARTESIAN_POINT('',(0.021653543307087,-0.008858267716535,0.007874015748031));
#4587=DIRECTION('',(-1.0,0.0,0.0));
#4588=VECTOR('',#4587,0.043307086614174);
#4589=LINE('',#4586,#4588);
#4590=EDGE_CURVE('',#4556,#4485,#4589,.T.);
#4591=ORIENTED_EDGE('',*,*,#4590,.F.);
#4592=ORIENTED_EDGE('',*,*,#4576,.F.);
#4593=CARTESIAN_POINT('',(-0.029527559055118,-0.008858267716535,0.0));
#4594=DIRECTION('',(1.0,0.0,0.0));
#4595=VECTOR('',#4594,0.059055118110236);
#4596=LINE('',#4593,#4595);
#4597=EDGE_CURVE('',#4495,#4565,#4596,.T.);
#4598=ORIENTED_EDGE('',*,*,#4597,.F.);
#4599=ORIENTED_EDGE('',*,*,#4500,.T.);
#4600=EDGE_LOOP('',(#4591,#4592,#4598,#4599));
#4601=FACE_OUTER_BOUND('',#4600,.T.);
#4602=ADVANCED_FACE('',(#4601),#4585,.F.);
#4603=CARTESIAN_POINT('',(-0.023818897637796,-0.009744094488188,0.007874015748031));
#4604=DIRECTION('',(0.0,0.0,1.0));
#4605=DIRECTION('',(1.0,0.0,0.0));
#4606=AXIS2_PLACEMENT_3D('',#4603,#4604,#4605);
#4607=PLANE('',#4606);
#4608=ORIENTED_EDGE('',*,*,#4492,.T.);
#4609=ORIENTED_EDGE('',*,*,#4530,.T.);
#4610=ORIENTED_EDGE('',*,*,#4561,.T.);
#4611=ORIENTED_EDGE('',*,*,#4590,.T.);
#4612=EDGE_LOOP('',(#4608,#4609,#4610,#4611));
#4613=FACE_OUTER_BOUND('',#4612,.T.);
#4614=ADVANCED_FACE('',(#4613),#4607,.F.);
#4615=CARTESIAN_POINT('',(-0.02992125984252,-0.043208661417323,-0.000393700787402));
#4616=DIRECTION('',(-0.707106781186548,2.180684E-016,0.707106781186547));
#4617=DIRECTION('',(0.707106781186547,0.0,0.707106781186548));
#4618=AXIS2_PLACEMENT_3D('',#4615,#4616,#4617);
#4619=PLANE('',#4618);
#4620=CARTESIAN_POINT('',(-0.021653543307087,-0.042322834645669,0.007874015748031));
#4621=VERTEX_POINT('',#4620);
#4622=CARTESIAN_POINT('',(-0.021653543307087,-0.024606299212598,0.007874015748031));
#4623=VERTEX_POINT('',#4622);
#4624=CARTESIAN_POINT('',(-0.021653543307087,-0.042322834645669,0.007874015748031));
#4625=DIRECTION('',(0.0,1.0,0.0));
#4626=VECTOR('',#4625,0.017716535433071);
#4627=LINE('',#4624,#4626);
#4628=EDGE_CURVE('',#4621,#4623,#4627,.T.);
#4629=ORIENTED_EDGE('',*,*,#4628,.F.);
#4630=CARTESIAN_POINT('',(-0.029527559055118,-0.042322834645669,9.106160E-020));
#4631=VERTEX_POINT('',#4630);
#4632=CARTESIAN_POINT('',(-0.029527559055118,-0.042322834645669,1.821232E-019));
#4633=DIRECTION('',(0.707106781186547,0.0,0.707106781186548));
#4634=VECTOR('',#4633,0.011135539861205);
#4635=LINE('',#4632,#4634);
#4636=EDGE_CURVE('',#4631,#4621,#4635,.T.);
#4637=ORIENTED_EDGE('',*,*,#4636,.F.);
#4638=CARTESIAN_POINT('',(-0.029527559055118,-0.024606299212598,-1.734723E-018));
#4639=VERTEX_POINT('',#4638);
#4640=CARTESIAN_POINT('',(-0.029527559055118,-0.024606299212598,0.0));
#4641=DIRECTION('',(0.0,-1.0,0.0));
#4642=VECTOR('',#4641,0.017716535433071);
#4643=LINE('',#4640,#4642);
#4644=EDGE_CURVE('',#4639,#4631,#4643,.T.);
#4645=ORIENTED_EDGE('',*,*,#4644,.F.);
#4646=CARTESIAN_POINT('',(-0.029527559055118,-0.024606299212598,-5.204170E-018));
#4647=DIRECTION('',(0.707106781186547,0.0,0.707106781186548));
#4648=VECTOR('',#4647,0.011135539861205);
#4649=LINE('',#4646,#4648);
#4650=EDGE_CURVE('',#4639,#4623,#4649,.T.);
#4651=ORIENTED_EDGE('',*,*,#4650,.T.);
#4652=EDGE_LOOP('',(#4629,#4637,#4645,#4651));
#4653=FACE_OUTER_BOUND('',#4652,.T.);
#4654=ADVANCED_FACE('',(#4653),#4619,.F.);
#4655=CARTESIAN_POINT('',(-0.03248031496063,-0.024606299212598,-0.000393700787402));
#4656=DIRECTION('',(0.0,1.0,0.0));
#4657=DIRECTION('',(0.0,0.0,1.0));
#4658=AXIS2_PLACEMENT_3D('',#4655,#4656,#4657);
#4659=PLANE('',#4658);
#4660=CARTESIAN_POINT('',(0.021653543307087,-0.024606299212598,0.007874015748031));
#4661=VERTEX_POINT('',#4660);
#4662=CARTESIAN_POINT('',(-0.021653543307087,-0.024606299212598,0.007874015748031));
#4663=DIRECTION('',(1.0,0.0,0.0));
#4664=VECTOR('',#4663,0.043307086614174);
#4665=LINE('',#4662,#4664);
#4666=EDGE_CURVE('',#4623,#4661,#4665,.T.);
#4667=ORIENTED_EDGE('',*,*,#4666,.F.);
#4668=ORIENTED_EDGE('',*,*,#4650,.F.);
#4669=CARTESIAN_POINT('',(0.029527559055118,-0.024606299212598,9.106160E-020));
#4670=VERTEX_POINT('',#4669);
#4671=CARTESIAN_POINT('',(0.029527559055118,-0.024606299212598,0.0));
#4672=DIRECTION('',(-1.0,0.0,0.0));
#4673=VECTOR('',#4672,0.059055118110236);
#4674=LINE('',#4671,#4673);
#4675=EDGE_CURVE('',#4670,#4639,#4674,.T.);
#4676=ORIENTED_EDGE('',*,*,#4675,.F.);
#4677=CARTESIAN_POINT('',(0.029527559055118,-0.024606299212598,1.821232E-019));
#4678=DIRECTION('',(-0.707106781186547,3.115652E-016,0.707106781186548));
#4679=VECTOR('',#4678,0.011135539861205);
#4680=LINE('',#4677,#4679);
#4681=EDGE_CURVE('',#4670,#4661,#4680,.T.);
#4682=ORIENTED_EDGE('',*,*,#4681,.T.);
#4683=EDGE_LOOP('',(#4667,#4668,#4676,#4682));
#4684=FACE_OUTER_BOUND('',#4683,.T.);
#4685=ADVANCED_FACE('',(#4684),#4659,.F.);
#4686=CARTESIAN_POINT('',(0.021259842519685,-0.043208661417323,0.008267716535433));
#4687=DIRECTION('',(0.707106781186548,-4.361368E-016,0.707106781186547));
#4688=DIRECTION('',(0.707106781186547,0.0,-0.707106781186548));
#4689=AXIS2_PLACEMENT_3D('',#4686,#4687,#4688);
#4690=PLANE('',#4689);
#4691=CARTESIAN_POINT('',(0.021653543307087,-0.042322834645669,0.007874015748031));
#4692=VERTEX_POINT('',#4691);
#4693=CARTESIAN_POINT('',(0.021653543307087,-0.024606299212598,0.007874015748031));
#4694=DIRECTION('',(0.0,-1.0,0.0));
#4695=VECTOR('',#4694,0.017716535433071);
#4696=LINE('',#4693,#4695);
#4697=EDGE_CURVE('',#4661,#4692,#4696,.T.);
#4698=ORIENTED_EDGE('',*,*,#4697,.F.);
#4699=ORIENTED_EDGE('',*,*,#4681,.F.);
#4700=CARTESIAN_POINT('',(0.029527559055118,-0.042322834645669,-1.734723E-018));
#4701=VERTEX_POINT('',#4700);
#4702=CARTESIAN_POINT('',(0.029527559055118,-0.042322834645669,0.0));
#4703=DIRECTION('',(0.0,1.0,0.0));
#4704=VECTOR('',#4703,0.017716535433071);
#4705=LINE('',#4702,#4704);
#4706=EDGE_CURVE('',#4701,#4670,#4705,.T.);
#4707=ORIENTED_EDGE('',*,*,#4706,.F.);
#4708=CARTESIAN_POINT('',(0.029527559055118,-0.042322834645669,-5.204170E-018));
#4709=DIRECTION('',(-0.707106781186547,0.0,0.707106781186548));
#4710=VECTOR('',#4709,0.011135539861205);
#4711=LINE('',#4708,#4710);
#4712=EDGE_CURVE('',#4701,#4692,#4711,.T.);
#4713=ORIENTED_EDGE('',*,*,#4712,.T.);
#4714=EDGE_LOOP('',(#4698,#4699,#4707,#4713));
#4715=FACE_OUTER_BOUND('',#4714,.T.);
#4716=ADVANCED_FACE('',(#4715),#4690,.F.);
#4717=CARTESIAN_POINT('',(-0.03248031496063,-0.042322834645669,0.008267716535433));
#4718=DIRECTION('',(0.0,-1.0,0.0));
#4719=DIRECTION('',(0.0,0.0,-1.0));
#4720=AXIS2_PLACEMENT_3D('',#4717,#4718,#4719);
#4721=PLANE('',#4720);
#4722=CARTESIAN_POINT('',(0.021653543307087,-0.042322834645669,0.007874015748031));
#4723=DIRECTION('',(-1.0,0.0,0.0));
#4724=VECTOR('',#4723,0.043307086614174);
#4725=LINE('',#4722,#4724);
#4726=EDGE_CURVE('',#4692,#4621,#4725,.T.);
#4727=ORIENTED_EDGE('',*,*,#4726,.F.);
#4728=ORIENTED_EDGE('',*,*,#4712,.F.);
#4729=CARTESIAN_POINT('',(-0.029527559055118,-0.042322834645669,0.0));
#4730=DIRECTION('',(1.0,0.0,0.0));
#4731=VECTOR('',#4730,0.059055118110236);
#4732=LINE('',#4729,#4731);
#4733=EDGE_CURVE('',#4631,#4701,#4732,.T.);
#4734=ORIENTED_EDGE('',*,*,#4733,.F.);
#4735=ORIENTED_EDGE('',*,*,#4636,.T.);
#4736=EDGE_LOOP('',(#4727,#4728,#4734,#4735));
#4737=FACE_OUTER_BOUND('',#4736,.T.);
#4738=ADVANCED_FACE('',(#4737),#4721,.F.);
#4739=CARTESIAN_POINT('',(-0.023818897637796,-0.043208661417323,0.007874015748031));
#4740=DIRECTION('',(0.0,0.0,1.0));
#4741=DIRECTION('',(1.0,0.0,0.0));
#4742=AXIS2_PLACEMENT_3D('',#4739,#4740,#4741);
#4743=PLANE('',#4742);
#4744=ORIENTED_EDGE('',*,*,#4628,.T.);
#4745=ORIENTED_EDGE('',*,*,#4666,.T.);
#4746=ORIENTED_EDGE('',*,*,#4697,.T.);
#4747=ORIENTED_EDGE('',*,*,#4726,.T.);
#4748=EDGE_LOOP('',(#4744,#4745,#4746,#4747));
#4749=FACE_OUTER_BOUND('',#4748,.T.);
#4750=ADVANCED_FACE('',(#4749),#4743,.F.);
#4751=CARTESIAN_POINT('',(-0.059055118110236,-0.06988188976378,0.000590551181102));
#4752=DIRECTION('',(1.0,0.0,0.0));
#4753=DIRECTION('',(0.0,0.0,-1.0));
#4754=AXIS2_PLACEMENT_3D('',#4751,#4752,#4753);
#4755=PLANE('',#4754);
#4756=CARTESIAN_POINT('',(-0.059055118110236,-0.068897637795276,-0.011811023622047));
#4757=VERTEX_POINT('',#4756);
#4758=CARTESIAN_POINT('',(-0.059055118110236,-0.049212598425197,-0.011811023622047));
#4759=VERTEX_POINT('',#4758);
#4760=CARTESIAN_POINT('',(-0.059055118110236,-0.068897637795276,-0.011811023622047));
#4761=DIRECTION('',(0.0,1.0,0.0));
#4762=VECTOR('',#4761,0.019685039370079);
#4763=LINE('',#4760,#4762);
#4764=EDGE_CURVE('',#4757,#4759,#4763,.T.);
#4765=ORIENTED_EDGE('',*,*,#4764,.T.);
#4766=CARTESIAN_POINT('',(-0.059055118110236,-0.049212598425197,0.0));
#4767=VERTEX_POINT('',#4766);
#4768=CARTESIAN_POINT('',(-0.059055118110236,-0.049212598425197,0.0));
#4769=DIRECTION('',(0.0,0.0,-1.0));
#4770=VECTOR('',#4769,0.011811023622047);
#4771=LINE('',#4768,#4770);
#4772=EDGE_CURVE('',#4767,#4759,#4771,.T.);
#4773=ORIENTED_EDGE('',*,*,#4772,.F.);
#4774=CARTESIAN_POINT('',(-0.059055118110236,-0.068897637795276,0.0));
#4775=VERTEX_POINT('',#4774);
#4776=CARTESIAN_POINT('',(-0.059055118110236,-0.068897637795276,0.0));
#4777=DIRECTION('',(0.0,1.0,0.0));
#4778=VECTOR('',#4777,0.019685039370079);
#4779=LINE('',#4776,#4778);
#4780=EDGE_CURVE('',#4775,#4767,#4779,.T.);
#4781=ORIENTED_EDGE('',*,*,#4780,.F.);
#4782=CARTESIAN_POINT('',(-0.059055118110236,-0.068897637795276,0.0));
#4783=DIRECTION('',(0.0,0.0,-1.0));
#4784=VECTOR('',#4783,0.011811023622047);
#4785=LINE('',#4782,#4784);
#4786=EDGE_CURVE('',#4775,#4757,#4785,.T.);
#4787=ORIENTED_EDGE('',*,*,#4786,.T.);
#4788=EDGE_LOOP('',(#4765,#4773,#4781,#4787));
#4789=FACE_OUTER_BOUND('',#4788,.T.);
#4790=ADVANCED_FACE('',(#4789),#4755,.T.);
#4791=CARTESIAN_POINT('',(-0.121062992125984,-0.049212598425197,-0.012401574803149));
#4792=DIRECTION('',(0.0,1.0,0.0));
#4793=DIRECTION('',(0.0,0.0,1.0));
#4794=AXIS2_PLACEMENT_3D('',#4791,#4792,#4793);
#4795=PLANE('',#4794);
#4796=CARTESIAN_POINT('',(-0.118110236220472,-0.049212598425197,-0.011811023622047));
#4797=VERTEX_POINT('',#4796);
#4798=CARTESIAN_POINT('',(-0.059055118110236,-0.049212598425197,-0.011811023622047));
#4799=DIRECTION('',(-1.0,0.0,0.0));
#4800=VECTOR('',#4799,0.059055118110236);
#4801=LINE('',#4798,#4800);
#4802=EDGE_CURVE('',#4759,#4797,#4801,.T.);
#4803=ORIENTED_EDGE('',*,*,#4802,.T.);
#4804=CARTESIAN_POINT('',(-0.118110236220472,-0.049212598425197,0.0));
#4805=VERTEX_POINT('',#4804);
#4806=CARTESIAN_POINT('',(-0.118110236220472,-0.049212598425197,0.0));
#4807=DIRECTION('',(0.0,0.0,-1.0));
#4808=VECTOR('',#4807,0.011811023622047);
#4809=LINE('',#4806,#4808);
#4810=EDGE_CURVE('',#4805,#4797,#4809,.T.);
#4811=ORIENTED_EDGE('',*,*,#4810,.F.);
#4812=CARTESIAN_POINT('',(-0.059055118110236,-0.049212598425197,0.0));
#4813=DIRECTION('',(-1.0,0.0,0.0));
#4814=VECTOR('',#4813,0.059055118110236);
#4815=LINE('',#4812,#4814);
#4816=EDGE_CURVE('',#4767,#4805,#4815,.T.);
#4817=ORIENTED_EDGE('',*,*,#4816,.F.);
#4818=ORIENTED_EDGE('',*,*,#4772,.T.);
#4819=EDGE_LOOP('',(#4803,#4811,#4817,#4818));
#4820=FACE_OUTER_BOUND('',#4819,.T.);
#4821=ADVANCED_FACE('',(#4820),#4795,.T.);
#4822=CARTESIAN_POINT('',(-0.121062992125985,-0.06988188976378,-0.011811023622047));
#4823=DIRECTION('',(0.0,0.0,1.0));
#4824=DIRECTION('',(1.0,0.0,0.0));
#4825=AXIS2_PLACEMENT_3D('',#4822,#4823,#4824);
#4826=PLANE('',#4825);
#4827=CARTESIAN_POINT('',(-0.098425196850394,-0.068897637795276,-0.011811023622047));
#4828=VERTEX_POINT('',#4827);
#4829=CARTESIAN_POINT('',(-0.098425196850394,-0.068897637795276,-0.011811023622047));
#4830=DIRECTION('',(1.0,0.0,0.0));
#4831=VECTOR('',#4830,0.039370078740158);
#4832=LINE('',#4829,#4831);
#4833=EDGE_CURVE('',#4828,#4757,#4832,.T.);
#4834=ORIENTED_EDGE('',*,*,#4833,.F.);
#4835=CARTESIAN_POINT('',(-0.098425196850394,-0.049212598425197,-0.011811023622047));
#4836=DIRECTION('',(0.0,0.0,1.0));
#4837=DIRECTION('',(0.0,-1.0,0.0));
#4838=AXIS2_PLACEMENT_3D('',#4835,#4836,#4837);
#4839=CIRCLE('',#4838,0.019685039370079);
#4840=EDGE_CURVE('',#4797,#4828,#4839,.T.);
#4841=ORIENTED_EDGE('',*,*,#4840,.F.);
#4842=ORIENTED_EDGE('',*,*,#4802,.F.);
#4843=ORIENTED_EDGE('',*,*,#4764,.F.);
#4844=EDGE_LOOP('',(#4834,#4841,#4842,#4843));
#4845=FACE_OUTER_BOUND('',#4844,.T.);
#4846=ADVANCED_FACE('',(#4845),#4826,.F.);
#4847=CARTESIAN_POINT('',(0.056102362204724,-0.049212598425197,-0.012401574803149));
#4848=DIRECTION('',(0.0,1.0,0.0));
#4849=DIRECTION('',(0.0,0.0,1.0));
#4850=AXIS2_PLACEMENT_3D('',#4847,#4848,#4849);
#4851=PLANE('',#4850);
#4852=CARTESIAN_POINT('',(0.118110236220472,-0.049212598425197,-0.011811023622047));
#4853=VERTEX_POINT('',#4852);
#4854=CARTESIAN_POINT('',(0.059055118110236,-0.049212598425197,-0.011811023622047));
#4855=VERTEX_POINT('',#4854);
#4856=CARTESIAN_POINT('',(0.118110236220472,-0.049212598425197,-0.011811023622047));
#4857=DIRECTION('',(-1.0,0.0,0.0));
#4858=VECTOR('',#4857,0.059055118110236);
#4859=LINE('',#4856,#4858);
#4860=EDGE_CURVE('',#4853,#4855,#4859,.T.);
#4861=ORIENTED_EDGE('',*,*,#4860,.T.);
#4862=CARTESIAN_POINT('',(0.059055118110236,-0.049212598425197,0.0));
#4863=VERTEX_POINT('',#4862);
#4864=CARTESIAN_POINT('',(0.059055118110236,-0.049212598425197,0.0));
#4865=DIRECTION('',(0.0,0.0,-1.0));
#4866=VECTOR('',#4865,0.011811023622047);
#4867=LINE('',#4864,#4866);
#4868=EDGE_CURVE('',#4863,#4855,#4867,.T.);
#4869=ORIENTED_EDGE('',*,*,#4868,.F.);
#4870=CARTESIAN_POINT('',(0.118110236220472,-0.049212598425197,-1.540744E-033));
#4871=VERTEX_POINT('',#4870);
#4872=CARTESIAN_POINT('',(0.118110236220472,-0.049212598425197,0.0));
#4873=DIRECTION('',(-1.0,0.0,0.0));
#4874=VECTOR('',#4873,0.059055118110236);
#4875=LINE('',#4872,#4874);
#4876=EDGE_CURVE('',#4871,#4863,#4875,.T.);
#4877=ORIENTED_EDGE('',*,*,#4876,.F.);
#4878=CARTESIAN_POINT('',(0.118110236220472,-0.049212598425197,-1.540744E-033));
#4879=DIRECTION('',(0.0,0.0,-1.0));
#4880=VECTOR('',#4879,0.011811023622047);
#4881=LINE('',#4878,#4880);
#4882=EDGE_CURVE('',#4871,#4853,#4881,.T.);
#4883=ORIENTED_EDGE('',*,*,#4882,.T.);
#4884=EDGE_LOOP('',(#4861,#4869,#4877,#4883));
#4885=FACE_OUTER_BOUND('',#4884,.T.);
#4886=ADVANCED_FACE('',(#4885),#4851,.T.);
#4887=CARTESIAN_POINT('',(0.059055118110236,-0.06988188976378,-0.012401574803149));
#4888=DIRECTION('',(-1.0,0.0,0.0));
#4889=DIRECTION('',(0.0,0.0,1.0));
#4890=AXIS2_PLACEMENT_3D('',#4887,#4888,#4889);
#4891=PLANE('',#4890);
#4892=CARTESIAN_POINT('',(0.059055118110236,-0.068897637795276,-0.011811023622047));
#4893=VERTEX_POINT('',#4892);
#4894=CARTESIAN_POINT('',(0.059055118110236,-0.049212598425197,-0.011811023622047));
#4895=DIRECTION('',(0.0,-1.0,0.0));
#4896=VECTOR('',#4895,0.019685039370079);
#4897=LINE('',#4894,#4896);
#4898=EDGE_CURVE('',#4855,#4893,#4897,.T.);
#4899=ORIENTED_EDGE('',*,*,#4898,.T.);
#4900=CARTESIAN_POINT('',(0.059055118110236,-0.068897637795276,0.0));
#4901=VERTEX_POINT('',#4900);
#4902=CARTESIAN_POINT('',(0.059055118110236,-0.068897637795276,0.0));
#4903=DIRECTION('',(0.0,0.0,-1.0));
#4904=VECTOR('',#4903,0.011811023622047);
#4905=LINE('',#4902,#4904);
#4906=EDGE_CURVE('',#4901,#4893,#4905,.T.);
#4907=ORIENTED_EDGE('',*,*,#4906,.F.);
#4908=CARTESIAN_POINT('',(0.059055118110236,-0.049212598425197,0.0));
#4909=DIRECTION('',(0.0,-1.0,0.0));
#4910=VECTOR('',#4909,0.019685039370079);
#4911=LINE('',#4908,#4910);
#4912=EDGE_CURVE('',#4863,#4901,#4911,.T.);
#4913=ORIENTED_EDGE('',*,*,#4912,.F.);
#4914=ORIENTED_EDGE('',*,*,#4868,.T.);
#4915=EDGE_LOOP('',(#4899,#4907,#4913,#4914));
#4916=FACE_OUTER_BOUND('',#4915,.T.);
#4917=ADVANCED_FACE('',(#4916),#4891,.T.);
#4918=CARTESIAN_POINT('',(0.056102362204724,-0.06988188976378,-0.011811023622047));
#4919=DIRECTION('',(0.0,0.0,1.0));
#4920=DIRECTION('',(1.0,0.0,0.0));
#4921=AXIS2_PLACEMENT_3D('',#4918,#4919,#4920);
#4922=PLANE('',#4921);
#4923=ORIENTED_EDGE('',*,*,#4860,.F.);
#4924=CARTESIAN_POINT('',(0.098425196850394,-0.068897637795276,-0.011811023622047));
#4925=VERTEX_POINT('',#4924);
#4926=CARTESIAN_POINT('',(0.098425196850394,-0.049212598425197,-0.011811023622047));
#4927=DIRECTION('',(0.0,0.0,1.0));
#4928=DIRECTION('',(1.0,0.0,0.0));
#4929=AXIS2_PLACEMENT_3D('',#4926,#4927,#4928);
#4930=CIRCLE('',#4929,0.019685039370079);
#4931=EDGE_CURVE('',#4925,#4853,#4930,.T.);
#4932=ORIENTED_EDGE('',*,*,#4931,.F.);
#4933=CARTESIAN_POINT('',(0.059055118110236,-0.068897637795276,-0.011811023622047));
#4934=DIRECTION('',(1.0,0.0,0.0));
#4935=VECTOR('',#4934,0.039370078740158);
#4936=LINE('',#4933,#4935);
#4937=EDGE_CURVE('',#4893,#4925,#4936,.T.);
#4938=ORIENTED_EDGE('',*,*,#4937,.F.);
#4939=ORIENTED_EDGE('',*,*,#4898,.F.);
#4940=EDGE_LOOP('',(#4923,#4932,#4938,#4939));
#4941=FACE_OUTER_BOUND('',#4940,.T.);
#4942=ADVANCED_FACE('',(#4941),#4922,.F.);
#4943=CARTESIAN_POINT('',(0.059055118110236,0.048228346456693,-0.012401574803149));
#4944=DIRECTION('',(-1.0,0.0,0.0));
#4945=DIRECTION('',(0.0,0.0,1.0));
#4946=AXIS2_PLACEMENT_3D('',#4943,#4944,#4945);
#4947=PLANE('',#4946);
#4948=CARTESIAN_POINT('',(0.059055118110236,0.068897637795276,-0.011811023622047));
#4949=VERTEX_POINT('',#4948);
#4950=CARTESIAN_POINT('',(0.059055118110236,0.049212598425197,-0.011811023622047));
#4951=VERTEX_POINT('',#4950);
#4952=CARTESIAN_POINT('',(0.059055118110236,0.068897637795276,-0.011811023622047));
#4953=DIRECTION('',(0.0,-1.0,0.0));
#4954=VECTOR('',#4953,0.019685039370079);
#4955=LINE('',#4952,#4954);
#4956=EDGE_CURVE('',#4949,#4951,#4955,.T.);
#4957=ORIENTED_EDGE('',*,*,#4956,.T.);
#4958=CARTESIAN_POINT('',(0.059055118110236,0.049212598425197,0.0));
#4959=VERTEX_POINT('',#4958);
#4960=CARTESIAN_POINT('',(0.059055118110236,0.049212598425197,0.0));
#4961=DIRECTION('',(0.0,0.0,-1.0));
#4962=VECTOR('',#4961,0.011811023622047);
#4963=LINE('',#4960,#4962);
#4964=EDGE_CURVE('',#4959,#4951,#4963,.T.);
#4965=ORIENTED_EDGE('',*,*,#4964,.F.);
#4966=CARTESIAN_POINT('',(0.059055118110236,0.068897637795276,0.0));
#4967=VERTEX_POINT('',#4966);
#4968=CARTESIAN_POINT('',(0.059055118110236,0.068897637795276,0.0));
#4969=DIRECTION('',(0.0,-1.0,0.0));
#4970=VECTOR('',#4969,0.019685039370079);
#4971=LINE('',#4968,#4970);
#4972=EDGE_CURVE('',#4967,#4959,#4971,.T.);
#4973=ORIENTED_EDGE('',*,*,#4972,.F.);
#4974=CARTESIAN_POINT('',(0.059055118110236,0.068897637795276,0.0));
#4975=DIRECTION('',(0.0,0.0,-1.0));
#4976=VECTOR('',#4975,0.011811023622047);
#4977=LINE('',#4974,#4976);
#4978=EDGE_CURVE('',#4967,#4949,#4977,.T.);
#4979=ORIENTED_EDGE('',*,*,#4978,.T.);
#4980=EDGE_LOOP('',(#4957,#4965,#4973,#4979));
#4981=FACE_OUTER_BOUND('',#4980,.T.);
#4982=ADVANCED_FACE('',(#4981),#4947,.T.);
#4983=CARTESIAN_POINT('',(0.056102362204724,0.049212598425197,0.000590551181102));
#4984=DIRECTION('',(0.0,-1.0,0.0));
#4985=DIRECTION('',(0.0,0.0,-1.0));
#4986=AXIS2_PLACEMENT_3D('',#4983,#4984,#4985);
#4987=PLANE('',#4986);
#4988=CARTESIAN_POINT('',(0.118110236220472,0.049212598425197,-0.011811023622047));
#4989=VERTEX_POINT('',#4988);
#4990=CARTESIAN_POINT('',(0.059055118110236,0.049212598425197,-0.011811023622047));
#4991=DIRECTION('',(1.0,0.0,0.0));
#4992=VECTOR('',#4991,0.059055118110236);
#4993=LINE('',#4990,#4992);
#4994=EDGE_CURVE('',#4951,#4989,#4993,.T.);
#4995=ORIENTED_EDGE('',*,*,#4994,.T.);
#4996=CARTESIAN_POINT('',(0.118110236220472,0.049212598425197,0.0));
#4997=VERTEX_POINT('',#4996);
#4998=CARTESIAN_POINT('',(0.118110236220472,0.049212598425197,0.0));
#4999=DIRECTION('',(0.0,0.0,-1.0));
#5000=VECTOR('',#4999,0.011811023622047);
#5001=LINE('',#4998,#5000);
#5002=EDGE_CURVE('',#4997,#4989,#5001,.T.);
#5003=ORIENTED_EDGE('',*,*,#5002,.F.);
#5004=CARTESIAN_POINT('',(0.059055118110236,0.049212598425197,0.0));
#5005=DIRECTION('',(1.0,0.0,0.0));
#5006=VECTOR('',#5005,0.059055118110236);
#5007=LINE('',#5004,#5006);
#5008=EDGE_CURVE('',#4959,#4997,#5007,.T.);
#5009=ORIENTED_EDGE('',*,*,#5008,.F.);
#5010=ORIENTED_EDGE('',*,*,#4964,.T.);
#5011=EDGE_LOOP('',(#4995,#5003,#5009,#5010));
#5012=FACE_OUTER_BOUND('',#5011,.T.);
#5013=ADVANCED_FACE('',(#5012),#4987,.T.);
#5014=CARTESIAN_POINT('',(0.056102362204724,0.048228346456693,-0.011811023622047));
#5015=DIRECTION('',(0.0,0.0,1.0));
#5016=DIRECTION('',(1.0,0.0,0.0));
#5017=AXIS2_PLACEMENT_3D('',#5014,#5015,#5016);
#5018=PLANE('',#5017);
#5019=CARTESIAN_POINT('',(0.098425196850394,0.068897637795276,-0.011811023622047));
#5020=VERTEX_POINT('',#5019);
#5021=CARTESIAN_POINT('',(0.098425196850394,0.068897637795276,-0.011811023622047));
#5022=DIRECTION('',(-1.0,0.0,0.0));
#5023=VECTOR('',#5022,0.039370078740158);
#5024=LINE('',#5021,#5023);
#5025=EDGE_CURVE('',#5020,#4949,#5024,.T.);
#5026=ORIENTED_EDGE('',*,*,#5025,.F.);
#5027=CARTESIAN_POINT('',(0.098425196850394,0.049212598425197,-0.011811023622047));
#5028=DIRECTION('',(0.0,0.0,1.0));
#5029=DIRECTION('',(0.0,1.0,0.0));
#5030=AXIS2_PLACEMENT_3D('',#5027,#5028,#5029);
#5031=CIRCLE('',#5030,0.019685039370079);
#5032=EDGE_CURVE('',#4989,#5020,#5031,.T.);
#5033=ORIENTED_EDGE('',*,*,#5032,.F.);
#5034=ORIENTED_EDGE('',*,*,#4994,.F.);
#5035=ORIENTED_EDGE('',*,*,#4956,.F.);
#5036=EDGE_LOOP('',(#5026,#5033,#5034,#5035));
#5037=FACE_OUTER_BOUND('',#5036,.T.);
#5038=ADVANCED_FACE('',(#5037),#5018,.F.);
#5039=CARTESIAN_POINT('',(-0.121062992125984,0.049212598425197,0.000590551181102));
#5040=DIRECTION('',(0.0,-1.0,0.0));
#5041=DIRECTION('',(0.0,0.0,-1.0));
#5042=AXIS2_PLACEMENT_3D('',#5039,#5040,#5041);
#5043=PLANE('',#5042);
#5044=CARTESIAN_POINT('',(-0.118110236220472,0.049212598425197,-0.011811023622047));
#5045=VERTEX_POINT('',#5044);
#5046=CARTESIAN_POINT('',(-0.059055118110236,0.049212598425197,-0.011811023622047));
#5047=VERTEX_POINT('',#5046);
#5048=CARTESIAN_POINT('',(-0.118110236220472,0.049212598425197,-0.011811023622047));
#5049=DIRECTION('',(1.0,0.0,0.0));
#5050=VECTOR('',#5049,0.059055118110236);
#5051=LINE('',#5048,#5050);
#5052=EDGE_CURVE('',#5045,#5047,#5051,.T.);
#5053=ORIENTED_EDGE('',*,*,#5052,.T.);
#5054=CARTESIAN_POINT('',(-0.059055118110236,0.049212598425197,0.0));
#5055=VERTEX_POINT('',#5054);
#5056=CARTESIAN_POINT('',(-0.059055118110236,0.049212598425197,0.0));
#5057=DIRECTION('',(0.0,0.0,-1.0));
#5058=VECTOR('',#5057,0.011811023622047);
#5059=LINE('',#5056,#5058);
#5060=EDGE_CURVE('',#5055,#5047,#5059,.T.);
#5061=ORIENTED_EDGE('',*,*,#5060,.F.);
#5062=CARTESIAN_POINT('',(-0.118110236220472,0.049212598425197,-1.540744E-033));
#5063=VERTEX_POINT('',#5062);
#5064=CARTESIAN_POINT('',(-0.118110236220472,0.049212598425197,0.0));
#5065=DIRECTION('',(1.0,0.0,0.0));
#5066=VECTOR('',#5065,0.059055118110236);
#5067=LINE('',#5064,#5066);
#5068=EDGE_CURVE('',#5063,#5055,#5067,.T.);
#5069=ORIENTED_EDGE('',*,*,#5068,.F.);
#5070=CARTESIAN_POINT('',(-0.118110236220472,0.049212598425197,-1.540744E-033));
#5071=DIRECTION('',(0.0,0.0,-1.0));
#5072=VECTOR('',#5071,0.011811023622047);
#5073=LINE('',#5070,#5072);
#5074=EDGE_CURVE('',#5063,#5045,#5073,.T.);
#5075=ORIENTED_EDGE('',*,*,#5074,.T.);
#5076=EDGE_LOOP('',(#5053,#5061,#5069,#5075));
#5077=FACE_OUTER_BOUND('',#5076,.T.);
#5078=ADVANCED_FACE('',(#5077),#5043,.T.);
#5079=CARTESIAN_POINT('',(-0.059055118110236,0.048228346456693,0.000590551181102));
#5080=DIRECTION('',(1.0,0.0,0.0));
#5081=DIRECTION('',(0.0,0.0,-1.0));
#5082=AXIS2_PLACEMENT_3D('',#5079,#5080,#5081);
#5083=PLANE('',#5082);
#5084=CARTESIAN_POINT('',(-0.059055118110236,0.068897637795276,-0.011811023622047));
#5085=VERTEX_POINT('',#5084);
#5086=CARTESIAN_POINT('',(-0.059055118110236,0.049212598425197,-0.011811023622047));
#5087=DIRECTION('',(0.0,1.0,0.0));
#5088=VECTOR('',#5087,0.019685039370079);
#5089=LINE('',#5086,#5088);
#5090=EDGE_CURVE('',#5047,#5085,#5089,.T.);
#5091=ORIENTED_EDGE('',*,*,#5090,.T.);
#5092=CARTESIAN_POINT('',(-0.059055118110236,0.068897637795276,0.0));
#5093=VERTEX_POINT('',#5092);
#5094=CARTESIAN_POINT('',(-0.059055118110236,0.068897637795276,0.0));
#5095=DIRECTION('',(0.0,0.0,-1.0));
#5096=VECTOR('',#5095,0.011811023622047);
#5097=LINE('',#5094,#5096);
#5098=EDGE_CURVE('',#5093,#5085,#5097,.T.);
#5099=ORIENTED_EDGE('',*,*,#5098,.F.);
#5100=CARTESIAN_POINT('',(-0.059055118110236,0.049212598425197,0.0));
#5101=DIRECTION('',(0.0,1.0,0.0));
#5102=VECTOR('',#5101,0.019685039370079);
#5103=LINE('',#5100,#5102);
#5104=EDGE_CURVE('',#5055,#5093,#5103,.T.);
#5105=ORIENTED_EDGE('',*,*,#5104,.F.);
#5106=ORIENTED_EDGE('',*,*,#5060,.T.);
#5107=EDGE_LOOP('',(#5091,#5099,#5105,#5106));
#5108=FACE_OUTER_BOUND('',#5107,.T.);
#5109=ADVANCED_FACE('',(#5108),#5083,.T.);
#5110=CARTESIAN_POINT('',(-0.121062992125985,0.048228346456693,-0.011811023622047));
#5111=DIRECTION('',(0.0,0.0,1.0));
#5112=DIRECTION('',(1.0,0.0,0.0));
#5113=AXIS2_PLACEMENT_3D('',#5110,#5111,#5112);
#5114=PLANE('',#5113);
#5115=ORIENTED_EDGE('',*,*,#5052,.F.);
#5116=CARTESIAN_POINT('',(-0.098425196850394,0.068897637795276,-0.011811023622047));
#5117=VERTEX_POINT('',#5116);
#5118=CARTESIAN_POINT('',(-0.098425196850394,0.049212598425197,-0.011811023622047));
#5119=DIRECTION('',(0.0,0.0,1.0));
#5120=DIRECTION('',(-1.0,0.0,0.0));
#5121=AXIS2_PLACEMENT_3D('',#5118,#5119,#5120);
#5122=CIRCLE('',#5121,0.019685039370079);
#5123=EDGE_CURVE('',#5117,#5045,#5122,.T.);
#5124=ORIENTED_EDGE('',*,*,#5123,.F.);
#5125=CARTESIAN_POINT('',(-0.059055118110236,0.068897637795276,-0.011811023622047));
#5126=DIRECTION('',(-1.0,0.0,0.0));
#5127=VECTOR('',#5126,0.039370078740158);
#5128=LINE('',#5125,#5127);
#5129=EDGE_CURVE('',#5085,#5117,#5128,.T.);
#5130=ORIENTED_EDGE('',*,*,#5129,.F.);
#5131=ORIENTED_EDGE('',*,*,#5090,.F.);
#5132=EDGE_LOOP('',(#5115,#5124,#5130,#5131));
#5133=FACE_OUTER_BOUND('',#5132,.T.);
#5134=ADVANCED_FACE('',(#5133),#5114,.F.);
#5135=CARTESIAN_POINT('',(0.076771653543307,-0.053051181102362,0.121358267716535));
#5136=DIRECTION('',(1.0,0.0,0.0));
#5137=DIRECTION('',(0.0,0.0,-1.0));
#5138=AXIS2_PLACEMENT_3D('',#5135,#5136,#5137);
#5139=PLANE('',#5138);
#5140=CARTESIAN_POINT('',(0.076771653543307,-0.048228346456693,0.053149606299213));
#5141=VERTEX_POINT('',#5140);
#5142=CARTESIAN_POINT('',(0.076771653543307,0.048228346456693,0.053149606299213));
#5143=VERTEX_POINT('',#5142);
#5144=CARTESIAN_POINT('',(0.076771653543307,-0.048228346456693,0.053149606299213));
#5145=DIRECTION('',(0.0,1.0,0.0));
#5146=VECTOR('',#5145,0.096456692913386);
#5147=LINE('',#5144,#5146);
#5148=EDGE_CURVE('',#5141,#5143,#5147,.T.);
#5149=ORIENTED_EDGE('',*,*,#5148,.F.);
#5150=CARTESIAN_POINT('',(0.076771653543307,-0.048228346456693,0.118110236220472));
#5151=DIRECTION('',(0.0,0.0,-1.0));
#5152=VECTOR('',#5151,0.064960629921259);
#5153=LINE('',#5150,#5152);
#5154=EDGE_CURVE('',#2131,#5141,#5153,.T.);
#5155=ORIENTED_EDGE('',*,*,#5154,.F.);
#5156=ORIENTED_EDGE('',*,*,#2136,.F.);
#5157=CARTESIAN_POINT('',(0.076771653543307,0.048228346456693,0.118110236220472));
#5158=DIRECTION('',(0.0,0.0,-1.0));
#5159=VECTOR('',#5158,0.064960629921259);
#5160=LINE('',#5157,#5159);
#5161=EDGE_CURVE('',#2129,#5143,#5160,.T.);
#5162=ORIENTED_EDGE('',*,*,#5161,.T.);
#5163=EDGE_LOOP('',(#5149,#5155,#5156,#5162));
#5164=FACE_OUTER_BOUND('',#5163,.T.);
#5165=ORIENTED_EDGE('',*,*,#416,.T.);
#5166=ORIENTED_EDGE('',*,*,#323,.T.);
#5167=ORIENTED_EDGE('',*,*,#2109,.T.);
#5168=ORIENTED_EDGE('',*,*,#1904,.T.);
#5169=ORIENTED_EDGE('',*,*,#1808,.T.);
#5170=ORIENTED_EDGE('',*,*,#1707,.T.);
#5171=EDGE_LOOP('',(#5165,#5166,#5167,#5168,#5169,#5170));
#5172=FACE_BOUND('',#5171,.T.);
#5173=ADVANCED_FACE('',(#5164,#5172),#5139,.F.);
#5174=CARTESIAN_POINT('',(-0.084448818897638,0.048228346456693,0.04990157480315));
#5175=DIRECTION('',(0.0,1.0,0.0));
#5176=DIRECTION('',(0.0,0.0,1.0));
#5177=AXIS2_PLACEMENT_3D('',#5174,#5175,#5176);
#5178=PLANE('',#5177);
#5179=CARTESIAN_POINT('',(-0.076771653543307,0.048228346456693,0.053149606299213));
#5180=VERTEX_POINT('',#5179);
#5181=CARTESIAN_POINT('',(0.076771653543307,0.048228346456693,0.053149606299213));
#5182=DIRECTION('',(-1.0,0.0,0.0));
#5183=VECTOR('',#5182,0.153543307086614);
#5184=LINE('',#5181,#5183);
#5185=EDGE_CURVE('',#5143,#5180,#5184,.T.);
#5186=ORIENTED_EDGE('',*,*,#5185,.F.);
#5187=ORIENTED_EDGE('',*,*,#5161,.F.);
#5188=ORIENTED_EDGE('',*,*,#2158,.F.);
#5189=CARTESIAN_POINT('',(-0.076771653543307,0.048228346456693,0.118110236220472));
#5190=DIRECTION('',(0.0,0.0,-1.0));
#5191=VECTOR('',#5190,0.064960629921259);
#5192=LINE('',#5189,#5191);
#5193=EDGE_CURVE('',#2147,#5180,#5192,.T.);
#5194=ORIENTED_EDGE('',*,*,#5193,.T.);
#5195=EDGE_LOOP('',(#5186,#5187,#5188,#5194));
#5196=FACE_OUTER_BOUND('',#5195,.T.);
#5197=ADVANCED_FACE('',(#5196),#5178,.F.);
#5198=CARTESIAN_POINT('',(-0.076771653543307,-0.053051181102362,0.04990157480315));
#5199=DIRECTION('',(-1.0,0.0,0.0));
#5200=DIRECTION('',(0.0,0.0,1.0));
#5201=AXIS2_PLACEMENT_3D('',#5198,#5199,#5200);
#5202=PLANE('',#5201);
#5203=CARTESIAN_POINT('',(-0.076771653543307,-0.048228346456693,0.053149606299213));
#5204=VERTEX_POINT('',#5203);
#5205=CARTESIAN_POINT('',(-0.076771653543307,0.048228346456693,0.053149606299213));
#5206=DIRECTION('',(0.0,-1.0,0.0));
#5207=VECTOR('',#5206,0.096456692913386);
#5208=LINE('',#5205,#5207);
#5209=EDGE_CURVE('',#5180,#5204,#5208,.T.);
#5210=ORIENTED_EDGE('',*,*,#5209,.F.);
#5211=ORIENTED_EDGE('',*,*,#5193,.F.);
#5212=ORIENTED_EDGE('',*,*,#2152,.F.);
#5213=CARTESIAN_POINT('',(-0.076771653543307,-0.048228346456693,0.118110236220472));
#5214=DIRECTION('',(0.0,0.0,-1.0));
#5215=VECTOR('',#5214,0.064960629921259);
#5216=LINE('',#5213,#5215);
#5217=EDGE_CURVE('',#2139,#5204,#5216,.T.);
#5218=ORIENTED_EDGE('',*,*,#5217,.T.);
#5219=EDGE_LOOP('',(#5210,#5211,#5212,#5218));
#5220=FACE_OUTER_BOUND('',#5219,.T.);
#5221=ORIENTED_EDGE('',*,*,#289,.T.);
#5222=ORIENTED_EDGE('',*,*,#247,.T.);
#5223=ORIENTED_EDGE('',*,*,#168,.T.);
#5224=ORIENTED_EDGE('',*,*,#2096,.T.);
#5225=ORIENTED_EDGE('',*,*,#1960,.T.);
#5226=ORIENTED_EDGE('',*,*,#1581,.T.);
#5227=EDGE_LOOP('',(#5221,#5222,#5223,#5224,#5225,#5226));
#5228=FACE_BOUND('',#5227,.T.);
#5229=ADVANCED_FACE('',(#5220,#5228),#5202,.F.);
#5230=CARTESIAN_POINT('',(-0.084448818897638,-0.048228346456693,0.121358267716535));
#5231=DIRECTION('',(0.0,-1.0,0.0));
#5232=DIRECTION('',(0.0,0.0,-1.0));
#5233=AXIS2_PLACEMENT_3D('',#5230,#5231,#5232);
#5234=PLANE('',#5233);
#5235=CARTESIAN_POINT('',(-0.076771653543307,-0.048228346456693,0.053149606299213));
#5236=DIRECTION('',(1.0,0.0,0.0));
#5237=VECTOR('',#5236,0.153543307086614);
#5238=LINE('',#5235,#5237);
#5239=EDGE_CURVE('',#5204,#5141,#5238,.T.);
#5240=ORIENTED_EDGE('',*,*,#5239,.F.);
#5241=ORIENTED_EDGE('',*,*,#5217,.F.);
#5242=ORIENTED_EDGE('',*,*,#2144,.F.);
#5243=ORIENTED_EDGE('',*,*,#5154,.T.);
#5244=EDGE_LOOP('',(#5240,#5241,#5242,#5243));
#5245=FACE_OUTER_BOUND('',#5244,.T.);
#5246=ADVANCED_FACE('',(#5245),#5234,.F.);
#5247=CARTESIAN_POINT('',(-0.084448818897638,-0.053051181102362,0.053149606299213));
#5248=DIRECTION('',(0.0,0.0,1.0));
#5249=DIRECTION('',(1.0,0.0,0.0));
#5250=AXIS2_PLACEMENT_3D('',#5247,#5248,#5249);
#5251=PLANE('',#5250);
#5252=ORIENTED_EDGE('',*,*,#5148,.T.);
#5253=ORIENTED_EDGE('',*,*,#5185,.T.);
#5254=ORIENTED_EDGE('',*,*,#5209,.T.);
#5255=ORIENTED_EDGE('',*,*,#5239,.T.);
#5256=EDGE_LOOP('',(#5252,#5253,#5254,#5255));
#5257=FACE_OUTER_BOUND('',#5256,.T.);
#5258=ADVANCED_FACE('',(#5257),#5251,.T.);
#5259=CARTESIAN_POINT('',(-0.108267716535433,0.068897637795276,-0.018700787401575));
#5260=DIRECTION('',(0.0,1.0,0.0));
#5261=DIRECTION('',(0.0,0.0,1.0));
#5262=AXIS2_PLACEMENT_3D('',#5259,#5260,#5261);
#5263=PLANE('',#5262);
#5264=CARTESIAN_POINT('',(0.098425196850394,0.068897637795276,-0.011811023622047));
#5265=DIRECTION('',(0.0,0.0,1.0));
#5266=VECTOR('',#5265,0.137795275590551);
#5267=LINE('',#5264,#5266);
#5268=EDGE_CURVE('',#5020,#3543,#5267,.T.);
#5269=ORIENTED_EDGE('',*,*,#5268,.F.);
#5270=ORIENTED_EDGE('',*,*,#5025,.T.);
#5271=ORIENTED_EDGE('',*,*,#4978,.F.);
#5272=CARTESIAN_POINT('',(-0.059055118110236,0.068897637795276,0.0));
#5273=DIRECTION('',(1.0,0.0,0.0));
#5274=VECTOR('',#5273,0.118110236220472);
#5275=LINE('',#5272,#5274);
#5276=EDGE_CURVE('',#5093,#4967,#5275,.T.);
#5277=ORIENTED_EDGE('',*,*,#5276,.F.);
#5278=ORIENTED_EDGE('',*,*,#5098,.T.);
#5279=ORIENTED_EDGE('',*,*,#5129,.T.);
#5280=CARTESIAN_POINT('',(-0.098425196850394,0.068897637795276,0.125984251968504));
#5281=DIRECTION('',(0.0,0.0,-1.0));
#5282=VECTOR('',#5281,0.137795275590551);
#5283=LINE('',#5280,#5282);
#5284=EDGE_CURVE('',#3554,#5117,#5283,.T.);
#5285=ORIENTED_EDGE('',*,*,#5284,.F.);
#5286=ORIENTED_EDGE('',*,*,#3559,.F.);
#5287=EDGE_LOOP('',(#5269,#5270,#5271,#5277,#5278,#5279,#5285,#5286));
#5288=FACE_OUTER_BOUND('',#5287,.T.);
#5289=ADVANCED_FACE('',(#5288),#5263,.T.);
#5290=CARTESIAN_POINT('',(0.098425196850394,0.049212598425197,-0.018700787401575));
#5291=DIRECTION('',(0.0,0.0,1.0));
#5292=DIRECTION('',(-1.0,0.0,0.0));
#5293=AXIS2_PLACEMENT_3D('',#5290,#5291,#5292);
#5294=CYLINDRICAL_SURFACE('',#5293,0.019685039370079);
#5295=CARTESIAN_POINT('',(0.118110236220472,0.049212598425197,0.125984251968504));
#5296=DIRECTION('',(0.0,0.0,-1.0));
#5297=VECTOR('',#5296,0.125984251968504);
#5298=LINE('',#5295,#5297);
#5299=EDGE_CURVE('',#3545,#4997,#5298,.T.);
#5300=ORIENTED_EDGE('',*,*,#5299,.T.);
#5301=ORIENTED_EDGE('',*,*,#5002,.T.);
#5302=ORIENTED_EDGE('',*,*,#5032,.T.);
#5303=ORIENTED_EDGE('',*,*,#5268,.T.);
#5304=ORIENTED_EDGE('',*,*,#3551,.T.);
#5305=EDGE_LOOP('',(#5300,#5301,#5302,#5303,#5304));
#5306=FACE_OUTER_BOUND('',#5305,.T.);
#5307=ADVANCED_FACE('',(#5306),#5294,.T.);
#5308=CARTESIAN_POINT('',(0.118110236220472,-0.054133858267717,0.148818897637795));
#5309=DIRECTION('',(1.0,0.0,0.0));
#5310=DIRECTION('',(0.0,0.0,-1.0));
#5311=AXIS2_PLACEMENT_3D('',#5308,#5309,#5310);
#5312=PLANE('',#5311);
#5313=ORIENTED_EDGE('',*,*,#4077,.F.);
#5314=ORIENTED_EDGE('',*,*,#4229,.F.);
#5315=ORIENTED_EDGE('',*,*,#3660,.F.);
#5316=CARTESIAN_POINT('',(0.118110236220472,-0.049212598425197,-1.540744E-033));
#5317=DIRECTION('',(0.0,0.0,1.0));
#5318=VECTOR('',#5317,0.125984251968504);
#5319=LINE('',#5316,#5318);
#5320=EDGE_CURVE('',#4871,#3646,#5319,.T.);
#5321=ORIENTED_EDGE('',*,*,#5320,.F.);
#5322=CARTESIAN_POINT('',(0.118110236220472,0.049212598425197,0.0));
#5323=DIRECTION('',(0.0,-1.0,0.0));
#5324=VECTOR('',#5323,0.098425196850394);
#5325=LINE('',#5322,#5324);
#5326=EDGE_CURVE('',#4997,#4871,#5325,.T.);
#5327=ORIENTED_EDGE('',*,*,#5326,.F.);
#5328=ORIENTED_EDGE('',*,*,#5299,.F.);
#5329=ORIENTED_EDGE('',*,*,#3708,.F.);
#5330=ORIENTED_EDGE('',*,*,#4304,.T.);
#5331=ORIENTED_EDGE('',*,*,#4176,.F.);
#5332=ORIENTED_EDGE('',*,*,#4336,.T.);
#5333=EDGE_LOOP('',(#5313,#5314,#5315,#5321,#5327,#5328,#5329,#5330,#5331,#5332));
#5334=FACE_OUTER_BOUND('',#5333,.T.);
#5335=ORIENTED_EDGE('',*,*,#3530,.T.);
#5336=ORIENTED_EDGE('',*,*,#3132,.T.);
#5337=ORIENTED_EDGE('',*,*,#3304,.T.);
#5338=ORIENTED_EDGE('',*,*,#2870,.T.);
#5339=EDGE_LOOP('',(#5335,#5336,#5337,#5338));
#5340=FACE_BOUND('',#5339,.T.);
#5341=ADVANCED_FACE('',(#5334,#5340),#5312,.T.);
#5342=CARTESIAN_POINT('',(0.098425196850394,-0.049212598425197,-0.018700787401575));
#5343=DIRECTION('',(0.0,0.0,1.0));
#5344=DIRECTION('',(0.0,1.0,0.0));
#5345=AXIS2_PLACEMENT_3D('',#5342,#5343,#5344);
#5346=CYLINDRICAL_SURFACE('',#5345,0.019685039370079);
#5347=CARTESIAN_POINT('',(0.098425196850394,-0.068897637795276,0.125984251968504));
#5348=DIRECTION('',(0.0,0.0,-1.0));
#5349=VECTOR('',#5348,0.137795275590551);
#5350=LINE('',#5347,#5349);
#5351=EDGE_CURVE('',#3638,#4925,#5350,.T.);
#5352=ORIENTED_EDGE('',*,*,#5351,.T.);
#5353=ORIENTED_EDGE('',*,*,#4931,.T.);
#5354=ORIENTED_EDGE('',*,*,#4882,.F.);
#5355=ORIENTED_EDGE('',*,*,#5320,.T.);
#5356=ORIENTED_EDGE('',*,*,#3652,.T.);
#5357=EDGE_LOOP('',(#5352,#5353,#5354,#5355,#5356));
#5358=FACE_OUTER_BOUND('',#5357,.T.);
#5359=ADVANCED_FACE('',(#5358),#5346,.T.);
#5360=CARTESIAN_POINT('',(-0.108267716535433,-0.068897637795276,0.132874015748032));
#5361=DIRECTION('',(0.0,-1.0,0.0));
#5362=DIRECTION('',(0.0,0.0,-1.0));
#5363=AXIS2_PLACEMENT_3D('',#5360,#5361,#5362);
#5364=PLANE('',#5363);
#5365=CARTESIAN_POINT('',(-0.098425196850394,-0.068897637795276,-0.011811023622047));
#5366=DIRECTION('',(0.0,0.0,1.0));
#5367=VECTOR('',#5366,0.137795275590551);
#5368=LINE('',#5365,#5367);
#5369=EDGE_CURVE('',#4828,#3629,#5368,.T.);
#5370=ORIENTED_EDGE('',*,*,#5369,.F.);
#5371=ORIENTED_EDGE('',*,*,#4833,.T.);
#5372=ORIENTED_EDGE('',*,*,#4786,.F.);
#5373=CARTESIAN_POINT('',(0.059055118110236,-0.068897637795276,0.0));
#5374=DIRECTION('',(-1.0,0.0,0.0));
#5375=VECTOR('',#5374,0.118110236220472);
#5376=LINE('',#5373,#5375);
#5377=EDGE_CURVE('',#4901,#4775,#5376,.T.);
#5378=ORIENTED_EDGE('',*,*,#5377,.F.);
#5379=ORIENTED_EDGE('',*,*,#4906,.T.);
#5380=ORIENTED_EDGE('',*,*,#4937,.T.);
#5381=ORIENTED_EDGE('',*,*,#5351,.F.);
#5382=ORIENTED_EDGE('',*,*,#3643,.F.);
#5383=EDGE_LOOP('',(#5370,#5371,#5372,#5378,#5379,#5380,#5381,#5382));
#5384=FACE_OUTER_BOUND('',#5383,.T.);
#5385=ADVANCED_FACE('',(#5384),#5364,.T.);
#5386=CARTESIAN_POINT('',(-0.098425196850394,-0.049212598425197,-0.018700787401575));
#5387=DIRECTION('',(0.0,0.0,1.0));
#5388=DIRECTION('',(1.0,0.0,0.0));
#5389=AXIS2_PLACEMENT_3D('',#5386,#5387,#5388);
#5390=CYLINDRICAL_SURFACE('',#5389,0.019685039370079);
#5391=CARTESIAN_POINT('',(-0.118110236220472,-0.049212598425197,0.125984251968504));
#5392=DIRECTION('',(0.0,0.0,-1.0));
#5393=VECTOR('',#5392,0.125984251968504);
#5394=LINE('',#5391,#5393);
#5395=EDGE_CURVE('',#3621,#4805,#5394,.T.);
#5396=ORIENTED_EDGE('',*,*,#5395,.T.);
#5397=ORIENTED_EDGE('',*,*,#4810,.T.);
#5398=ORIENTED_EDGE('',*,*,#4840,.T.);
#5399=ORIENTED_EDGE('',*,*,#5369,.T.);
#5400=ORIENTED_EDGE('',*,*,#3635,.T.);
#5401=EDGE_LOOP('',(#5396,#5397,#5398,#5399,#5400));
#5402=FACE_OUTER_BOUND('',#5401,.T.);
#5403=ADVANCED_FACE('',(#5402),#5390,.T.);
#5404=CARTESIAN_POINT('',(-0.118110236220472,-0.054133858267717,-0.007086614173228));
#5405=DIRECTION('',(-1.0,0.0,0.0));
#5406=DIRECTION('',(0.0,0.0,1.0));
#5407=AXIS2_PLACEMENT_3D('',#5404,#5405,#5406);
#5408=PLANE('',#5407);
#5409=ORIENTED_EDGE('',*,*,#3958,.F.);
#5410=ORIENTED_EDGE('',*,*,#3934,.F.);
#5411=ORIENTED_EDGE('',*,*,#3576,.F.);
#5412=CARTESIAN_POINT('',(-0.118110236220472,0.049212598425197,-1.540744E-033));
#5413=DIRECTION('',(0.0,0.0,1.0));
#5414=VECTOR('',#5413,0.125984251968504);
#5415=LINE('',#5412,#5414);
#5416=EDGE_CURVE('',#5063,#3562,#5415,.T.);
#5417=ORIENTED_EDGE('',*,*,#5416,.F.);
#5418=CARTESIAN_POINT('',(-0.118110236220472,-0.049212598425197,0.0));
#5419=DIRECTION('',(0.0,1.0,0.0));
#5420=VECTOR('',#5419,0.098425196850394);
#5421=LINE('',#5418,#5420);
#5422=EDGE_CURVE('',#4805,#5063,#5421,.T.);
#5423=ORIENTED_EDGE('',*,*,#5422,.F.);
#5424=ORIENTED_EDGE('',*,*,#5395,.F.);
#5425=ORIENTED_EDGE('',*,*,#3626,.F.);
#5426=ORIENTED_EDGE('',*,*,#3843,.T.);
#5427=ORIENTED_EDGE('',*,*,#4033,.F.);
#5428=ORIENTED_EDGE('',*,*,#4319,.T.);
#5429=EDGE_LOOP('',(#5409,#5410,#5411,#5417,#5423,#5424,#5425,#5426,#5427,#5428));
#5430=FACE_OUTER_BOUND('',#5429,.T.);
#5431=ORIENTED_EDGE('',*,*,#2850,.T.);
#5432=ORIENTED_EDGE('',*,*,#2452,.T.);
#5433=ORIENTED_EDGE('',*,*,#2624,.T.);
#5434=ORIENTED_EDGE('',*,*,#2190,.T.);
#5435=EDGE_LOOP('',(#5431,#5432,#5433,#5434));
#5436=FACE_BOUND('',#5435,.T.);
#5437=ADVANCED_FACE('',(#5430,#5436),#5408,.T.);
#5438=CARTESIAN_POINT('',(-0.098425196850394,0.049212598425197,-0.018700787401575));
#5439=DIRECTION('',(0.0,0.0,1.0));
#5440=DIRECTION('',(0.0,-1.0,0.0));
#5441=AXIS2_PLACEMENT_3D('',#5438,#5439,#5440);
#5442=CYLINDRICAL_SURFACE('',#5441,0.019685039370079);
#5443=ORIENTED_EDGE('',*,*,#5284,.T.);
#5444=ORIENTED_EDGE('',*,*,#5123,.T.);
#5445=ORIENTED_EDGE('',*,*,#5074,.F.);
#5446=ORIENTED_EDGE('',*,*,#5416,.T.);
#5447=ORIENTED_EDGE('',*,*,#3568,.T.);
#5448=EDGE_LOOP('',(#5443,#5444,#5445,#5446,#5447));
#5449=FACE_OUTER_BOUND('',#5448,.T.);
#5450=ADVANCED_FACE('',(#5449),#5442,.T.);
#5451=CARTESIAN_POINT('',(-0.129921259842519,-0.075787401574804,0.0));
#5452=DIRECTION('',(0.0,0.0,1.0));
#5453=DIRECTION('',(1.0,0.0,0.0));
#5454=AXIS2_PLACEMENT_3D('',#5451,#5452,#5453);
#5455=PLANE('',#5454);
#5456=ORIENTED_EDGE('',*,*,#4816,.T.);
#5457=ORIENTED_EDGE('',*,*,#5422,.T.);
#5458=ORIENTED_EDGE('',*,*,#5068,.T.);
#5459=ORIENTED_EDGE('',*,*,#5104,.T.);
#5460=ORIENTED_EDGE('',*,*,#5276,.T.);
#5461=ORIENTED_EDGE('',*,*,#4972,.T.);
#5462=ORIENTED_EDGE('',*,*,#5008,.T.);
#5463=ORIENTED_EDGE('',*,*,#5326,.T.);
#5464=ORIENTED_EDGE('',*,*,#4876,.T.);
#5465=ORIENTED_EDGE('',*,*,#4912,.T.);
#5466=ORIENTED_EDGE('',*,*,#5377,.T.);
#5467=ORIENTED_EDGE('',*,*,#4780,.T.);
#5468=EDGE_LOOP('',(#5456,#5457,#5458,#5459,#5460,#5461,#5462,#5463,#5464,#5465,#5466,#5467));
#5469=FACE_OUTER_BOUND('',#5468,.T.);
#5470=ORIENTED_EDGE('',*,*,#4372,.T.);
#5471=ORIENTED_EDGE('',*,*,#4461,.T.);
#5472=ORIENTED_EDGE('',*,*,#4434,.T.);
#5473=ORIENTED_EDGE('',*,*,#4403,.T.);
#5474=EDGE_LOOP('',(#5470,#5471,#5472,#5473));
#5475=FACE_BOUND('',#5474,.T.);
#5476=ORIENTED_EDGE('',*,*,#4508,.T.);
#5477=ORIENTED_EDGE('',*,*,#4597,.T.);
#5478=ORIENTED_EDGE('',*,*,#4570,.T.);
#5479=ORIENTED_EDGE('',*,*,#4539,.T.);
#5480=EDGE_LOOP('',(#5476,#5477,#5478,#5479));
#5481=FACE_BOUND('',#5480,.T.);
#5482=ORIENTED_EDGE('',*,*,#4644,.T.);
#5483=ORIENTED_EDGE('',*,*,#4733,.T.);
#5484=ORIENTED_EDGE('',*,*,#4706,.T.);
#5485=ORIENTED_EDGE('',*,*,#4675,.T.);
#5486=EDGE_LOOP('',(#5482,#5483,#5484,#5485));
#5487=FACE_BOUND('',#5486,.T.);
#5488=ADVANCED_FACE('',(#5469,#5475,#5481,#5487),#5455,.F.);
#5489=CLOSED_SHELL('',(#196,#277,#309,#351,#446,#572,#607,#642,#677,#712,#734,#766,#788,#820,#842,#874,#896,#928,#945,#962,#974,#991,#1008,#1048,#1079,#1110,#1132,#1154,#1196,#1236,#1276,#1293,#1331,#1348,#1365,#1382,#1404,#1421,#1438,#1455,#1467,#1489,#1506,#1518,#1530,#1611,#1633,#1665,#1695,#1727,#1757,#1838,#1870,#1892,#1924,#1948,#1973,#1997,#2021,#2045,#2069,#2086,#2122,#2176,#2336,#2367,#2407,#2438,#2582,#2606,#2628,#2645,#2662,#2679,#2696,#2713,#2725,#2737,#2754,#2771,#2788,#2805,#2822,#2839,#2856,#3016,#3047,#3087,#3118,#3262,#3286,#3308,#3325,#3342,#3359,#3376,#3393,#3405,#3417,#3434,#3451,#3468,#3485,#3502,#3519,#3536,#3746,#3768,#3787,#3804,#3816,#3847,#3872,#3896,#3921,#3945,#3978,#4009,#4020,#4051,#4062,#4104,#4144,#4161,#4201,#4218,#4240,#4257,#4274,#4291,#4308,#4325,#4342,#4382,#4413,#4444,#4466,#4478,#4518,#4549,#4580,#4602,#4614,#4654,#4685,#4716,#4738,#4750,#4790,#4821,#4846,#4886,#4917,#4942,#4982,#5013,#5038,#5078,#5109,#5134,#5173,#5197,#5229,#5246,#5258,#5289,#5307,#5341,#5359,#5385,#5403,#5437,#5450,#5488));
#5490=MANIFOLD_SOLID_BREP('',#5489);
#5491=COLOUR_RGB('',0.75,0.75,0.75);
#5492=FILL_AREA_STYLE_COLOUR('',#5491);
#5493=FILL_AREA_STYLE('',(#5492));
#5494=SURFACE_STYLE_FILL_AREA(#5493);
#5495=SURFACE_SIDE_STYLE('',(#5494));
#5496=SURFACE_STYLE_USAGE(.BOTH.,#5495);
#5497=PRESENTATION_STYLE_ASSIGNMENT((#5496));
#5498=STYLED_ITEM('',(#5497),#5490);
#5499=MECHANICAL_DESIGN_GEOMETRIC_PRESENTATION_REPRESENTATION('',(#5498),#123);
#5500=ADVANCED_BREP_SHAPE_REPRESENTATION('ABSR',(#5490),#123);
#5501=SHAPE_REPRESENTATION_RELATIONSHIP('SRR','None',#5500,#128);
ENDSEC;
END-ISO-10303-21;
